Id,Label,timeset,type,type2,color,Degree,Weighted Degree,eigencentrality,Eccentricity,closnesscentrality,harmonicclosnesscentrality,betweenesscentrality
左拉(1945),左拉,,author,author,"#B4B4B4",187,9480,0.480536,2,0.550134,0.591131,0
黄炎培(1945),黄炎培,,author,author,"#B4B4B4",488,5513,0.748153,2,0.65601,0.737817,18080.869953
新命(1945),新命,,author,author,"#B4B4B4",190,7383,0.389869,3,0.532434,0.582034,0
努生(1945),努生,,author,author,"#B4B4B4",222,4956,0.273333,2,0.560656,0.608187,1005.841694
郑振铎(1945),郑振铎,,author,author,"#B4B4B4",357,8664,0.641283,2,0.60531,0.673977,4672.081256
阿尔古斯(1945),阿尔古斯,,author,author,"#B4B4B4",264,5037,0.347201,2,0.573826,0.628655,4787.867637
昭抡(1945),昭抡,,author,author,"#B4B4B4",133,4389,0.1612,2,0.534653,0.564815,0
俞颂华(1945),俞颂华,,author,author,"#B4B4B4",317,3401,0.552925,2,0.591354,0.654483,11276.3685
丰子恺(1945),丰子恺,,author,author,"#B4B4B4",187,5280,0.480536,2,0.550134,0.591131,0
张文伯(1945),张文伯,,author,author,"#B4B4B4",190,5248,0.389869,3,0.532434,0.582034,0
陶行知(1945),陶行知,,author,author,"#B4B4B4",369,3430,0.691987,2,0.609626,0.679825,2196.233432
梁公任(1945),梁公任,,author,author,"#B4B4B4",92,2340,0.070194,3,0.472593,0.510559,0
景宋(1945),景宋,,author,author,"#B4B4B4",385,4102,0.702996,2,0.615477,0.687622,4858.985561
蒲岗(1945),蒲岗,,author,author,"#B4B4B4",104,2046,0.132534,3,0.490674,0.527453,0
守巧夫(1945),守巧夫,,author,author,"#B4B4B4",140,2286,0.15466,3,0.506917,0.550032,0
尊闻(1945),尊闻,,author,author,"#B4B4B4",104,1692,0.132534,3,0.490674,0.527453,0
秦柳方(1945),秦柳方,,author,author,"#B4B4B4",216,1833,0.263861,2,0.558824,0.605263,2934.907964
米谷(1945),米谷,,author,author,"#B4B4B4",140,2286,0.15466,3,0.506917,0.550032,0
郭沫若(1945),郭沫若,,author,author,"#B4B4B4",466,3613,0.766537,2,0.64691,0.727096,20921.948523
钱穆(1945),钱穆,,author,author,"#B4B4B4",190,3015,0.389869,3,0.532434,0.582034,0
史大林(1945),史大林,,author,author,"#B4B4B4",140,2040,0.15466,3,0.506917,0.550032,0
周建人(1945),周建人,,author,author,"#B4B4B4",273,3217,0.553906,2,0.576728,0.633041,1079.9713
平心(1945),平心,,author,author,"#B4B4B4",409,3162,0.687203,2,0.624467,0.699318,10582.370457
施维卓夫(1945),施维卓夫,,author,author,"#B4B4B4",140,2040,0.15466,3,0.506917,0.550032,0
王新命(1945),王新命,,author,author,"#B4B4B4",190,2688,0.389869,3,0.532434,0.582034,0
董秋斯(1945),董秋斯,,author,author,"#B4B4B4",104,1512,0.132534,3,0.490674,0.527453,0
右民(1945),右民,,author,author,"#B4B4B4",190,2359,0.389869,3,0.532434,0.582034,0
建人(1945),建人,,author,author,"#B4B4B4",190,2359,0.389869,3,0.532434,0.582034,0
引流(1945),引流,,author,author,"#B4B4B4",92,1302,0.070194,3,0.472593,0.510559,0
石啸冲(1945),石啸冲,,author,author,"#B4B4B4",165,583,0.219206,2,0.54372,0.580409,1344.453285
伊戈斯(1945),伊戈斯,,author,author,"#B4B4B4",264,1719,0.347201,2,0.573826,0.628655,4787.867637
孟南(1945),孟南,,author,author,"#B4B4B4",251,1816,0.343181,2,0.569684,0.62232,1130.999913
杨明(1945),杨明,,author,author,"#B4B4B4",234,1395,0.2836,2,0.564356,0.614035,3053.930671
罗隆基(1945),罗隆基,,author,author,"#B4B4B4",322,1788,0.414909,2,0.593064,0.65692,2339.141868
胡春冰(1945),胡春冰,,author,author,"#B4B4B4",318,2205,0.594528,2,0.591696,0.654971,20781.048223
蒋炳贤(1945),蒋炳贤,,author,author,"#B4B4B4",190,2028,0.389869,3,0.532434,0.582034,0
费孝通(1945),费孝通,,author,author,"#B4B4B4",251,1641,0.343181,2,0.569684,0.62232,1130.999913
邓初民(1945),邓初民,,author,author,"#B4B4B4",470,2640,0.477619,2,0.648546,0.729045,24217.010928
钱纳水(1945),钱纳水,,author,author,"#B4B4B4",190,2028,0.389869,3,0.532434,0.582034,0
马叙伦(1945),马叙伦,,author,author,"#B4B4B4",273,3186,0.553906,2,0.576728,0.633041,1079.9713
Pen(1945),Pen,,author,author,"#B4B4B4",140,1290,0.15466,3,0.506917,0.550032,0
加里宁(1945),加里宁,,author,author,"#B4B4B4",140,1290,0.15466,3,0.506917,0.550032,0
叶青(1945),叶青,,author,author,"#B4B4B4",190,1695,0.389869,3,0.532434,0.582034,0
吴晗(1945),吴晗,,author,author,"#B4B4B4",133,1225,0.1612,2,0.534653,0.564815,0
小鱼(1945),小鱼,,author,author,"#B4B4B4",221,1189,0.223283,2,0.56035,0.6077,2368.605828
思慕(1945),思慕,,author,author,"#B4B4B4",251,1402,0.343181,2,0.569684,0.62232,1130.999913
曹聚仁(1945),曹聚仁,,author,author,"#B4B4B4",187,1705,0.480536,2,0.550134,0.591131,0
杨卫玉(1945),杨卫玉,,author,author,"#B4B4B4",92,940,0.070194,3,0.472593,0.510559,0
柳宗元(1945),柳宗元,,author,author,"#B4B4B4",187,1705,0.480536,2,0.550134,0.591131,0
珂田(1945),珂田,,author,author,"#B4B4B4",187,1705,0.480536,2,0.550134,0.591131,0
翦伯赞(1945),翦伯赞,,author,author,"#B4B4B4",237,594,0.301716,2,0.565289,0.615497,2699.959124
胡曲园(1945),胡曲园,,author,author,"#B4B4B4",187,1705,0.480536,2,0.550134,0.591131,0
蒋君章(1945),蒋君章,,author,author,"#B4B4B4",190,1695,0.389869,3,0.532434,0.582034,0
许师愼(1945),许师愼,,author,author,"#B4B4B4",190,1695,0.389869,3,0.532434,0.582034,0
郑学稼(1945),郑学稼,,author,author,"#B4B4B4",190,1695,0.389869,3,0.532434,0.582034,0
郭寿生(1945),郭寿生,,author,author,"#B4B4B4",190,1695,0.389869,3,0.532434,0.582034,0
陶伯(1945),陶伯,,author,author,"#B4B4B4",128,865,0.207667,2,0.533264,0.562378,0
黄义本(1945),黄义本,,author,author,"#B4B4B4",190,1695,0.389869,3,0.532434,0.582034,0
齐纬(1945),齐纬,,author,author,"#B4B4B4",92,940,0.070194,3,0.472593,0.510559,0
龚德柏(1945),龚德柏,,author,author,"#B4B4B4",190,1695,0.389869,3,0.532434,0.582034,0
严延(1945),严延,,author,author,"#B4B4B4",37,220,0.018897,3,0.450197,0.475146,0
伯侨(1945),伯侨,,author,author,"#B4B4B4",190,1360,0.389869,3,0.532434,0.582034,0
光未然(1945),光未然,,author,author,"#B4B4B4",133,984,0.1612,2,0.534653,0.564815,0
克士(1945),克士,,author,author,"#B4B4B4",273,1117,0.553906,2,0.576728,0.633041,1079.9713
君山(1945),君山,,author,author,"#B4B4B4",133,984,0.1612,2,0.534653,0.564815,0
张一凡(1945),张一凡,,author,author,"#B4B4B4",409,1722,0.687203,2,0.624467,0.699318,10582.370457
张礼千(1945),张礼千,,author,author,"#B4B4B4",92,756,0.070194,3,0.472593,0.510559,0
戈尔巴朵夫(1945),戈尔巴朵夫,,author,author,"#B4B4B4",140,1036,0.15466,3,0.506917,0.550032,0
曾资生(1945),曾资生,,author,author,"#B4B4B4",190,1360,0.389869,3,0.532434,0.582034,0
李翼民(1945),李翼民,,author,author,"#B4B4B4",190,1360,0.389869,3,0.532434,0.582034,0
澹庐(1945),澹庐,,author,author,"#B4B4B4",92,756,0.070194,3,0.472593,0.510559,0
王立果(1945),王立果,,author,author,"#B4B4B4",133,984,0.1612,2,0.534653,0.564815,0
百辞(1945),百辞,,author,author,"#B4B4B4",205,753,0.294717,2,0.555495,0.599903,352.735125
章伯钧(1945),章伯钧,,author,author,"#B4B4B4",273,928,0.312352,2,0.576728,0.633041,5690.530322
端木蕻良(1945),端木蕻良,,author,author,"#B4B4B4",128,696,0.207667,2,0.533264,0.562378,0
米哈伊洛夫(1945),米哈伊洛夫,,author,author,"#B4B4B4",140,1036,0.15466,3,0.506917,0.550032,0
索非(1945),索非,,author,author,"#B4B4B4",273,1564,0.553906,2,0.576728,0.633041,1079.9713
罗稷南(1945),罗稷南,,author,author,"#B4B4B4",273,1117,0.553906,2,0.576728,0.633041,1079.9713
罗西(1945),罗西,,author,author,"#B4B4B4",234,1180,0.2836,2,0.564356,0.614035,3053.930671
翁逸之(1945),翁逸之,,author,author,"#B4B4B4",187,1368,0.480536,2,0.550134,0.591131,0
胡钊(1945),胡钊,,author,author,"#B4B4B4",221,1176,0.223283,2,0.56035,0.6077,2368.605828
茅盾(1945),茅盾,,author,author,"#B4B4B4",453,1809,0.740342,2,0.641651,0.72076,10684.228349
萧萧(1945),萧萧,,author,author,"#B4B4B4",128,696,0.207667,2,0.533264,0.562378,0
许若明(1945),许若明,,author,author,"#B4B4B4",187,1368,0.480536,2,0.550134,0.591131,0
邵翰齐(1945),邵翰齐,,author,author,"#B4B4B4",187,1368,0.480536,2,0.550134,0.591131,0
陈正飞(1945),陈正飞,,author,author,"#B4B4B4",37,220,0.018897,3,0.450197,0.475146,0
陶大镛(1945),陶大镛,,author,author,"#B4B4B4",92,756,0.070194,3,0.472593,0.510559,0
高尔基(1945),高尔基,,author,author,"#B4B4B4",140,1036,0.15466,3,0.506917,0.550032,0
丁聪(1945),丁聪,,author,author,"#B4B4B4",187,1029,0.480536,2,0.550134,0.591131,0
丘斌存(1945),丘斌存,,author,author,"#B4B4B4",190,1023,0.389869,3,0.532434,0.582034,0
严景耀(1945),严景耀,,author,author,"#B4B4B4",104,582,0.132534,3,0.490674,0.527453,0
乔木(1945),乔木,,author,author,"#B4B4B4",128,525,0.207667,2,0.533264,0.562378,0
于友(1945),于友,,author,author,"#B4B4B4",128,525,0.207667,2,0.533264,0.562378,0
勃拉尼克(1945),勃拉尼克,,author,author,"#B4B4B4",140,780,0.15466,3,0.506917,0.550032,0
叶靑(1945),叶靑,,author,author,"#B4B4B4",190,1023,0.389869,3,0.532434,0.582034,0
周新民(1945),周新民,,author,author,"#B4B4B4",133,741,0.1612,2,0.534653,0.564815,0
唐言(1945),唐言,,author,author,"#B4B4B4",37,168,0.018897,3,0.450197,0.475146,0
子冈(1945),子冈,,author,author,"#B4B4B4",133,741,0.1612,2,0.534653,0.564815,0
守仁(1945),守仁,,author,author,"#B4B4B4",190,1023,0.389869,3,0.532434,0.582034,0
巴斯金(1945),巴斯金,,author,author,"#B4B4B4",140,780,0.15466,3,0.506917,0.550032,0
师陀(1945),师陀,,author,author,"#B4B4B4",273,1225,0.553906,2,0.576728,0.633041,1079.9713
库尔干诺夫(1945),库尔干诺夫,,author,author,"#B4B4B4",140,780,0.15466,3,0.506917,0.550032,0
张大任(1945),张大任,,author,author,"#B4B4B4",187,1029,0.480536,2,0.550134,0.591131,0
愚公(1945),愚公,,author,author,"#B4B4B4",97,435,0.137805,2,0.524808,0.547271,0
戚礼朴(1945),戚礼朴,,author,author,"#B4B4B4",140,780,0.15466,3,0.506917,0.550032,0
晓歌(1945),晓歌,,author,author,"#B4B4B4",187,1029,0.480536,2,0.550134,0.591131,0
曾昭抡(1945),曾昭抡,,author,author,"#B4B4B4",222,888,0.273333,2,0.560656,0.608187,1005.841694
李兆安(1945),李兆安,,author,author,"#B4B4B4",104,582,0.132534,3,0.490674,0.527453,0
杨槐(1945),杨槐,,author,author,"#B4B4B4",190,1023,0.389869,3,0.532434,0.582034,0
查斯拉夫斯基(1945),查斯拉夫斯基,,author,author,"#B4B4B4",140,780,0.15466,3,0.506917,0.550032,0
柯马洛夫(1945),柯马洛夫,,author,author,"#B4B4B4",140,780,0.15466,3,0.506917,0.550032,0
柳亚子(1945),柳亚子,,author,author,"#B4B4B4",699,2348,1,2,0.758315,0.840643,54192.361831
楚图南(1945),楚图南,,author,author,"#B4B4B4",251,918,0.343181,2,0.569684,0.62232,1130.999913
毅生(1945),毅生,,author,author,"#B4B4B4",44,186,0.026902,3,0.426789,0.457115,0
求思(1945),求思,,author,author,"#B4B4B4",104,582,0.132534,3,0.490674,0.527453,0
沈志远(1945),沈志远,,author,author,"#B4B4B4",394,1378,0.697124,2,0.618818,0.692008,5487.499473
洪深(1945),洪深,,author,author,"#B4B4B4",128,525,0.207667,2,0.533264,0.562378,0
源天(1945),源天,,author,author,"#B4B4B4",128,525,0.207667,2,0.533264,0.562378,0
潮声(1945),潮声,,author,author,"#B4B4B4",92,570,0.070194,3,0.472593,0.510559,0
爱伦堡(1945),爱伦堡,,author,author,"#B4B4B4",140,780,0.15466,3,0.506917,0.550032,0
王少燕(1945),王少燕,,author,author,"#B4B4B4",97,435,0.137805,2,0.524808,0.547271,0
祝世康(1945),祝世康,,author,author,"#B4B4B4",128,360,0.085783,3,0.511976,0.549383,2234.906803
秋斯(1945),秋斯,,author,author,"#B4B4B4",104,582,0.132534,3,0.490674,0.527453,0
粟显运(1945),粟显运,,author,author,"#B4B4B4",190,1023,0.389869,3,0.532434,0.582034,0
绀弩(1945),绀弩,,author,author,"#B4B4B4",229,721,0.325639,2,0.562809,0.611598,3046.175968
罗加正(1945),罗加正,,author,author,"#B4B4B4",44,186,0.026902,3,0.426789,0.457115,0
罗曼(1945),罗曼,,author,author,"#B4B4B4",140,780,0.15466,3,0.506917,0.550032,0
罗涵先(1945),罗涵先,,author,author,"#B4B4B4",97,435,0.137805,2,0.524808,0.547271,0
肥遯(1945),肥遯,,author,author,"#B4B4B4",97,435,0.137805,2,0.524808,0.547271,0
胡毅(1945),胡毅,,author,author,"#B4B4B4",133,741,0.1612,2,0.534653,0.564815,0
若愚(1945),若愚,,author,author,"#B4B4B4",97,435,0.137805,2,0.524808,0.547271,0
范华农(1945),范华农,,author,author,"#B4B4B4",97,435,0.137805,2,0.524808,0.547271,0
荒烟(1945),荒烟,,author,author,"#B4B4B4",128,525,0.207667,2,0.533264,0.562378,0
莫斯(1945),莫斯,,author,author,"#B4B4B4",140,780,0.15466,3,0.506917,0.550032,0
葛洛斯曼(1945),葛洛斯曼,,author,author,"#B4B4B4",140,780,0.15466,3,0.506917,0.550032,0
西蒙诺夫(1945),西蒙诺夫,,author,author,"#B4B4B4",140,780,0.15466,3,0.506917,0.550032,0
迈之(1945),迈之,,author,author,"#B4B4B4",133,741,0.1612,2,0.534653,0.564815,0
郭绍虞(1945),郭绍虞,,author,author,"#B4B4B4",273,927,0.553906,2,0.576728,0.633041,1079.9713
问梁(1945),问梁,,author,author,"#B4B4B4",92,570,0.070194,3,0.472593,0.510559,0
静远(1945),静远,,author,author,"#B4B4B4",187,1029,0.480536,2,0.550134,0.591131,0
顾均正(1945),顾均正,,author,author,"#B4B4B4",187,1029,0.480536,2,0.550134,0.591131,0
马丁(1945),马丁,,author,author,"#B4B4B4",187,1029,0.480536,2,0.550134,0.591131,0
高克奇(1945),高克奇,,author,author,"#B4B4B4",97,435,0.137805,2,0.524808,0.547271,0
黄巨兴(1945),黄巨兴,,author,author,"#B4B4B4",133,741,0.1612,2,0.534653,0.564815,0
黄洛(1945),黄洛,,author,author,"#B4B4B4",190,1023,0.389869,3,0.532434,0.582034,0
黄茅(1945),黄茅,,author,author,"#B4B4B4",128,525,0.207667,2,0.533264,0.562378,0
黄裳(1945),黄裳,,author,author,"#B4B4B4",187,1029,0.480536,2,0.550134,0.591131,0
一民(1945),一民,,author,author,"#B4B4B4",187,688,0.480536,2,0.550134,0.591131,0
上官青(1945),上官青,,author,author,"#B4B4B4",190,684,0.389869,3,0.532434,0.582034,0
严景曜(1945),严景曜,,author,author,"#B4B4B4",104,390,0.132534,3,0.490674,0.527453,0
于彦胜(1945),于彦胜,,author,author,"#B4B4B4",190,684,0.389869,3,0.532434,0.582034,0
亚槐(1945),亚槐,,author,author,"#B4B4B4",104,390,0.132534,3,0.490674,0.527453,0
伊巴鲁里(1945),伊巴鲁里,,author,author,"#B4B4B4",140,522,0.15466,3,0.506917,0.550032,0
元璧(1945),元璧,,author,author,"#B4B4B4",190,684,0.389869,3,0.532434,0.582034,0
光年(1945),光年,,author,author,"#B4B4B4",133,496,0.1612,2,0.534653,0.564815,0
克年席夫(1945),克年席夫,,author,author,"#B4B4B4",190,684,0.389869,3,0.532434,0.582034,0
其良(1945),其良,,author,author,"#B4B4B4",133,496,0.1612,2,0.534653,0.564815,0
农慕之(1945),农慕之,,author,author,"#B4B4B4",251,673,0.343181,2,0.569684,0.62232,1130.999913
冬予里(1945),冬予里,,author,author,"#B4B4B4",133,496,0.1612,2,0.534653,0.564815,0
冯玉祥(1945),冯玉祥,,author,author,"#B4B4B4",459,1178,0.944673,2,0.644068,0.723684,25964.141109
凤子(1945),凤子,,author,author,"#B4B4B4",187,688,0.480536,2,0.550134,0.591131,0
刘逸(1945),刘逸,,author,author,"#B4B4B4",44,126,0.026902,3,0.426789,0.457115,0
刘铁华(1945),刘铁华,,author,author,"#B4B4B4",273,1078,0.553906,2,0.576728,0.633041,1079.9713
力扬(1945),力扬,,author,author,"#B4B4B4",271,835,0.567913,2,0.576081,0.632066,910.968777
千里(1945),千里,,author,author,"#B4B4B4",92,382,0.070194,3,0.472593,0.510559,0
华心(1945),华心,,author,author,"#B4B4B4",133,496,0.1612,2,0.534653,0.564815,0
华阳(1945),华阳,,author,author,"#B4B4B4",133,496,0.1612,2,0.534653,0.564815,0
卢蕻(1945),卢蕻,,author,author,"#B4B4B4",133,496,0.1612,2,0.534653,0.564815,0
史米尔诺夫(1945),史米尔诺夫,,author,author,"#B4B4B4",140,522,0.15466,3,0.506917,0.550032,0
史迁宾(1945),史迁宾,,author,author,"#B4B4B4",140,522,0.15466,3,0.506917,0.550032,0
叶圣陶(1945),叶圣陶,,author,author,"#B4B4B4",454,1208,0.763569,2,0.642053,0.721248,8050.965535
吴斐丹(1945),吴斐丹,,author,author,"#B4B4B4",92,382,0.070194,3,0.472593,0.510559,0
吴清友(1945),吴清友,,author,author,"#B4B4B4",184,529,0.193208,2,0.549251,0.589669,1469.845735
吴约翰(1945),吴约翰,,author,author,"#B4B4B4",190,684,0.389869,3,0.532434,0.582034,0
吴铁城(1945),吴铁城,,author,author,"#B4B4B4",190,684,0.389869,3,0.532434,0.582034,0
周予同(1945),周予同,,author,author,"#B4B4B4",187,688,0.480536,2,0.550134,0.591131,0
周伯棣(1945),周伯棣,,author,author,"#B4B4B4",92,382,0.070194,3,0.472593,0.510559,0
周敦礼(1945),周敦礼,,author,author,"#B4B4B4",190,684,0.389869,3,0.532434,0.582034,0
周谷城(1945),周谷城,,author,author,"#B4B4B4",37,114,0.018897,3,0.450197,0.475146,0
嘉喜善(1945),嘉喜善,,author,author,"#B4B4B4",140,522,0.15466,3,0.506917,0.550032,0
夏衍(1945),夏衍,,author,author,"#B4B4B4",300,865,0.631414,2,0.585616,0.646199,1076.858937
外卢(1945),外卢,,author,author,"#B4B4B4",37,114,0.018897,3,0.450197,0.475146,0
夷初(1945),夷初,,author,author,"#B4B4B4",187,688,0.480536,2,0.550134,0.591131,0
奥勃拉齐卓夫(1945),奥勃拉齐卓夫,,author,author,"#B4B4B4",140,522,0.15466,3,0.506917,0.550032,0
奴齐(1945),奴齐,,author,author,"#B4B4B4",104,390,0.132534,3,0.490674,0.527453,0
娄立齐(1945),娄立齐,,author,author,"#B4B4B4",104,390,0.132534,3,0.490674,0.527453,0
子叶(1945),子叶,,author,author,"#B4B4B4",140,522,0.15466,3,0.506917,0.550032,0
子敬(1945),子敬,,author,author,"#B4B4B4",44,126,0.026902,3,0.426789,0.457115,0
孙科(1945),孙科,,author,author,"#B4B4B4",329,1206,0.536746,3,0.583618,0.654646,13459.79756
孟心坚(1945),孟心坚,,author,author,"#B4B4B4",133,496,0.1612,2,0.534653,0.564815,0
宁墨公(1945),宁墨公,,author,author,"#B4B4B4",190,684,0.389869,3,0.532434,0.582034,0
宋孟桃(1945),宋孟桃,,author,author,"#B4B4B4",190,684,0.389869,3,0.532434,0.582034,0
宾符(1945),宾符,,author,author,"#B4B4B4",104,390,0.132534,3,0.490674,0.527453,0
尚丁(1945),尚丁,,author,author,"#B4B4B4",92,382,0.070194,3,0.472593,0.510559,0
居正(1945),居正,,author,author,"#B4B4B4",190,684,0.389869,3,0.532434,0.582034,0
屠西(1945),屠西,,author,author,"#B4B4B4",271,637,0.567913,2,0.576081,0.632066,910.968777
巴金(1945),巴金,,author,author,"#B4B4B4",187,688,0.480536,2,0.550134,0.591131,0
张勉(1945),张勉,,author,author,"#B4B4B4",190,684,0.389869,3,0.532434,0.582034,0
张子毅(1945),张子毅,,author,author,"#B4B4B4",133,496,0.1612,2,0.534653,0.564815,0
张澜(1945),张澜,,author,author,"#B4B4B4",187,688,0.480536,2,0.550134,0.591131,0
张申府(1945),张申府,,author,author,"#B4B4B4",326,900,0.356422,2,0.594438,0.658869,7800.729762
张若达(1945),张若达,,author,author,"#B4B4B4",300,865,0.631414,2,0.585616,0.646199,1076.858937
徐植(1945),徐植,,author,author,"#B4B4B4",133,496,0.1612,2,0.534653,0.564815,0
拾风(1945),拾风,,author,author,"#B4B4B4",187,688,0.480536,2,0.550134,0.591131,0
施坦因(1945),施坦因,,author,author,"#B4B4B4",140,522,0.15466,3,0.506917,0.550032,0
曹刚(1945),曹刚,,author,author,"#B4B4B4",316,841,0.622988,2,0.591014,0.653996,3715.760014
曹萝阳(1945),曹萝阳,,author,author,"#B4B4B4",133,496,0.1612,2,0.534653,0.564815,0
李公樸(1945),李公樸,,author,author,"#B4B4B4",205,644,0.294717,2,0.555495,0.599903,352.735125
李凌飞(1945),李凌飞,,author,author,"#B4B4B4",92,382,0.070194,3,0.472593,0.510559,0
李及(1945),李及,,author,author,"#B4B4B4",97,292,0.137805,2,0.524808,0.547271,0
李战林(1945),李战林,,author,author,"#B4B4B4",44,126,0.026902,3,0.426789,0.457115,0
李玄伯(1945),李玄伯,,author,author,"#B4B4B4",273,735,0.553906,2,0.576728,0.633041,1079.9713
李鼎芳(1945),李鼎芳,,author,author,"#B4B4B4",190,684,0.389869,3,0.532434,0.582034,0
杨保民(1945),杨保民,,author,author,"#B4B4B4",190,684,0.389869,3,0.532434,0.582034,0
杨先义(1945),杨先义,,author,author,"#B4B4B4",190,684,0.389869,3,0.532434,0.582034,0
杨刚(1945),杨刚,,author,author,"#B4B4B4",187,688,0.480536,2,0.550134,0.591131,0
林植(1945),林植,,author,author,"#B4B4B4",190,684,0.389869,3,0.532434,0.582034,0
柏寒(1945),柏寒,,author,author,"#B4B4B4",133,496,0.1612,2,0.534653,0.564815,0
柳诒(1945),柳诒,,author,author,"#B4B4B4",44,126,0.026902,3,0.426789,0.457115,0
梁漱溟(1945),梁漱溟,,author,author,"#B4B4B4",97,292,0.137805,2,0.524808,0.547271,0
毕尔伏玛依斯基(1945),毕尔伏玛依斯基,,author,author,"#B4B4B4",140,522,0.15466,3,0.506917,0.550032,0
沈涛(1945),沈涛,,author,author,"#B4B4B4",187,688,0.480536,2,0.550134,0.591131,0
沙柯(1945),沙柯,,author,author,"#B4B4B4",128,352,0.207667,2,0.533264,0.562378,0
沙清泉(1945),沙清泉,,author,author,"#B4B4B4",128,352,0.207667,2,0.533264,0.562378,0
波克希雪夫斯基(1945),波克希雪夫斯基,,author,author,"#B4B4B4",140,522,0.15466,3,0.506917,0.550032,0
波列伏伊(1945),波列伏伊,,author,author,"#B4B4B4",140,522,0.15466,3,0.506917,0.550032,0
洛扬(1945),洛扬,,author,author,"#B4B4B4",133,496,0.1612,2,0.534653,0.564815,0
熊佛西(1945),熊佛西,,author,author,"#B4B4B4",128,352,0.207667,2,0.533264,0.562378,0
燕士(1945),燕士,,author,author,"#B4B4B4",97,292,0.137805,2,0.524808,0.547271,0
王以中(1945),王以中,,author,author,"#B4B4B4",104,390,0.132534,3,0.490674,0.527453,0
王伯祥(1945),王伯祥,,author,author,"#B4B4B4",273,884,0.553906,2,0.576728,0.633041,1079.9713
王沿津(1945),王沿津,,author,author,"#B4B4B4",92,382,0.070194,3,0.472593,0.510559,0
王良嘉(1945),王良嘉,,author,author,"#B4B4B4",190,684,0.389869,3,0.532434,0.582034,0
王铁华(1945),王铁华,,author,author,"#B4B4B4",187,688,0.480536,2,0.550134,0.591131,0
田汉(1945),田汉,,author,author,"#B4B4B4",128,352,0.207667,2,0.533264,0.562378,0
秦牧(1945),秦牧,,author,author,"#B4B4B4",128,352,0.207667,2,0.533264,0.562378,0
端木泉(1945),端木泉,,author,author,"#B4B4B4",104,390,0.132534,3,0.490674,0.527453,0
米尔尼柯夫(1945),米尔尼柯夫,,author,author,"#B4B4B4",140,522,0.15466,3,0.506917,0.550032,0
维希聂夫斯基(1945),维希聂夫斯基,,author,author,"#B4B4B4",140,522,0.15466,3,0.506917,0.550032,0
胡剑(1945),胡剑,,author,author,"#B4B4B4",234,692,0.2836,2,0.564356,0.614035,3053.930671
胡秋原(1945),胡秋原,,author,author,"#B4B4B4",190,684,0.389869,3,0.532434,0.582034,0
臧克家(1945),臧克家,,author,author,"#B4B4B4",128,352,0.207667,2,0.533264,0.562378,0
艾秋飙(1945),艾秋飙,,author,author,"#B4B4B4",133,496,0.1612,2,0.534653,0.564815,0
苏尔(1945),苏尔,,author,author,"#B4B4B4",140,522,0.15466,3,0.506917,0.550032,0
苏尔齐伯格(1945),苏尔齐伯格,,author,author,"#B4B4B4",44,126,0.026902,3,0.426789,0.457115,0
范蕙(1945),范蕙,,author,author,"#B4B4B4",187,688,0.480536,2,0.550134,0.591131,0
萧明(1945),萧明,,author,author,"#B4B4B4",97,292,0.137805,2,0.524808,0.547271,0
葛罗宾(1945),葛罗宾,,author,author,"#B4B4B4",140,522,0.15466,3,0.506917,0.550032,0
葭水(1945),葭水,,author,author,"#B4B4B4",187,688,0.480536,2,0.550134,0.591131,0
袁水拍(1945),袁水拍,,author,author,"#B4B4B4",128,352,0.207667,2,0.533264,0.562378,0
袁西华(1945),袁西华,,author,author,"#B4B4B4",133,496,0.1612,2,0.534653,0.564815,0
裘维瑛(1945),裘维瑛,,author,author,"#B4B4B4",190,684,0.389869,3,0.532434,0.582034,0
许傑(1945),许傑,,author,author,"#B4B4B4",104,390,0.132534,3,0.490674,0.527453,0
许杰(1945),许杰,,author,author,"#B4B4B4",187,688,0.480536,2,0.550134,0.591131,0
费稳(1945),费稳,,author,author,"#B4B4B4",44,126,0.026902,3,0.426789,0.457115,0
贺依(1945),贺依,,author,author,"#B4B4B4",104,390,0.132534,3,0.490674,0.527453,0
赵兰坪(1945),赵兰坪,,author,author,"#B4B4B4",190,684,0.389869,3,0.532434,0.582034,0
赵得之(1945),赵得之,,author,author,"#B4B4B4",190,684,0.389869,3,0.532434,0.582034,0
赵铭(1945),赵铭,,author,author,"#B4B4B4",190,684,0.389869,3,0.532434,0.582034,0
达伊金(1945),达伊金,,author,author,"#B4B4B4",140,522,0.15466,3,0.506917,0.550032,0
邵力子(1945),邵力子,,author,author,"#B4B4B4",511,1210,0.991215,2,0.665801,0.749025,34648.02125
郑森禹(1945),郑森禹,,author,author,"#B4B4B4",104,390,0.132534,3,0.490674,0.527453,0
郭生(1945),郭生,,author,author,"#B4B4B4",140,522,0.15466,3,0.506917,0.550032,0
金枫(1945),金枫,,author,author,"#B4B4B4",273,884,0.553906,2,0.576728,0.633041,1079.9713
钱端升(1945),钱端升,,author,author,"#B4B4B4",251,601,0.343181,2,0.569684,0.62232,1130.999913
铁霍诺夫(1945),铁霍诺夫,,author,author,"#B4B4B4",140,522,0.15466,3,0.506917,0.550032,0
镜民(1945),镜民,,author,author,"#B4B4B4",92,382,0.070194,3,0.472593,0.510559,0
阿特拉斯(1945),阿特拉斯,,author,author,"#B4B4B4",140,522,0.15466,3,0.506917,0.550032,0
陆复初(1945),陆复初,,author,author,"#B4B4B4",190,684,0.389869,3,0.532434,0.582034,0
陆钦墀(1945),陆钦墀,,author,author,"#B4B4B4",316,841,0.622988,2,0.591014,0.653996,3715.760014
陈康成(1945),陈康成,,author,author,"#B4B4B4",133,496,0.1612,2,0.534653,0.564815,0
陈志中(1945),陈志中,,author,author,"#B4B4B4",97,292,0.137805,2,0.524808,0.547271,0
陈曦(1945),陈曦,,author,author,"#B4B4B4",92,382,0.070194,3,0.472593,0.510559,0
陈锺浩(1945),陈锺浩,,author,author,"#B4B4B4",190,684,0.389869,3,0.532434,0.582034,0
陈鼎龢(1945),陈鼎龢,,author,author,"#B4B4B4",44,126,0.026902,3,0.426789,0.457115,0
项黎(1945),项黎,,author,author,"#B4B4B4",97,292,0.137805,2,0.524808,0.547271,0
马哲民(1945),马哲民,,author,author,"#B4B4B4",97,292,0.137805,2,0.524808,0.547271,0
马超俊(1945),马超俊,,author,author,"#B4B4B4",190,684,0.389869,3,0.532434,0.582034,0
骆闻(1945),骆闻,,author,author,"#B4B4B4",97,292,0.137805,2,0.524808,0.547271,0
高尔金(1945),高尔金,,author,author,"#B4B4B4",140,522,0.15466,3,0.506917,0.550032,0
高扬(1945),高扬,,author,author,"#B4B4B4",133,496,0.1612,2,0.534653,0.564815,0
魏矢(1945),魏矢,,author,author,"#B4B4B4",44,126,0.026902,3,0.426789,0.457115,0
鲁小詹(1945),鲁小詹,,author,author,"#B4B4B4",133,496,0.1612,2,0.534653,0.564815,0
鲍乐蒂(1945),鲍乐蒂,,author,author,"#B4B4B4",187,688,0.480536,2,0.550134,0.591131,0
黄药眠(1945),黄药眠,,author,author,"#B4B4B4",133,496,0.1612,2,0.534653,0.564815,0
黎舫(1945),黎舫,,author,author,"#B4B4B4",187,688,0.480536,2,0.550134,0.591131,0
B._Ifor_Evans(1945),B._Ifor_Evans,,author,author,"#B4B4B4",190,343,0.389869,3,0.532434,0.582034,0
Bercovici，K.(1945),Bercovici，K.,,author,author,"#B4B4B4",133,249,0.1612,2,0.534653,0.564815,0
Clark，B.(1945),Clark，B.,,author,author,"#B4B4B4",187,345,0.480536,2,0.550134,0.591131,0
E.C.(1945),E.C.,,author,author,"#B4B4B4",140,262,0.15466,3,0.506917,0.550032,0
F._Geyrasi(1945),F._Geyrasi,,author,author,"#B4B4B4",37,58,0.018897,3,0.450197,0.475146,0
Francis_Sill_wickwrne(1945),Francis_Sill_wickwrne,,author,author,"#B4B4B4",190,343,0.389869,3,0.532434,0.582034,0
Hogg，P.(1945),Hogg，P.,,author,author,"#B4B4B4",133,249,0.1612,2,0.534653,0.564815,0
Kenneth_de_Coorcy(1945),Kenneth_de_Coorcy,,author,author,"#B4B4B4",190,343,0.389869,3,0.532434,0.582034,0
Lebedev-kumach，V.(1945),Lebedev-kumach，V.,,author,author,"#B4B4B4",140,262,0.15466,3,0.506917,0.550032,0
Maurice_Hinbu(1945),Maurice_Hinbu,,author,author,"#B4B4B4",190,343,0.389869,3,0.532434,0.582034,0
Mewhinnie(1945),Mewhinnie,,author,author,"#B4B4B4",190,343,0.389869,3,0.532434,0.582034,0
Milner，I.(1945),Milner，I.,,author,author,"#B4B4B4",44,64,0.026902,3,0.426789,0.457115,0
Mokrousov，B.(1945),Mokrousov，B.,,author,author,"#B4B4B4",140,262,0.15466,3,0.506917,0.550032,0
Phillis_Bentley(1945),Phillis_Bentley,,author,author,"#B4B4B4",190,343,0.389869,3,0.532434,0.582034,0
Richard_D._Moalar(1945),Richard_D._Moalar,,author,author,"#B4B4B4",190,343,0.389869,3,0.532434,0.582034,0
Stantey_Barnes(1945),Stantey_Barnes,,author,author,"#B4B4B4",190,343,0.389869,3,0.532434,0.582034,0
__塞鲁(1945),__塞鲁,,author,author,"#B4B4B4",190,343,0.389869,3,0.532434,0.582034,0
一学生(1945),一学生,,author,author,"#B4B4B4",104,196,0.132534,3,0.490674,0.527453,0
一生(1945),一生,,author,author,"#B4B4B4",104,196,0.132534,3,0.490674,0.527453,0
一记者(1945),一记者,,author,author,"#B4B4B4",128,177,0.207667,2,0.533264,0.562378,0
丁一(1945),丁一,,author,author,"#B4B4B4",92,192,0.070194,3,0.472593,0.510559,0
丁易(1945),丁易,,author,author,"#B4B4B4",133,249,0.1612,2,0.534653,0.564815,0
丁波(1945),丁波,,author,author,"#B4B4B4",128,177,0.207667,2,0.533264,0.562378,0
丁玲(1945),丁玲,,author,author,"#B4B4B4",187,345,0.480536,2,0.550134,0.591131,0
丁西林(1945),丁西林,,author,author,"#B4B4B4",187,345,0.480536,2,0.550134,0.591131,0
万影(1945),万影,,author,author,"#B4B4B4",92,192,0.070194,3,0.472593,0.510559,0
万昭__(1945),万昭__,,author,author,"#B4B4B4",190,343,0.389869,3,0.532434,0.582034,0
万歌(1945),万歌,,author,author,"#B4B4B4",128,177,0.207667,2,0.533264,0.562378,0
万英(1945),万英,,author,author,"#B4B4B4",133,249,0.1612,2,0.534653,0.564815,0
不耳(1945),不耳,,author,author,"#B4B4B4",187,345,0.480536,2,0.550134,0.591131,0
丘八大(1945),丘八大,,author,author,"#B4B4B4",187,345,0.480536,2,0.550134,0.591131,0
东方晦之(1945),东方晦之,,author,author,"#B4B4B4",273,541,0.553906,2,0.576728,0.633041,1079.9713
严亚明(1945),严亚明,,author,author,"#B4B4B4",187,345,0.480536,2,0.550134,0.591131,0
严信民(1945),严信民,,author,author,"#B4B4B4",37,58,0.018897,3,0.450197,0.475146,0
严克(1945),严克,,author,author,"#B4B4B4",187,345,0.480536,2,0.550134,0.591131,0
严奇(1945),严奇,,author,author,"#B4B4B4",187,345,0.480536,2,0.550134,0.591131,0
严景矅(1945),严景矅,,author,author,"#B4B4B4",104,196,0.132534,3,0.490674,0.527453,0
严问天(1945),严问天,,author,author,"#B4B4B4",92,192,0.070194,3,0.472593,0.510559,0
丹尼尔(1945),丹尼尔,,author,author,"#B4B4B4",92,192,0.070194,3,0.472593,0.510559,0
乔治六世(1945),乔治六世,,author,author,"#B4B4B4",140,262,0.15466,3,0.506917,0.550032,0
乔治高(1945),乔治高,,author,author,"#B4B4B4",190,343,0.389869,3,0.532434,0.582034,0
于右任(1945),于右任,,author,author,"#B4B4B4",140,262,0.15466,3,0.506917,0.550032,0
于斌(1945),于斌,,author,author,"#B4B4B4",190,343,0.389869,3,0.532434,0.582034,0
于殷(1945),于殷,,author,author,"#B4B4B4",128,177,0.207667,2,0.533264,0.562378,0
于蒪(1945),于蒪,,author,author,"#B4B4B4",97,147,0.137805,2,0.524808,0.547271,0
云中(1945),云中,,author,author,"#B4B4B4",190,343,0.389869,3,0.532434,0.582034,0
云彬(1945),云彬,,author,author,"#B4B4B4",128,177,0.207667,2,0.533264,0.562378,0
仁荪(1945),仁荪,,author,author,"#B4B4B4",128,177,0.207667,2,0.533264,0.562378,0
以君(1945),以君,,author,author,"#B4B4B4",104,196,0.132534,3,0.490674,0.527453,0
任华(1945),任华,,author,author,"#B4B4B4",104,196,0.132534,3,0.490674,0.527453,0
任四维(1945),任四维,,author,author,"#B4B4B4",187,345,0.480536,2,0.550134,0.591131,0
伊凡诺夫(1945),伊凡诺夫,,author,author,"#B4B4B4",140,262,0.15466,3,0.506917,0.550032,0
伊利奥特(1945),伊利奥特,,author,author,"#B4B4B4",92,192,0.070194,3,0.472593,0.510559,0
伊古斯(1945),伊古斯,,author,author,"#B4B4B4",140,262,0.15466,3,0.506917,0.550032,0
伍同伐(1945),伍同伐,,author,author,"#B4B4B4",44,64,0.026902,3,0.426789,0.457115,0
伍启元(1945),伍启元,,author,author,"#B4B4B4",251,426,0.343181,2,0.569684,0.62232,1130.999913
伏冷斯基(1945),伏冷斯基,,author,author,"#B4B4B4",140,262,0.15466,3,0.506917,0.550032,0
伏斯克列兴斯基(1945),伏斯克列兴斯基,,author,author,"#B4B4B4",140,262,0.15466,3,0.506917,0.550032,0
伏斯克列辛斯基(1945),伏斯克列辛斯基,,author,author,"#B4B4B4",140,262,0.15466,3,0.506917,0.550032,0
伯伟(1945),伯伟,,author,author,"#B4B4B4",44,64,0.026902,3,0.426789,0.457115,0
伯华(1945),伯华,,author,author,"#B4B4B4",133,249,0.1612,2,0.534653,0.564815,0
伯韩(1945),伯韩,,author,author,"#B4B4B4",133,249,0.1612,2,0.534653,0.564815,0
但维斯(1945),但维斯,,author,author,"#B4B4B4",92,192,0.070194,3,0.472593,0.510559,0
何其芳(1945),何其芳,,author,author,"#B4B4B4",300,522,0.631414,2,0.585616,0.646199,1076.858937
何应钦(1945),何应钦,,author,author,"#B4B4B4",140,262,0.15466,3,0.506917,0.550032,0
何惧(1945),何惧,,author,author,"#B4B4B4",97,147,0.137805,2,0.524808,0.547271,0
何成濬(1945),何成濬,,author,author,"#B4B4B4",190,343,0.389869,3,0.532434,0.582034,0
何方(1945),何方,,author,author,"#B4B4B4",97,147,0.137805,2,0.524808,0.547271,0
何满子(1945),何满子,,author,author,"#B4B4B4",128,177,0.207667,2,0.533264,0.562378,0
何达(1945),何达,,author,author,"#B4B4B4",133,249,0.1612,2,0.534653,0.564815,0
余伯约(1945),余伯约,,author,author,"#B4B4B4",104,196,0.132534,3,0.490674,0.527453,0
余剡溪(1945),余剡溪,,author,author,"#B4B4B4",271,492,0.567913,2,0.576081,0.632066,910.968777
余所亚(1945),余所亚,,author,author,"#B4B4B4",128,177,0.207667,2,0.533264,0.562378,0
余林(1945),余林,,author,author,"#B4B4B4",128,177,0.207667,2,0.533264,0.562378,0
侯外卢(1945),侯外卢,,author,author,"#B4B4B4",37,58,0.018897,3,0.450197,0.475146,0
侯外庐(1945),侯外庐,,author,author,"#B4B4B4",184,339,0.193208,2,0.549251,0.589669,1469.845735
俊生(1945),俊生,,author,author,"#B4B4B4",44,64,0.026902,3,0.426789,0.457115,0
保波雪夫斯基(1945),保波雪夫斯基,,author,author,"#B4B4B4",140,262,0.15466,3,0.506917,0.550032,0
俞焕文(1945),俞焕文,,author,author,"#B4B4B4",92,192,0.070194,3,0.472593,0.510559,0
傅彬然(1945),傅彬然,,author,author,"#B4B4B4",92,192,0.070194,3,0.472593,0.510559,0
傅雷(1945),傅雷,,author,author,"#B4B4B4",187,345,0.480536,2,0.550134,0.591131,0
光军(1945),光军,,author,author,"#B4B4B4",92,192,0.070194,3,0.472593,0.510559,0
光涛(1945),光涛,,author,author,"#B4B4B4",44,64,0.026902,3,0.426789,0.457115,0
克拉伊诺夫(1945),克拉伊诺夫,,author,author,"#B4B4B4",140,262,0.15466,3,0.506917,0.550032,0
全杨(1945),全杨,,author,author,"#B4B4B4",133,249,0.1612,2,0.534653,0.564815,0
公健(1945),公健,,author,author,"#B4B4B4",44,64,0.026902,3,0.426789,0.457115,0
公孙未央(1945),公孙未央,,author,author,"#B4B4B4",133,249,0.1612,2,0.534653,0.564815,0
再生侯北人(1945),再生侯北人,,author,author,"#B4B4B4",187,345,0.480536,2,0.550134,0.591131,0
冯乃超(1945),冯乃超,,author,author,"#B4B4B4",97,147,0.137805,2,0.524808,0.547271,0
冯克(1945),冯克,,author,author,"#B4B4B4",394,741,0.697124,2,0.618818,0.692008,5487.499473
冯少山(1945),冯少山,,author,author,"#B4B4B4",187,345,0.480536,2,0.550134,0.591131,0
冯虚(1945),冯虚,,author,author,"#B4B4B4",128,177,0.207667,2,0.533264,0.562378,0
冶人(1945),冶人,,author,author,"#B4B4B4",97,147,0.137805,2,0.524808,0.547271,0
冷红(1945),冷红,,author,author,"#B4B4B4",104,196,0.132534,3,0.490674,0.527453,0
冷遹(1945),冷遹,,author,author,"#B4B4B4",92,192,0.070194,3,0.472593,0.510559,0
冷风(1945),冷风,,author,author,"#B4B4B4",92,192,0.070194,3,0.472593,0.510559,0
凌端仁(1945),凌端仁,,author,author,"#B4B4B4",128,177,0.207667,2,0.533264,0.562378,0
刘增华(1945),刘增华,,author,author,"#B4B4B4",190,343,0.389869,3,0.532434,0.582034,0
刘宝希(1945),刘宝希,,author,author,"#B4B4B4",190,343,0.389869,3,0.532434,0.582034,0
刘尊棋(1945),刘尊棋,,author,author,"#B4B4B4",92,192,0.070194,3,0.472593,0.510559,0
刘清扬(1945),刘清扬,,author,author,"#B4B4B4",44,64,0.026902,3,0.426789,0.457115,0
刘瑞林(1945),刘瑞林,,author,author,"#B4B4B4",37,58,0.018897,3,0.450197,0.475146,0
刘赤柯夫(1945),刘赤柯夫,,author,author,"#B4B4B4",140,262,0.15466,3,0.506917,0.550032,0
刘迺诚(1945),刘迺诚,,author,author,"#B4B4B4",190,343,0.389869,3,0.532434,0.582034,0
别斯巴洛夫(1945),别斯巴洛夫,,author,author,"#B4B4B4",140,262,0.15466,3,0.506917,0.550032,0
别赫尔(1945),别赫尔,,author,author,"#B4B4B4",140,262,0.15466,3,0.506917,0.550032,0
力丁(1945),力丁,,author,author,"#B4B4B4",128,177,0.207667,2,0.533264,0.562378,0
加也夫(1945),加也夫,,author,author,"#B4B4B4",140,262,0.15466,3,0.506917,0.550032,0
加聂夫(1945),加聂夫,,author,author,"#B4B4B4",140,262,0.15466,3,0.506917,0.550032,0
励吾(1945),励吾,,author,author,"#B4B4B4",128,177,0.207667,2,0.533264,0.562378,0
劳莹(1945),劳莹,,author,author,"#B4B4B4",187,345,0.480536,2,0.550134,0.591131,0
北人(1945),北人,,author,author,"#B4B4B4",271,492,0.567913,2,0.576081,0.632066,910.968777
匡扶(1945),匡扶,,author,author,"#B4B4B4",190,343,0.389869,3,0.532434,0.582034,0
华聚六(1945),华聚六,,author,author,"#B4B4B4",190,343,0.389869,3,0.532434,0.582034,0
华臣(1945),华臣,,author,author,"#B4B4B4",187,345,0.480536,2,0.550134,0.591131,0
卡夫达诺夫(1945),卡夫达诺夫,,author,author,"#B4B4B4",140,262,0.15466,3,0.506917,0.550032,0
卡尔平斯基(1945),卡尔平斯基,,author,author,"#B4B4B4",140,262,0.15466,3,0.506917,0.550032,0
卡尔明(1945),卡尔明,,author,author,"#B4B4B4",140,262,0.15466,3,0.506917,0.550032,0
卡拉华叶娃(1945),卡拉华叶娃,,author,author,"#B4B4B4",140,262,0.15466,3,0.506917,0.550032,0
卢剑公(1945),卢剑公,,author,author,"#B4B4B4",187,345,0.480536,2,0.550134,0.591131,0
卢铎(1945),卢铎,,author,author,"#B4B4B4",187,345,0.480536,2,0.550134,0.591131,0
友非(1945),友非,,author,author,"#B4B4B4",92,192,0.070194,3,0.472593,0.510559,0
反对内战(1945),反对内战,,author,author,"#B4B4B4",37,58,0.018897,3,0.450197,0.475146,0
叔伟(1945),叔伟,,author,author,"#B4B4B4",133,249,0.1612,2,0.534653,0.564815,0
叔梁(1945),叔梁,,author,author,"#B4B4B4",104,196,0.132534,3,0.490674,0.527453,0
古柏(1945),古柏,,author,author,"#B4B4B4",190,343,0.389869,3,0.532434,0.582034,0
史国卫(1945),史国卫,,author,author,"#B4B4B4",133,249,0.1612,2,0.534653,0.564815,0
史笃(1945),史笃,,author,author,"#B4B4B4",104,196,0.132534,3,0.490674,0.527453,0
史维特洛夫(1945),史维特洛夫,,author,author,"#B4B4B4",140,262,0.15466,3,0.506917,0.550032,0
叶君(1945),叶君,,author,author,"#B4B4B4",187,345,0.480536,2,0.550134,0.591131,0
叶尔马萧夫(1945),叶尔马萧夫,,author,author,"#B4B4B4",140,262,0.15466,3,0.506917,0.550032,0
叶帆(1945),叶帆,,author,author,"#B4B4B4",128,177,0.207667,2,0.533264,0.562378,0
叶文雄(1945),叶文雄,,author,author,"#B4B4B4",176,320,0.168583,2,0.546908,0.58577,3456.393313
叶理夫(1945),叶理夫,,author,author,"#B4B4B4",190,343,0.389869,3,0.532434,0.582034,0
叶行(1945),叶行,,author,author,"#B4B4B4",190,343,0.389869,3,0.532434,0.582034,0
叶鲁萨里姆斯基(1945),叶鲁萨里姆斯基,,author,author,"#B4B4B4",140,262,0.15466,3,0.506917,0.550032,0
司马星(1945),司马星,,author,author,"#B4B4B4",97,147,0.137805,2,0.524808,0.547271,0
吉人(1945),吉人,,author,author,"#B4B4B4",133,249,0.1612,2,0.534653,0.564815,0
吕剑(1945),吕剑,,author,author,"#B4B4B4",133,249,0.1612,2,0.534653,0.564815,0
吕德润(1945),吕德润,,author,author,"#B4B4B4",187,345,0.480536,2,0.550134,0.591131,0
吴世昌(1945),吴世昌,,author,author,"#B4B4B4",300,522,0.631414,2,0.585616,0.646199,1076.858937
吴大琨(1945),吴大琨,,author,author,"#B4B4B4",104,196,0.132534,3,0.490674,0.527453,0
吴晓(1945),吴晓,,author,author,"#B4B4B4",133,249,0.1612,2,0.534653,0.564815,0
吴王琨(1945),吴王琨,,author,author,"#B4B4B4",104,196,0.132534,3,0.490674,0.527453,0
吴磊伯(1945),吴磊伯,,author,author,"#B4B4B4",190,343,0.389869,3,0.532434,0.582034,0
吴祖光(1945),吴祖光,,author,author,"#B4B4B4",205,324,0.294717,2,0.555495,0.599903,352.735125
吴纪(1945),吴纪,,author,author,"#B4B4B4",133,249,0.1612,2,0.534653,0.564815,0
吴育英(1945),吴育英,,author,author,"#B4B4B4",190,343,0.389869,3,0.532434,0.582034,0
吴荣甲(1945),吴荣甲,,author,author,"#B4B4B4",92,192,0.070194,3,0.472593,0.510559,0
吴藻溪(1945),吴藻溪,,author,author,"#B4B4B4",92,192,0.070194,3,0.472593,0.510559,0
吴铁(1945),吴铁,,author,author,"#B4B4B4",187,345,0.480536,2,0.550134,0.591131,0
周依维(1945),周依维,,author,author,"#B4B4B4",133,249,0.1612,2,0.534653,0.564815,0
周先庚(1945),周先庚,,author,author,"#B4B4B4",133,249,0.1612,2,0.534653,0.564815,0
周冠羣(1945),周冠羣,,author,author,"#B4B4B4",190,343,0.389869,3,0.532434,0.582034,0
周振甫(1945),周振甫,,author,author,"#B4B4B4",104,196,0.132534,3,0.490674,0.527453,0
周斧冰(1945),周斧冰,,author,author,"#B4B4B4",92,192,0.070194,3,0.472593,0.510559,0
周波(1945),周波,,author,author,"#B4B4B4",37,58,0.018897,3,0.450197,0.475146,0
周煦良(1945),周煦良,,author,author,"#B4B4B4",104,196,0.132534,3,0.490674,0.527453,0
周知(1945),周知,,author,author,"#B4B4B4",137,211,0.153377,2,0.53577,0.566764,1245.531314
周缉熙(1945),周缉熙,,author,author,"#B4B4B4",190,343,0.389869,3,0.532434,0.582034,0
周钢鸣(1945),周钢鸣,,author,author,"#B4B4B4",128,177,0.207667,2,0.533264,0.562378,0
周雍能(1945),周雍能,,author,author,"#B4B4B4",190,343,0.389869,3,0.532434,0.582034,0
味橄(1945),味橄,,author,author,"#B4B4B4",190,343,0.389869,3,0.532434,0.582034,0
唐庆增(1945),唐庆增,,author,author,"#B4B4B4",187,345,0.480536,2,0.550134,0.591131,0
唐弢(1945),唐弢,,author,author,"#B4B4B4",273,541,0.553906,2,0.576728,0.633041,1079.9713
唐秉文(1945),唐秉文,,author,author,"#B4B4B4",187,345,0.480536,2,0.550134,0.591131,0
土匈诺夫(1945),土匈诺夫,,author,author,"#B4B4B4",140,262,0.15466,3,0.506917,0.550032,0
坦宁保姆(1945),坦宁保姆,,author,author,"#B4B4B4",37,58,0.018897,3,0.450197,0.475146,0
士伐维奇(1945),士伐维奇,,author,author,"#B4B4B4",140,262,0.15466,3,0.506917,0.550032,0
夏吉洛夫(1945),夏吉洛夫,,author,author,"#B4B4B4",140,262,0.15466,3,0.506917,0.550032,0
夏孟辉(1945),夏孟辉,,author,author,"#B4B4B4",92,192,0.070194,3,0.472593,0.510559,0
夏康农(1945),夏康农,,author,author,"#B4B4B4",128,177,0.207667,2,0.533264,0.562378,0
夏炎德(1945),夏炎德,,author,author,"#B4B4B4",92,192,0.070194,3,0.472593,0.510559,0
夏迪蒙(1945),夏迪蒙,,author,author,"#B4B4B4",44,64,0.026902,3,0.426789,0.457115,0
大愿(1945),大愿,,author,author,"#B4B4B4",92,192,0.070194,3,0.472593,0.510559,0
大荒(1945),大荒,,author,author,"#B4B4B4",44,64,0.026902,3,0.426789,0.457115,0
天凡(1945),天凡,,author,author,"#B4B4B4",133,249,0.1612,2,0.534653,0.564815,0
天父(1945),天父,,author,author,"#B4B4B4",133,249,0.1612,2,0.534653,0.564815,0
天顽(1945),天顽,,author,author,"#B4B4B4",104,196,0.132534,3,0.490674,0.527453,0
奥凯(1945),奥凯,,author,author,"#B4B4B4",97,147,0.137805,2,0.524808,0.547271,0
奥歇鲁克(1945),奥歇鲁克,,author,author,"#B4B4B4",140,262,0.15466,3,0.506917,0.550032,0
姚苏凤(1945),姚苏凤,,author,author,"#B4B4B4",187,345,0.480536,2,0.550134,0.591131,0
姜亮夫(1945),姜亮夫,,author,author,"#B4B4B4",128,177,0.207667,2,0.533264,0.562378,0
姜庆湘(1945),姜庆湘,,author,author,"#B4B4B4",130,205,0.148787,2,0.533819,0.563353,1184.551172
姜鹏翊(1945),姜鹏翊,,author,author,"#B4B4B4",133,249,0.1612,2,0.534653,0.564815,0
存真(1945),存真,,author,author,"#B4B4B4",104,196,0.132534,3,0.490674,0.527453,0
孙东城(1945),孙东城,,author,author,"#B4B4B4",190,343,0.389869,3,0.532434,0.582034,0
孙亚夫(1945),孙亚夫,,author,author,"#B4B4B4",44,64,0.026902,3,0.426789,0.457115,0
孙宝毅(1945),孙宝毅,,author,author,"#B4B4B4",44,64,0.026902,3,0.426789,0.457115,0
孙本文(1945),孙本文,,author,author,"#B4B4B4",190,343,0.389869,3,0.532434,0.582034,0
孙源(1945),孙源,,author,author,"#B4B4B4",128,177,0.207667,2,0.533264,0.562378,0
孙起孟(1945),孙起孟,,author,author,"#B4B4B4",92,192,0.070194,3,0.472593,0.510559,0
孟昌(1945),孟昌,,author,author,"#B4B4B4",37,58,0.018897,3,0.450197,0.475146,0
安约吾(1945),安约吾,,author,author,"#B4B4B4",37,58,0.018897,3,0.450197,0.475146,0
安逸(1945),安逸,,author,author,"#B4B4B4",104,196,0.132534,3,0.490674,0.527453,0
宋兴几(1945),宋兴几,,author,author,"#B4B4B4",190,343,0.389869,3,0.532434,0.582034,0
宋秉恒(1945),宋秉恒,,author,author,"#B4B4B4",128,177,0.207667,2,0.533264,0.562378,0
宣谛之(1945),宣谛之,,author,author,"#B4B4B4",97,147,0.137805,2,0.524808,0.547271,0
宦乡(1945),宦乡,,author,author,"#B4B4B4",187,345,0.480536,2,0.550134,0.591131,0
宧乡(1945),宧乡,,author,author,"#B4B4B4",187,345,0.480536,2,0.550134,0.591131,0
寿生(1945),寿生,,author,author,"#B4B4B4",133,249,0.1612,2,0.534653,0.564815,0
尊立(1945),尊立,,author,author,"#B4B4B4",187,345,0.480536,2,0.550134,0.591131,0
小羽(1945),小羽,,author,author,"#B4B4B4",187,345,0.480536,2,0.550134,0.591131,0
少之(1945),少之,,author,author,"#B4B4B4",97,147,0.137805,2,0.524808,0.547271,0
尔咸(1945),尔咸,,author,author,"#B4B4B4",92,192,0.070194,3,0.472593,0.510559,0
尚林(1945),尚林,,author,author,"#B4B4B4",190,343,0.389869,3,0.532434,0.582034,0
尚钺(1945),尚钺,,author,author,"#B4B4B4",133,249,0.1612,2,0.534653,0.564815,0
尚铖(1945),尚铖,,author,author,"#B4B4B4",133,249,0.1612,2,0.534653,0.564815,0
尚青禾(1945),尚青禾,,author,author,"#B4B4B4",92,192,0.070194,3,0.472593,0.510559,0
崔书琴(1945),崔书琴,,author,author,"#B4B4B4",190,343,0.389869,3,0.532434,0.582034,0
崔洁民(1945),崔洁民,,author,author,"#B4B4B4",190,343,0.389869,3,0.532434,0.582034,0
左舜生(1945),左舜生,,author,author,"#B4B4B4",300,522,0.631414,2,0.585616,0.646199,1076.858937
巴尔契斯基(1945),巴尔契斯基,,author,author,"#B4B4B4",37,58,0.018897,3,0.450197,0.475146,0
布尔(1945),布尔,,author,author,"#B4B4B4",190,343,0.389869,3,0.532434,0.582034,0
布拉克尼(1945),布拉克尼,,author,author,"#B4B4B4",128,177,0.207667,2,0.533264,0.562378,0
帅曦浓(1945),帅曦浓,,author,author,"#B4B4B4",190,343,0.389869,3,0.532434,0.582034,0
席波夫(1945),席波夫,,author,author,"#B4B4B4",140,262,0.15466,3,0.506917,0.550032,0
平沙(1945),平沙,,author,author,"#B4B4B4",190,343,0.389869,3,0.532434,0.582034,0
庄圻泰(1945),庄圻泰,,author,author,"#B4B4B4",187,345,0.480536,2,0.550134,0.591131,0
庄永(1945),庄永,,author,author,"#B4B4B4",187,345,0.480536,2,0.550134,0.591131,0
库士聂卓夫(1945),库士聂卓夫,,author,author,"#B4B4B4",140,262,0.15466,3,0.506917,0.550032,0
库马赤(1945),库马赤,,author,author,"#B4B4B4",140,262,0.15466,3,0.506917,0.550032,0
康斯坦丁诺夫斯基(1945),康斯坦丁诺夫斯基,,author,author,"#B4B4B4",140,262,0.15466,3,0.506917,0.550032,0
康特古柏(1945),康特古柏,,author,author,"#B4B4B4",128,177,0.207667,2,0.533264,0.562378,0
廷霸(1945),廷霸,,author,author,"#B4B4B4",128,177,0.207667,2,0.533264,0.562378,0
张东皋(1945),张东皋,,author,author,"#B4B4B4",187,345,0.480536,2,0.550134,0.591131,0
张东荪(1945),张东荪,,author,author,"#B4B4B4",222,396,0.273333,2,0.560656,0.608187,1005.841694
张凤举(1945),张凤举,,author,author,"#B4B4B4",104,196,0.132534,3,0.490674,0.527453,0
张刚(1945),张刚,,author,author,"#B4B4B4",133,249,0.1612,2,0.534653,0.564815,0
张君劢(1945),张君劢,,author,author,"#B4B4B4",165,241,0.219206,2,0.54372,0.580409,1344.453285
张宏(1945),张宏,,author,author,"#B4B4B4",187,345,0.480536,2,0.550134,0.591131,0
张庸(1945),张庸,,author,author,"#B4B4B4",190,343,0.389869,3,0.532434,0.582034,0
张德昌(1945),张德昌,,author,author,"#B4B4B4",190,343,0.389869,3,0.532434,0.582034,0
张德粹(1945),张德粹,,author,author,"#B4B4B4",190,343,0.389869,3,0.532434,0.582034,0
张志让(1945),张志让,,author,author,"#B4B4B4",300,522,0.631414,2,0.585616,0.646199,1076.858937
张志龢(1945),张志龢,,author,author,"#B4B4B4",97,147,0.137805,2,0.524808,0.547271,0
张忠建(1945),张忠建,,author,author,"#B4B4B4",190,343,0.389869,3,0.532434,0.582034,0
张恨水(1945),张恨水,,author,author,"#B4B4B4",300,522,0.631414,2,0.585616,0.646199,1076.858937
张时俊(1945),张时俊,,author,author,"#B4B4B4",133,249,0.1612,2,0.534653,0.564815,0
张明养(1945),张明养,,author,author,"#B4B4B4",92,192,0.070194,3,0.472593,0.510559,0
张栋举(1945),张栋举,,author,author,"#B4B4B4",97,147,0.137805,2,0.524808,0.547271,0
张树楠(1945),张树楠,,author,author,"#B4B4B4",190,343,0.389869,3,0.532434,0.582034,0
张淦(1945),张淦,,author,author,"#B4B4B4",187,345,0.480536,2,0.550134,0.591131,0
张珏(1945),张珏,,author,author,"#B4B4B4",187,345,0.480536,2,0.550134,0.591131,0
张竞存(1945),张竞存,,author,author,"#B4B4B4",187,345,0.480536,2,0.550134,0.591131,0
张西曼(1945),张西曼,,author,author,"#B4B4B4",92,192,0.070194,3,0.472593,0.510559,0
张超(1945),张超,,author,author,"#B4B4B4",190,343,0.389869,3,0.532434,0.582034,0
张远昕(1945),张远昕,,author,author,"#B4B4B4",187,345,0.480536,2,0.550134,0.591131,0
张雪澄(1945),张雪澄,,author,author,"#B4B4B4",92,192,0.070194,3,0.472593,0.510559,0
张鸿增(1945),张鸿增,,author,author,"#B4B4B4",187,345,0.480536,2,0.550134,0.591131,0
彭健箐(1945),彭健箐,,author,author,"#B4B4B4",190,343,0.389869,3,0.532434,0.582034,0
彭学沛(1945),彭学沛,,author,author,"#B4B4B4",190,343,0.389869,3,0.532434,0.582034,0
彭松(1945),彭松,,author,author,"#B4B4B4",97,147,0.137805,2,0.524808,0.547271,0
彭河清(1945),彭河清,,author,author,"#B4B4B4",190,343,0.389869,3,0.532434,0.582034,0
徐修(1945),徐修,,author,author,"#B4B4B4",133,249,0.1612,2,0.534653,0.564815,0
徐嘉瑞(1945),徐嘉瑞,,author,author,"#B4B4B4",128,177,0.207667,2,0.533264,0.562378,0
徐如免(1945),徐如免,,author,author,"#B4B4B4",133,249,0.1612,2,0.534653,0.564815,0
徐宝理(1945),徐宝理,,author,author,"#B4B4B4",190,343,0.389869,3,0.532434,0.582034,0
徐撤(1945),徐撤,,author,author,"#B4B4B4",104,196,0.132534,3,0.490674,0.527453,0
徐相任(1945),徐相任,,author,author,"#B4B4B4",104,196,0.132534,3,0.490674,0.527453,0
徐系(1945),徐系,,author,author,"#B4B4B4",187,345,0.480536,2,0.550134,0.591131,0
徐苏灵(1945),徐苏灵,,author,author,"#B4B4B4",190,343,0.389869,3,0.532434,0.582034,0
徐行(1945),徐行,,author,author,"#B4B4B4",190,343,0.389869,3,0.532434,0.582034,0
徐调孚(1945),徐调孚,,author,author,"#B4B4B4",104,196,0.132534,3,0.490674,0.527453,0
徐郎(1945),徐郎,,author,author,"#B4B4B4",97,147,0.137805,2,0.524808,0.547271,0
徐铸成(1945),徐铸成,,author,author,"#B4B4B4",187,345,0.480536,2,0.550134,0.591131,0
德炎(1945),德炎,,author,author,"#B4B4B4",190,343,0.389869,3,0.532434,0.582034,0
悠然(1945),悠然,,author,author,"#B4B4B4",128,177,0.207667,2,0.533264,0.562378,0
慕英(1945),慕英,,author,author,"#B4B4B4",133,249,0.1612,2,0.534653,0.564815,0
戈宝权(1945),戈宝权,,author,author,"#B4B4B4",128,177,0.207667,2,0.533264,0.562378,0
戈洛夫(1945),戈洛夫,,author,author,"#B4B4B4",140,262,0.15466,3,0.506917,0.550032,0
戎戈(1945),戎戈,,author,author,"#B4B4B4",187,345,0.480536,2,0.550134,0.591131,0
成惕轩(1945),成惕轩,,author,author,"#B4B4B4",190,343,0.389869,3,0.532434,0.582034,0
戚陈德珍(1945),戚陈德珍,,author,author,"#B4B4B4",92,192,0.070194,3,0.472593,0.510559,0
戴寒波(1945),戴寒波,,author,author,"#B4B4B4",187,345,0.480536,2,0.550134,0.591131,0
房龙(1945),房龙,,author,author,"#B4B4B4",37,58,0.018897,3,0.450197,0.475146,0
托尔斯泰(1945),托尔斯泰,,author,author,"#B4B4B4",104,196,0.132534,3,0.490674,0.527453,0
托尔赤诺夫(1945),托尔赤诺夫,,author,author,"#B4B4B4",140,262,0.15466,3,0.506917,0.550032,0
托里亚契(1945),托里亚契,,author,author,"#B4B4B4",140,262,0.15466,3,0.506917,0.550032,0
抱贞(1945),抱贞,,author,author,"#B4B4B4",44,64,0.026902,3,0.426789,0.457115,0
拉铁摩尔(1945),拉铁摩尔,,author,author,"#B4B4B4",92,192,0.070194,3,0.472593,0.510559,0
振寰(1945),振寰,,author,author,"#B4B4B4",104,196,0.132534,3,0.490674,0.527453,0
摩斯(1945),摩斯,,author,author,"#B4B4B4",128,177,0.207667,2,0.533264,0.562378,0
敏之(1945),敏之,,author,author,"#B4B4B4",104,196,0.132534,3,0.490674,0.527453,0
敏茨(1945),敏茨,,author,author,"#B4B4B4",140,262,0.15466,3,0.506917,0.550032,0
文宜(1945),文宜,,author,author,"#B4B4B4",133,249,0.1612,2,0.534653,0.564815,0
斯吉普尼亚克(1945),斯吉普尼亚克,,author,author,"#B4B4B4",140,262,0.15466,3,0.506917,0.550032,0
斯密诺夫(1945),斯密诺夫,,author,author,"#B4B4B4",140,262,0.15466,3,0.506917,0.550032,0
斯维特洛夫(1945),斯维特洛夫,,author,author,"#B4B4B4",140,262,0.15466,3,0.506917,0.550032,0
斯诺(1945),斯诺,,author,author,"#B4B4B4",104,196,0.132534,3,0.490674,0.527453,0
新武(1945),新武,,author,author,"#B4B4B4",104,196,0.132534,3,0.490674,0.527453,0
新波(1945),新波,,author,author,"#B4B4B4",128,177,0.207667,2,0.533264,0.562378,0
方丁(1945),方丁,,author,author,"#B4B4B4",128,177,0.207667,2,0.533264,0.562378,0
方与严(1945),方与严,,author,author,"#B4B4B4",205,324,0.294717,2,0.555495,0.599903,352.735125
方扬(1945),方扬,,author,author,"#B4B4B4",97,147,0.137805,2,0.524808,0.547271,0
方治平(1945),方治平,,author,author,"#B4B4B4",205,324,0.294717,2,0.555495,0.599903,352.735125
方禺(1945),方禺,,author,author,"#B4B4B4",104,196,0.132534,3,0.490674,0.527453,0
方秋苇(1945),方秋苇,,author,author,"#B4B4B4",190,343,0.389869,3,0.532434,0.582034,0
施佑铭(1945),施佑铭,,author,author,"#B4B4B4",187,345,0.480536,2,0.550134,0.591131,0
施复亮(1945),施复亮,,author,author,"#B4B4B4",187,345,0.480536,2,0.550134,0.591131,0
施艾(1945),施艾,,author,author,"#B4B4B4",130,205,0.148787,2,0.533819,0.563353,1184.551172
施贻(1945),施贻,,author,author,"#B4B4B4",37,58,0.018897,3,0.450197,0.475146,0
旺嘉喜(1945),旺嘉喜,,author,author,"#B4B4B4",140,262,0.15466,3,0.506917,0.550032,0
明之(1945),明之,,author,author,"#B4B4B4",128,177,0.207667,2,0.533264,0.562378,0
明养(1945),明养,,author,author,"#B4B4B4",92,192,0.070194,3,0.472593,0.510559,0
明子(1945),明子,,author,author,"#B4B4B4",187,345,0.480536,2,0.550134,0.591131,0
易水(1945),易水,,author,author,"#B4B4B4",187,345,0.480536,2,0.550134,0.591131,0
春光(1945),春光,,author,author,"#B4B4B4",133,249,0.1612,2,0.534653,0.564815,0
晓敷(1945),晓敷,,author,author,"#B4B4B4",187,345,0.480536,2,0.550134,0.591131,0
晶远(1945),晶远,,author,author,"#B4B4B4",133,249,0.1612,2,0.534653,0.564815,0
曹介植(1945),曹介植,,author,author,"#B4B4B4",187,345,0.480536,2,0.550134,0.591131,0
曹增之(1945),曹增之,,author,author,"#B4B4B4",190,343,0.389869,3,0.532434,0.582034,0
曹樸(1945),曹樸,,author,author,"#B4B4B4",133,249,0.1612,2,0.534653,0.564815,0
曾守约(1945),曾守约,,author,author,"#B4B4B4",37,58,0.018897,3,0.450197,0.475146,0
曾琦(1945),曾琦,,author,author,"#B4B4B4",97,147,0.137805,2,0.524808,0.547271,0
曾瑞(1945),曾瑞,,author,author,"#B4B4B4",187,345,0.480536,2,0.550134,0.591131,0
月伶(1945),月伶,,author,author,"#B4B4B4",187,345,0.480536,2,0.550134,0.591131,0
朝华(1945),朝华,,author,author,"#B4B4B4",97,147,0.137805,2,0.524808,0.547271,0
木林(1945),木林,,author,author,"#B4B4B4",92,192,0.070194,3,0.472593,0.510559,0
朱万柏(1945),朱万柏,,author,author,"#B4B4B4",190,343,0.389869,3,0.532434,0.582034,0
朱健飞(1945),朱健飞,,author,author,"#B4B4B4",133,249,0.1612,2,0.534653,0.564815,0
朱声扬(1945),朱声扬,,author,author,"#B4B4B4",140,262,0.15466,3,0.506917,0.550032,0
朱彬元(1945),朱彬元,,author,author,"#B4B4B4",187,345,0.480536,2,0.550134,0.591131,0
朱斆春(1945),朱斆春,,author,author,"#B4B4B4",190,343,0.389869,3,0.532434,0.582034,0
朱洗(1945),朱洗,,author,author,"#B4B4B4",187,345,0.480536,2,0.550134,0.591131,0
朱自珍(1945),朱自珍,,author,author,"#B4B4B4",187,345,0.480536,2,0.550134,0.591131,0
李健吾(1945),李健吾,,author,author,"#B4B4B4",187,345,0.480536,2,0.550134,0.591131,0
李兆(1945),李兆,,author,author,"#B4B4B4",104,196,0.132534,3,0.490674,0.527453,0
李公朴(1945),李公朴,,author,author,"#B4B4B4",187,345,0.480536,2,0.550134,0.591131,0
李善卷(1945),李善卷,,author,author,"#B4B4B4",92,192,0.070194,3,0.472593,0.510559,0
李复康(1945),李复康,,author,author,"#B4B4B4",128,177,0.207667,2,0.533264,0.562378,0
李安宅(1945),李安宅,,author,author,"#B4B4B4",190,343,0.389869,3,0.532434,0.582034,0
李宗黄(1945),李宗黄,,author,author,"#B4B4B4",190,343,0.389869,3,0.532434,0.582034,0
李文治(1945),李文治,,author,author,"#B4B4B4",190,343,0.389869,3,0.532434,0.582034,0
李时中(1945),李时中,,author,author,"#B4B4B4",187,345,0.480536,2,0.550134,0.591131,0
李昂季叶夫(1945),李昂季叶夫,,author,author,"#B4B4B4",140,262,0.15466,3,0.506917,0.550032,0
李由基(1945),李由基,,author,author,"#B4B4B4",128,177,0.207667,2,0.533264,0.562378,0
李翁诺夫(1945),李翁诺夫,,author,author,"#B4B4B4",140,262,0.15466,3,0.506917,0.550032,0
李自强(1945),李自强,,author,author,"#B4B4B4",187,345,0.480536,2,0.550134,0.591131,0
杜宇(1945),杜宇,,author,author,"#B4B4B4",128,177,0.207667,2,0.533264,0.562378,0
杜迈之(1945),杜迈之,,author,author,"#B4B4B4",133,249,0.1612,2,0.534653,0.564815,0
来秋(1945),来秋,,author,author,"#B4B4B4",133,249,0.1612,2,0.534653,0.564815,0
杨__(1945),杨__,,author,author,"#B4B4B4",190,343,0.389869,3,0.532434,0.582034,0
杨伯铎(1945),杨伯铎,,author,author,"#B4B4B4",190,343,0.389869,3,0.532434,0.582034,0
杨佑贤(1945),杨佑贤,,author,author,"#B4B4B4",97,147,0.137805,2,0.524808,0.547271,0
杨作雨(1945),杨作雨,,author,author,"#B4B4B4",104,196,0.132534,3,0.490674,0.527453,0
杨动(1945),杨动,,author,author,"#B4B4B4",104,196,0.132534,3,0.490674,0.527453,0
杨学纯(1945),杨学纯,,author,author,"#B4B4B4",104,196,0.132534,3,0.490674,0.527453,0
杨宗亿(1945),杨宗亿,,author,author,"#B4B4B4",104,196,0.132534,3,0.490674,0.527453,0
杨愚(1945),杨愚,,author,author,"#B4B4B4",104,196,0.132534,3,0.490674,0.527453,0
杨桂香(1945),杨桂香,,author,author,"#B4B4B4",190,343,0.389869,3,0.532434,0.582034,0
杨穗(1945),杨穗,,author,author,"#B4B4B4",133,249,0.1612,2,0.534653,0.564815,0
杨育良(1945),杨育良,,author,author,"#B4B4B4",190,343,0.389869,3,0.532434,0.582034,0
杨荣国(1945),杨荣国,,author,author,"#B4B4B4",37,58,0.018897,3,0.450197,0.475146,0
杨蔚(1945),杨蔚,,author,author,"#B4B4B4",92,192,0.070194,3,0.472593,0.510559,0
杨霁云(1945),杨霁云,,author,author,"#B4B4B4",187,345,0.480536,2,0.550134,0.591131,0
杭勤斯(1945),杭勤斯,,author,author,"#B4B4B4",190,343,0.389869,3,0.532434,0.582034,0
杰尔札文(1945),杰尔札文,,author,author,"#B4B4B4",140,262,0.15466,3,0.506917,0.550032,0
杰拉斯(1945),杰拉斯,,author,author,"#B4B4B4",140,262,0.15466,3,0.506917,0.550032,0
林彬(1945),林彬,,author,author,"#B4B4B4",190,343,0.389869,3,0.532434,0.582034,0
林松(1945),林松,,author,author,"#B4B4B4",187,345,0.480536,2,0.550134,0.591131,0
林汉达(1945),林汉达,,author,author,"#B4B4B4",187,345,0.480536,2,0.550134,0.591131,0
林焕平(1945),林焕平,,author,author,"#B4B4B4",97,147,0.137805,2,0.524808,0.547271,0
林谷(1945),林谷,,author,author,"#B4B4B4",37,58,0.018897,3,0.450197,0.475146,0
林辰(1945),林辰,,author,author,"#B4B4B4",128,177,0.207667,2,0.533264,0.562378,0
林陵蓉(1945),林陵蓉,,author,author,"#B4B4B4",97,147,0.137805,2,0.524808,0.547271,0
柏有仁(1945),柏有仁,,author,author,"#B4B4B4",97,147,0.137805,2,0.524808,0.547271,0
柏李可夫(1945),柏李可夫,,author,author,"#B4B4B4",140,262,0.15466,3,0.506917,0.550032,0
查免京(1945),查免京,,author,author,"#B4B4B4",140,262,0.15466,3,0.506917,0.550032,0
查斯拉夫基斯(1945),查斯拉夫基斯,,author,author,"#B4B4B4",140,262,0.15466,3,0.506917,0.550032,0
柯灵(1945),柯灵,,author,author,"#B4B4B4",187,345,0.480536,2,0.550134,0.591131,0
柯罗勃考夫(1945),柯罗勃考夫,,author,author,"#B4B4B4",140,262,0.15466,3,0.506917,0.550032,0
柯象峯(1945),柯象峯,,author,author,"#B4B4B4",190,343,0.389869,3,0.532434,0.582034,0
柯里翁诺夫(1945),柯里翁诺夫,,author,author,"#B4B4B4",140,262,0.15466,3,0.506917,0.550032,0
柳巴尔(1945),柳巴尔,,author,author,"#B4B4B4",140,262,0.15466,3,0.506917,0.550032,0
柳蕴(1945),柳蕴,,author,author,"#B4B4B4",104,196,0.132534,3,0.490674,0.527453,0
树柯元(1945),树柯元,,author,author,"#B4B4B4",140,262,0.15466,3,0.506917,0.550032,0
树柯夫(1945),树柯夫,,author,author,"#B4B4B4",140,262,0.15466,3,0.506917,0.550032,0
树鹃(1945),树鹃,,author,author,"#B4B4B4",92,192,0.070194,3,0.472593,0.510559,0
桑弧(1945),桑弧,,author,author,"#B4B4B4",187,345,0.480536,2,0.550134,0.591131,0
梁寒操(1945),梁寒操,,author,author,"#B4B4B4",190,343,0.389869,3,0.532434,0.582034,0
梁纯夫(1945),梁纯夫,,author,author,"#B4B4B4",44,64,0.026902,3,0.426789,0.457115,0
梅兰芳(1945),梅兰芳,,author,author,"#B4B4B4",187,345,0.480536,2,0.550134,0.591131,0
梅湜(1945),梅湜,,author,author,"#B4B4B4",104,196,0.132534,3,0.490674,0.527453,0
梧轩(1945),梧轩,,author,author,"#B4B4B4",133,249,0.1612,2,0.534653,0.564815,0
欧罗(1945),欧罗,,author,author,"#B4B4B4",92,192,0.070194,3,0.472593,0.510559,0
欧阳予倩(1945),欧阳予倩,,author,author,"#B4B4B4",128,177,0.207667,2,0.533264,0.562378,0
正非(1945),正非,,author,author,"#B4B4B4",133,249,0.1612,2,0.534653,0.564815,0
毕醒魂(1945),毕醒魂,,author,author,"#B4B4B4",190,343,0.389869,3,0.532434,0.582034,0
民语(1945),民语,,author,author,"#B4B4B4",187,345,0.480536,2,0.550134,0.591131,0
永先(1945),永先,,author,author,"#B4B4B4",187,345,0.480536,2,0.550134,0.591131,0
汝德(1945),汝德,,author,author,"#B4B4B4",133,249,0.1612,2,0.534653,0.564815,0
江同(1945),江同,,author,author,"#B4B4B4",133,249,0.1612,2,0.534653,0.564815,0
江煜(1945),江煜,,author,author,"#B4B4B4",190,343,0.389869,3,0.532434,0.582034,0
汤德臣(1945),汤德臣,,author,author,"#B4B4B4",190,343,0.389869,3,0.532434,0.582034,0
汤心仪(1945),汤心仪,,author,author,"#B4B4B4",187,345,0.480536,2,0.550134,0.591131,0
汪叔棣(1945),汪叔棣,,author,author,"#B4B4B4",190,343,0.389869,3,0.532434,0.582034,0
汪大煊(1945),汪大煊,,author,author,"#B4B4B4",187,345,0.480536,2,0.550134,0.591131,0
汪洋(1945),汪洋,,author,author,"#B4B4B4",190,343,0.389869,3,0.532434,0.582034,0
沈兹九(1945),沈兹九,,author,author,"#B4B4B4",97,147,0.137805,2,0.524808,0.547271,0
沈南乡(1945),沈南乡,,author,author,"#B4B4B4",190,343,0.389869,3,0.532434,0.582034,0
沈来秋(1945),沈来秋,,author,author,"#B4B4B4",133,249,0.1612,2,0.534653,0.564815,0
沈若谷(1945),沈若谷,,author,author,"#B4B4B4",97,147,0.137805,2,0.524808,0.547271,0
沈钧儒(1945),沈钧儒,,author,author,"#B4B4B4",44,64,0.026902,3,0.426789,0.457115,0
沙溪(1945),沙溪,,author,author,"#B4B4B4",92,192,0.070194,3,0.472593,0.510559,0
波克希谢夫斯基(1945),波克希谢夫斯基,,author,author,"#B4B4B4",140,262,0.15466,3,0.506917,0.550032,0
波诺马列夫(1945),波诺马列夫,,author,author,"#B4B4B4",140,262,0.15466,3,0.506917,0.550032,0
洛明(1945),洛明,,author,author,"#B4B4B4",97,147,0.137805,2,0.524808,0.547271,0
洪涛(1945),洪涛,,author,author,"#B4B4B4",190,343,0.389869,3,0.532434,0.582034,0
洪谦(1945),洪谦,,author,author,"#B4B4B4",133,249,0.1612,2,0.534653,0.564815,0
洪钧培(1945),洪钧培,,author,author,"#B4B4B4",190,343,0.389869,3,0.532434,0.582034,0
派夫劳夫(1945),派夫劳夫,,author,author,"#B4B4B4",140,262,0.15466,3,0.506917,0.550032,0
济之(1945),济之,,author,author,"#B4B4B4",104,196,0.132534,3,0.490674,0.527453,0
浩川(1945),浩川,,author,author,"#B4B4B4",187,345,0.480536,2,0.550134,0.591131,0
海密尔克(1945),海密尔克,,author,author,"#B4B4B4",190,343,0.389869,3,0.532434,0.582034,0
海魂(1945),海魂,,author,author,"#B4B4B4",133,249,0.1612,2,0.534653,0.564815,0
涵先(1945),涵先,,author,author,"#B4B4B4",97,147,0.137805,2,0.524808,0.547271,0
淑林(1945),淑林,,author,author,"#B4B4B4",140,262,0.15466,3,0.506917,0.550032,0
深公(1945),深公,,author,author,"#B4B4B4",37,58,0.018897,3,0.450197,0.475146,0
清涟(1945),清涟,,author,author,"#B4B4B4",104,196,0.132534,3,0.490674,0.527453,0
渠之(1945),渠之,,author,author,"#B4B4B4",104,196,0.132534,3,0.490674,0.527453,0
游牧(1945),游牧,,author,author,"#B4B4B4",133,249,0.1612,2,0.534653,0.564815,0
湘渔(1945),湘渔,,author,author,"#B4B4B4",104,196,0.132534,3,0.490674,0.527453,0
潘光旦(1945),潘光旦,,author,author,"#B4B4B4",411,739,0.655093,2,0.625229,0.700292,32052.394906
潘大逵(1945),潘大逵,,author,author,"#B4B4B4",133,249,0.1612,2,0.534653,0.564815,0
潘孑农(1945),潘孑农,,author,author,"#B4B4B4",128,177,0.207667,2,0.533264,0.562378,0
潘安业(1945),潘安业,,author,author,"#B4B4B4",187,345,0.480536,2,0.550134,0.591131,0
潘梓年(1945),潘梓年,,author,author,"#B4B4B4",44,64,0.026902,3,0.426789,0.457115,0
潘焕昆(1945),潘焕昆,,author,author,"#B4B4B4",92,192,0.070194,3,0.472593,0.510559,0
潘立桐(1945),潘立桐,,author,author,"#B4B4B4",187,345,0.480536,2,0.550134,0.591131,0
灕流(1945),灕流,,author,author,"#B4B4B4",97,147,0.137805,2,0.524808,0.547271,0
炎火(1945),炎火,,author,author,"#B4B4B4",104,196,0.132534,3,0.490674,0.527453,0
焦敏之(1945),焦敏之,,author,author,"#B4B4B4",165,241,0.219206,2,0.54372,0.580409,1344.453285
爱思金(1945),爱思金,,author,author,"#B4B4B4",92,192,0.070194,3,0.472593,0.510559,0
特戈尔(1945),特戈尔,,author,author,"#B4B4B4",140,262,0.15466,3,0.506917,0.550032,0
特罗扬诺夫斯基(1945),特罗扬诺夫斯基,,author,author,"#B4B4B4",140,262,0.15466,3,0.506917,0.550032,0
特莱宁(1945),特莱宁,,author,author,"#B4B4B4",140,262,0.15466,3,0.506917,0.550032,0
特鲁曼(1945),特鲁曼,,author,author,"#B4B4B4",140,262,0.15466,3,0.506917,0.550032,0
独郑步(1945),独郑步,,author,author,"#B4B4B4",133,249,0.1612,2,0.534653,0.564815,0
玉良(1945),玉良,,author,author,"#B4B4B4",128,177,0.207667,2,0.533264,0.562378,0
王__(1945),王__,,author,author,"#B4B4B4",44,64,0.026902,3,0.426789,0.457115,0
王光汉(1945),王光汉,,author,author,"#B4B4B4",190,343,0.389869,3,0.532434,0.582034,0
王善淳(1945),王善淳,,author,author,"#B4B4B4",92,192,0.070194,3,0.472593,0.510559,0
王子敬(1945),王子敬,,author,author,"#B4B4B4",44,64,0.026902,3,0.426789,0.457115,0
王季(1945),王季,,author,author,"#B4B4B4",128,177,0.207667,2,0.533264,0.562378,0
王文新(1945),王文新,,author,author,"#B4B4B4",190,343,0.389869,3,0.532434,0.582034,0
王正廷(1945),王正廷,,author,author,"#B4B4B4",190,343,0.389869,3,0.532434,0.582034,0
王琦(1945),王琦,,author,author,"#B4B4B4",300,522,0.631414,2,0.585616,0.646199,1076.858937
王申叔(1945),王申叔,,author,author,"#B4B4B4",190,343,0.389869,3,0.532434,0.582034,0
王碎若(1945),王碎若,,author,author,"#B4B4B4",187,345,0.480536,2,0.550134,0.591131,0
王绍鏊(1945),王绍鏊,,author,author,"#B4B4B4",187,345,0.480536,2,0.550134,0.591131,0
王若飞(1945),王若飞,,author,author,"#B4B4B4",187,345,0.480536,2,0.550134,0.591131,0
王赣愚(1945),王赣愚,,author,author,"#B4B4B4",251,426,0.343181,2,0.569684,0.62232,1130.999913
王铁猴(1945),王铁猴,,author,author,"#B4B4B4",104,196,0.132534,3,0.490674,0.527453,0
王集丛(1945),王集丛,,author,author,"#B4B4B4",190,343,0.389869,3,0.532434,0.582034,0
王雨桐(1945),王雨桐,,author,author,"#B4B4B4",187,345,0.480536,2,0.550134,0.591131,0
王龄希(1945),王龄希,,author,author,"#B4B4B4",190,343,0.389869,3,0.532434,0.582034,0
甘乃先(1945),甘乃先,,author,author,"#B4B4B4",190,343,0.389869,3,0.532434,0.582034,0
甘乃光(1945),甘乃光,,author,author,"#B4B4B4",190,343,0.389869,3,0.532434,0.582034,0
甘敏(1945),甘敏,,author,author,"#B4B4B4",133,249,0.1612,2,0.534653,0.564815,0
田宗(1945),田宗,,author,author,"#B4B4B4",190,343,0.389869,3,0.532434,0.582034,0
田禾(1945),田禾,,author,author,"#B4B4B4",133,249,0.1612,2,0.534653,0.564815,0
申迟(1945),申迟,,author,author,"#B4B4B4",92,192,0.070194,3,0.472593,0.510559,0
白英(1945),白英,,author,author,"#B4B4B4",133,249,0.1612,2,0.534653,0.564815,0
白鲁特(1945),白鲁特,,author,author,"#B4B4B4",140,262,0.15466,3,0.506917,0.550032,0
盛之(1945),盛之,,author,author,"#B4B4B4",190,343,0.389869,3,0.532434,0.582034,0
直心(1945),直心,,author,author,"#B4B4B4",104,196,0.132534,3,0.490674,0.527453,0
瞿荆洲(1945),瞿荆洲,,author,author,"#B4B4B4",187,345,0.480536,2,0.550134,0.591131,0
知廉(1945),知廉,,author,author,"#B4B4B4",104,196,0.132534,3,0.490674,0.527453,0
石城(1945),石城,,author,author,"#B4B4B4",44,64,0.026902,3,0.426789,0.457115,0
石如(1945),石如,,author,author,"#B4B4B4",37,58,0.018897,3,0.450197,0.475146,0
石梅(1945),石梅,,author,author,"#B4B4B4",97,147,0.137805,2,0.524808,0.547271,0
石渊(1945),石渊,,author,author,"#B4B4B4",187,345,0.480536,2,0.550134,0.591131,0
祝公健(1945),祝公健,,author,author,"#B4B4B4",44,64,0.026902,3,0.426789,0.457115,0
秉志(1945),秉志,,author,author,"#B4B4B4",104,196,0.132534,3,0.490674,0.527453,0
秋原(1945),秋原,,author,author,"#B4B4B4",187,345,0.480536,2,0.550134,0.591131,0
程仲文(1945),程仲文,,author,author,"#B4B4B4",190,343,0.389869,3,0.532434,0.582034,0
程力方(1945),程力方,,author,author,"#B4B4B4",187,345,0.480536,2,0.550134,0.591131,0
程及(1945),程及,,author,author,"#B4B4B4",104,196,0.132534,3,0.490674,0.527453,0
程启钧(1945),程启钧,,author,author,"#B4B4B4",293,539,0.517113,3,0.5625,0.632229,8555.503623
程国勳(1945),程国勳,,author,author,"#B4B4B4",190,343,0.389869,3,0.532434,0.582034,0
程澄之(1945),程澄之,,author,author,"#B4B4B4",133,249,0.1612,2,0.534653,0.564815,0
穆欣(1945),穆欣,,author,author,"#B4B4B4",221,441,0.223283,2,0.56035,0.6077,2368.605828
穆涛(1945),穆涛,,author,author,"#B4B4B4",133,249,0.1612,2,0.534653,0.564815,0
穆超(1945),穆超,,author,author,"#B4B4B4",190,343,0.389869,3,0.532434,0.582034,0
立垒(1945),立垒,,author,author,"#B4B4B4",104,196,0.132534,3,0.490674,0.527453,0
章乃器(1945),章乃器,,author,author,"#B4B4B4",97,147,0.137805,2,0.524808,0.547271,0
章榴(1945),章榴,,author,author,"#B4B4B4",187,345,0.480536,2,0.550134,0.591131,0
章锡琛(1945),章锡琛,,author,author,"#B4B4B4",187,345,0.480536,2,0.550134,0.591131,0
童世希(1945),童世希,,author,author,"#B4B4B4",190,343,0.389869,3,0.532434,0.582034,0
童润之(1945),童润之,,author,author,"#B4B4B4",92,192,0.070194,3,0.472593,0.510559,0
端森蕻良(1945),端森蕻良,,author,author,"#B4B4B4",128,177,0.207667,2,0.533264,0.562378,0
竹云龙(1945),竹云龙,,author,author,"#B4B4B4",187,345,0.480536,2,0.550134,0.591131,0
笪移今(1945),笪移今,,author,author,"#B4B4B4",97,147,0.137805,2,0.524808,0.547271,0
简樸(1945),简樸,,author,author,"#B4B4B4",97,147,0.137805,2,0.524808,0.547271,0
箫明(1945),箫明,,author,author,"#B4B4B4",97,147,0.137805,2,0.524808,0.547271,0
米哈依洛夫(1945),米哈依洛夫,,author,author,"#B4B4B4",140,262,0.15466,3,0.506917,0.550032,0
米尔让诺夫(1945),米尔让诺夫,,author,author,"#B4B4B4",140,262,0.15466,3,0.506917,0.550032,0
米希然(1945),米希然,,author,author,"#B4B4B4",190,343,0.389869,3,0.532434,0.582034,0
索科洛夫(1945),索科洛夫,,author,author,"#B4B4B4",140,262,0.15466,3,0.506917,0.550032,0
索罗金(1945),索罗金,,author,author,"#B4B4B4",140,262,0.15466,3,0.506917,0.550032,0
纪鲁(1945),纪鲁,,author,author,"#B4B4B4",187,345,0.480536,2,0.550134,0.591131,0
维歇鲁兴(1945),维歇鲁兴,,author,author,"#B4B4B4",140,262,0.15466,3,0.506917,0.550032,0
维辛斯基(1945),维辛斯基,,author,author,"#B4B4B4",140,262,0.15466,3,0.506917,0.550032,0
绿川英子(1945),绿川英子,,author,author,"#B4B4B4",128,177,0.207667,2,0.533264,0.562378,0
罗任一(1945),罗任一,,author,author,"#B4B4B4",37,58,0.018897,3,0.450197,0.475146,0
罗保吾(1945),罗保吾,,author,author,"#B4B4B4",190,343,0.389869,3,0.532434,0.582034,0
罗努生(1945),罗努生,,author,author,"#B4B4B4",97,147,0.137805,2,0.524808,0.547271,0
罗奇翁诺夫(1945),罗奇翁诺夫,,author,author,"#B4B4B4",140,262,0.15466,3,0.506917,0.550032,0
罗守信(1945),罗守信,,author,author,"#B4B4B4",92,192,0.070194,3,0.472593,0.510559,0
罗尔鲍(1945),罗尔鲍,,author,author,"#B4B4B4",187,345,0.480536,2,0.550134,0.591131,0
罗斯福(1945),罗斯福,,author,author,"#B4B4B4",37,58,0.018897,3,0.450197,0.475146,0
罗贝慈(1945),罗贝慈,,author,author,"#B4B4B4",92,192,0.070194,3,0.472593,0.510559,0
罗醒魂(1945),罗醒魂,,author,author,"#B4B4B4",190,343,0.389869,3,0.532434,0.582034,0
翁文灏(1945),翁文灏,,author,author,"#B4B4B4",293,539,0.517113,3,0.5625,0.632229,8555.503623
耀羣(1945),耀羣,,author,author,"#B4B4B4",104,196,0.132534,3,0.490674,0.527453,0
老圣(1945),老圣,,author,author,"#B4B4B4",104,196,0.132534,3,0.490674,0.527453,0
老舍(1945),老舍,,author,author,"#B4B4B4",187,345,0.480536,2,0.550134,0.591131,0
耿介怀(1945),耿介怀,,author,author,"#B4B4B4",44,64,0.026902,3,0.426789,0.457115,0
耿济之(1945),耿济之,,author,author,"#B4B4B4",187,345,0.480536,2,0.550134,0.591131,0
聂帕姆年亚斯基(1945),聂帕姆年亚斯基,,author,author,"#B4B4B4",140,262,0.15466,3,0.506917,0.550032,0
肇世(1945),肇世,,author,author,"#B4B4B4",92,192,0.070194,3,0.472593,0.510559,0
肯明斯(1945),肯明斯,,author,author,"#B4B4B4",92,192,0.070194,3,0.472593,0.510559,0
胡大庆(1945),胡大庆,,author,author,"#B4B4B4",92,192,0.070194,3,0.472593,0.510559,0
胡思濂(1945),胡思濂,,author,author,"#B4B4B4",187,345,0.480536,2,0.550134,0.591131,0
胡琳(1945),胡琳,,author,author,"#B4B4B4",190,343,0.389869,3,0.532434,0.582034,0
胡经纬(1945),胡经纬,,author,author,"#B4B4B4",97,147,0.137805,2,0.524808,0.547271,0
胡绳(1945),胡绳,,author,author,"#B4B4B4",133,249,0.1612,2,0.534653,0.564815,0
舒模(1945),舒模,,author,author,"#B4B4B4",128,177,0.207667,2,0.533264,0.562378,0
舒湮(1945),舒湮,,author,author,"#B4B4B4",187,345,0.480536,2,0.550134,0.591131,0
舜生(1945),舜生,,author,author,"#B4B4B4",97,147,0.137805,2,0.524808,0.547271,0
艾艾(1945),艾艾,,author,author,"#B4B4B4",44,64,0.026902,3,0.426789,0.457115,0
艾芜(1945),艾芜,,author,author,"#B4B4B4",187,345,0.480536,2,0.550134,0.591131,0
艾莤(1945),艾莤,,author,author,"#B4B4B4",133,249,0.1612,2,0.534653,0.564815,0
花西里(1945),花西里,,author,author,"#B4B4B4",133,249,0.1612,2,0.534653,0.564815,0
苏东(1945),苏东,,author,author,"#B4B4B4",133,249,0.1612,2,0.534653,0.564815,0
若霞(1945),若霞,,author,author,"#B4B4B4",190,343,0.389869,3,0.532434,0.582034,0
苦人(1945),苦人,,author,author,"#B4B4B4",187,345,0.480536,2,0.550134,0.591131,0
英文原(1945),英文原,,author,author,"#B4B4B4",128,177,0.207667,2,0.533264,0.562378,0
范樸斋(1945),范樸斋,,author,author,"#B4B4B4",97,147,0.137805,2,0.524808,0.547271,0
荃麟(1945),荃麟,,author,author,"#B4B4B4",205,324,0.294717,2,0.555495,0.599903,352.735125
草草(1945),草草,,author,author,"#B4B4B4",187,345,0.480536,2,0.550134,0.591131,0
莊稼(1945),莊稼,,author,author,"#B4B4B4",97,147,0.137805,2,0.524808,0.547271,0
莫同尧(1945),莫同尧,,author,author,"#B4B4B4",97,147,0.137805,2,0.524808,0.547271,0
莫启欧(1945),莫启欧,,author,author,"#B4B4B4",187,345,0.480536,2,0.550134,0.591131,0
莫拉夫斯基(1945),莫拉夫斯基,,author,author,"#B4B4B4",140,262,0.15466,3,0.506917,0.550032,0
莫洛托夫(1945),莫洛托夫,,author,author,"#B4B4B4",140,262,0.15466,3,0.506917,0.550032,0
莫白水(1945),莫白水,,author,author,"#B4B4B4",104,196,0.132534,3,0.490674,0.527453,0
莫闻(1945),莫闻,,author,author,"#B4B4B4",133,249,0.1612,2,0.534653,0.564815,0
莫馨娜(1945),莫馨娜,,author,author,"#B4B4B4",140,262,0.15466,3,0.506917,0.550032,0
菲尔林格(1945),菲尔林格,,author,author,"#B4B4B4",140,262,0.15466,3,0.506917,0.550032,0
萧余(1945),萧余,,author,author,"#B4B4B4",128,177,0.207667,2,0.533264,0.562378,0
萧公权(1945),萧公权,,author,author,"#B4B4B4",190,343,0.389869,3,0.532434,0.582034,0
萧军(1945),萧军,,author,author,"#B4B4B4",128,177,0.207667,2,0.533264,0.562378,0
萧孝嵘(1945),萧孝嵘,,author,author,"#B4B4B4",190,343,0.389869,3,0.532434,0.582034,0
葛一虹(1945),葛一虹,,author,author,"#B4B4B4",104,196,0.132534,3,0.490674,0.527453,0
葛琴(1945),葛琴,,author,author,"#B4B4B4",128,177,0.207667,2,0.533264,0.562378,0
董君淮(1945),董君淮,,author,author,"#B4B4B4",190,343,0.389869,3,0.532434,0.582034,0
董浩(1945),董浩,,author,author,"#B4B4B4",187,345,0.480536,2,0.550134,0.591131,0
董渭川(1945),董渭川,,author,author,"#B4B4B4",92,192,0.070194,3,0.472593,0.510559,0
蒂托(1945),蒂托,,author,author,"#B4B4B4",140,262,0.15466,3,0.506917,0.550032,0
蒋介石(1945),蒋介石,,author,author,"#B4B4B4",140,262,0.15466,3,0.506917,0.550032,0
蒋千里(1945),蒋千里,,author,author,"#B4B4B4",190,343,0.389869,3,0.532434,0.582034,0
蒋旨昂(1945),蒋旨昂,,author,author,"#B4B4B4",190,343,0.389869,3,0.532434,0.582034,0
蒋畴余(1945),蒋畴余,,author,author,"#B4B4B4",187,345,0.480536,2,0.550134,0.591131,0
蒲作(1945),蒲作,,author,author,"#B4B4B4",104,196,0.132534,3,0.490674,0.527453,0
蓝光(1945),蓝光,,author,author,"#B4B4B4",104,196,0.132534,3,0.490674,0.527453,0
蓝夫(1945),蓝夫,,author,author,"#B4B4B4",128,177,0.207667,2,0.533264,0.562378,0
蔡乐生(1945),蔡乐生,,author,author,"#B4B4B4",190,343,0.389869,3,0.532434,0.582034,0
蔡楚生(1945),蔡楚生,,author,author,"#B4B4B4",187,345,0.480536,2,0.550134,0.591131,0
薛光前(1945),薛光前,,author,author,"#B4B4B4",92,192,0.070194,3,0.472593,0.510559,0
薛汕(1945),薛汕,,author,author,"#B4B4B4",369,669,0.691987,2,0.609626,0.679825,2196.233432
虞人平(1945),虞人平,,author,author,"#B4B4B4",187,345,0.480536,2,0.550134,0.591131,0
虞德林(1945),虞德林,,author,author,"#B4B4B4",187,345,0.480536,2,0.550134,0.591131,0
衍棣(1945),衍棣,,author,author,"#B4B4B4",187,345,0.480536,2,0.550134,0.591131,0
袁公为(1945),袁公为,,author,author,"#B4B4B4",190,343,0.389869,3,0.532434,0.582034,0
观察者(1945),观察者,,author,author,"#B4B4B4",97,147,0.137805,2,0.524808,0.547271,0
言复(1945),言复,,author,author,"#B4B4B4",37,58,0.018897,3,0.450197,0.475146,0
詹文浒(1945),詹文浒,,author,author,"#B4B4B4",190,343,0.389869,3,0.532434,0.582034,0
詹文涛(1945),詹文涛,,author,author,"#B4B4B4",190,343,0.389869,3,0.532434,0.582034,0
警予(1945),警予,,author,author,"#B4B4B4",187,345,0.480536,2,0.550134,0.591131,0
许声鹗(1945),许声鹗,,author,author,"#B4B4B4",190,343,0.389869,3,0.532434,0.582034,0
许寿裳(1945),许寿裳,,author,author,"#B4B4B4",97,147,0.137805,2,0.524808,0.547271,0
许癀平(1945),许癀平,,author,author,"#B4B4B4",104,196,0.132534,3,0.490674,0.527453,0
许超(1945),许超,,author,author,"#B4B4B4",128,177,0.207667,2,0.533264,0.562378,0
许霏(1945),许霏,,author,author,"#B4B4B4",128,177,0.207667,2,0.533264,0.562378,0
诸慧(1945),诸慧,,author,author,"#B4B4B4",133,249,0.1612,2,0.534653,0.564815,0
调孚(1945),调孚,,author,author,"#B4B4B4",187,345,0.480536,2,0.550134,0.591131,0
谈兵(1945),谈兵,,author,author,"#B4B4B4",92,192,0.070194,3,0.472593,0.510559,0
谢东平(1945),谢东平,,author,author,"#B4B4B4",128,177,0.207667,2,0.533264,0.562378,0
谢伽尔(1945),谢伽尔,,author,author,"#B4B4B4",140,262,0.15466,3,0.506917,0.550032,0
谢尚光(1945),谢尚光,,author,author,"#B4B4B4",92,192,0.070194,3,0.472593,0.510559,0
谷荣(1945),谷荣,,author,author,"#B4B4B4",133,249,0.1612,2,0.534653,0.564815,0
贝塞尔(1945),贝塞尔,,author,author,"#B4B4B4",187,345,0.480536,2,0.550134,0.591131,0
贝廖兹珂(1945),贝廖兹珂,,author,author,"#B4B4B4",140,262,0.15466,3,0.506917,0.550032,0
贞恒(1945),贞恒,,author,author,"#B4B4B4",190,343,0.389869,3,0.532434,0.582034,0
费克(1945),费克,,author,author,"#B4B4B4",128,177,0.207667,2,0.533264,0.562378,0
费哲(1945),费哲,,author,author,"#B4B4B4",44,64,0.026902,3,0.426789,0.457115,0
贺湄(1945),贺湄,,author,author,"#B4B4B4",44,64,0.026902,3,0.426789,0.457115,0
赛珍珠(1945),赛珍珠,,author,author,"#B4B4B4",190,343,0.389869,3,0.532434,0.582034,0
赛菲洛夫(1945),赛菲洛夫,,author,author,"#B4B4B4",264,439,0.347201,2,0.573826,0.628655,4787.867637
赫伦尼柯夫(1945),赫伦尼柯夫,,author,author,"#B4B4B4",140,262,0.15466,3,0.506917,0.550032,0
赵捷民(1945),赵捷民,,author,author,"#B4B4B4",190,343,0.389869,3,0.532434,0.582034,0
赵樸(1945),赵樸,,author,author,"#B4B4B4",190,343,0.389869,3,0.532434,0.582034,0
赵毅甫(1945),赵毅甫,,author,author,"#B4B4B4",190,343,0.389869,3,0.532434,0.582034,0
辛伯度(1945),辛伯度,,author,author,"#B4B4B4",190,343,0.389869,3,0.532434,0.582034,0
辛海(1945),辛海,,author,author,"#B4B4B4",97,147,0.137805,2,0.524808,0.547271,0
辛笛(1945),辛笛,,author,author,"#B4B4B4",104,196,0.132534,3,0.490674,0.527453,0
迟达诺夫(1945),迟达诺夫,,author,author,"#B4B4B4",140,262,0.15466,3,0.506917,0.550032,0
迦勃里洛维契(1945),迦勃里洛维契,,author,author,"#B4B4B4",140,262,0.15466,3,0.506917,0.550032,0
迦拉克季昂诺夫(1945),迦拉克季昂诺夫,,author,author,"#B4B4B4",140,262,0.15466,3,0.506917,0.550032,0
迻山(1945),迻山,,author,author,"#B4B4B4",187,345,0.480536,2,0.550134,0.591131,0
退知(1945),退知,,author,author,"#B4B4B4",133,249,0.1612,2,0.534653,0.564815,0
邓初氏(1945),邓初氏,,author,author,"#B4B4B4",97,147,0.137805,2,0.524808,0.547271,0
邵冲霄(1945),邵冲霄,,author,author,"#B4B4B4",281,535,0.455327,2,0.579334,0.63694,9713.886257
邵嘉陵(1945),邵嘉陵,,author,author,"#B4B4B4",92,192,0.070194,3,0.472593,0.510559,0
邵慎之(1945),邵慎之,,author,author,"#B4B4B4",128,177,0.207667,2,0.533264,0.562378,0
邹鲁(1945),邹鲁,,author,author,"#B4B4B4",128,177,0.207667,2,0.533264,0.562378,0
郑光昭(1945),郑光昭,,author,author,"#B4B4B4",104,196,0.132534,3,0.490674,0.527453,0
郑初民(1945),郑初民,,author,author,"#B4B4B4",133,249,0.1612,2,0.534653,0.564815,0
郑独步(1945),郑独步,,author,author,"#B4B4B4",133,249,0.1612,2,0.534653,0.564815,0
郑璋(1945),郑璋,,author,author,"#B4B4B4",190,343,0.389869,3,0.532434,0.582034,0
郭沬若(1945),郭沬若,,author,author,"#B4B4B4",97,147,0.137805,2,0.524808,0.547271,0
金向凡(1945),金向凡,,author,author,"#B4B4B4",97,147,0.137805,2,0.524808,0.547271,0
金端苓(1945),金端苓,,author,author,"#B4B4B4",128,177,0.207667,2,0.533264,0.562378,0
金风(1945),金风,,author,author,"#B4B4B4",140,262,0.15466,3,0.506917,0.550032,0
钟宣(1945),钟宣,,author,author,"#B4B4B4",37,58,0.018897,3,0.450197,0.475146,0
钟百频(1945),钟百频,,author,author,"#B4B4B4",133,249,0.1612,2,0.534653,0.564815,0
铁僧(1945),铁僧,,author,author,"#B4B4B4",44,64,0.026902,3,0.426789,0.457115,0
锺吕恩(1945),锺吕恩,,author,author,"#B4B4B4",190,343,0.389869,3,0.532434,0.582034,0
闻一多(1945),闻一多,,author,author,"#B4B4B4",133,249,0.1612,2,0.534653,0.564815,0
闻家駰(1945),闻家駰,,author,author,"#B4B4B4",133,249,0.1612,2,0.534653,0.564815,0
闻家驷(1945),闻家驷,,author,author,"#B4B4B4",133,249,0.1612,2,0.534653,0.564815,0
闾方(1945),闾方,,author,author,"#B4B4B4",187,345,0.480536,2,0.550134,0.591131,0
阳翰笙(1945),阳翰笙,,author,author,"#B4B4B4",128,177,0.207667,2,0.533264,0.562378,0
阿凌(1945),阿凌,,author,author,"#B4B4B4",97,147,0.137805,2,0.524808,0.547271,0
阿基莫夫(1945),阿基莫夫,,author,author,"#B4B4B4",140,262,0.15466,3,0.506917,0.550032,0
阿希敦(1945),阿希敦,,author,author,"#B4B4B4",92,192,0.070194,3,0.472593,0.510559,0
阿法那西叶夫(1945),阿法那西叶夫,,author,author,"#B4B4B4",140,262,0.15466,3,0.506917,0.550032,0
阿特里(1945),阿特里,,author,author,"#B4B4B4",92,192,0.070194,3,0.472593,0.510559,0
陆平(1945),陆平,,author,author,"#B4B4B4",133,249,0.1612,2,0.534653,0.564815,0
陆诒(1945),陆诒,,author,author,"#B4B4B4",276,537,0.537507,2,0.577703,0.634503,5414.319233
陆青(1945),陆青,,author,author,"#B4B4B4",97,147,0.137805,2,0.524808,0.547271,0
陈之骥(1945),陈之骥,,author,author,"#B4B4B4",128,177,0.207667,2,0.533264,0.562378,0
陈亦丹(1945),陈亦丹,,author,author,"#B4B4B4",221,441,0.223283,2,0.56035,0.6077,2368.605828
陈健夫(1945),陈健夫,,author,author,"#B4B4B4",190,343,0.389869,3,0.532434,0.582034,0
陈元良(1945),陈元良,,author,author,"#B4B4B4",187,345,0.480536,2,0.550134,0.591131,0
陈兆珂(1945),陈兆珂,,author,author,"#B4B4B4",187,345,0.480536,2,0.550134,0.591131,0
陈加(1945),陈加,,author,author,"#B4B4B4",190,343,0.389869,3,0.532434,0.582034,0
陈博生(1945),陈博生,,author,author,"#B4B4B4",190,343,0.389869,3,0.532434,0.582034,0
陈国钧(1945),陈国钧,,author,author,"#B4B4B4",190,343,0.389869,3,0.532434,0.582034,0
陈家康(1945),陈家康,,author,author,"#B4B4B4",37,58,0.018897,3,0.450197,0.475146,0
陈封雄(1945),陈封雄,,author,author,"#B4B4B4",92,192,0.070194,3,0.472593,0.510559,0
陈尚藩(1945),陈尚藩,,author,author,"#B4B4B4",187,345,0.480536,2,0.550134,0.591131,0
陈志忠(1945),陈志忠,,author,author,"#B4B4B4",37,58,0.018897,3,0.450197,0.475146,0
陈愿(1945),陈愿,,author,author,"#B4B4B4",128,177,0.207667,2,0.533264,0.562378,0
陈时臬(1945),陈时臬,,author,author,"#B4B4B4",104,196,0.132534,3,0.490674,0.527453,0
陈明文(1945),陈明文,,author,author,"#B4B4B4",133,249,0.1612,2,0.534653,0.564815,0
陈汉清(1945),陈汉清,,author,author,"#B4B4B4",190,343,0.389869,3,0.532434,0.582034,0
陈烟桥刻(1945),陈烟桥刻,,author,author,"#B4B4B4",104,196,0.132534,3,0.490674,0.527453,0
陈箇民(1945),陈箇民,,author,author,"#B4B4B4",190,343,0.389869,3,0.532434,0.582034,0
陈翰伯(1945),陈翰伯,,author,author,"#B4B4B4",205,324,0.294717,2,0.555495,0.599903,352.735125
陈范(1945),陈范,,author,author,"#B4B4B4",104,196,0.132534,3,0.490674,0.527453,0
陈菊珍(1945),陈菊珍,,author,author,"#B4B4B4",104,196,0.132534,3,0.490674,0.527453,0
陈轲(1945),陈轲,,author,author,"#B4B4B4",187,345,0.480536,2,0.550134,0.591131,0
陈辛(1945),陈辛,,author,author,"#B4B4B4",104,196,0.132534,3,0.490674,0.527453,0
陈达(1945),陈达,,author,author,"#B4B4B4",190,343,0.389869,3,0.532434,0.582034,0
陈铨(1945),陈铨,,author,author,"#B4B4B4",190,343,0.389869,3,0.532434,0.582034,0
陈铭(1945),陈铭,,author,author,"#B4B4B4",190,343,0.389869,3,0.532434,0.582034,0
陈雪屏(1945),陈雪屏,,author,author,"#B4B4B4",190,343,0.389869,3,0.532434,0.582034,0
陶__(1945),陶__,,author,author,"#B4B4B4",190,343,0.389869,3,0.532434,0.582034,0
陶樾(1945),陶樾,,author,author,"#B4B4B4",190,343,0.389869,3,0.532434,0.582034,0
隐民(1945),隐民,,author,author,"#B4B4B4",92,192,0.070194,3,0.472593,0.510559,0
雨生(1945),雨生,,author,author,"#B4B4B4",97,147,0.137805,2,0.524808,0.547271,0
雪峰(1945),雪峰,,author,author,"#B4B4B4",128,177,0.207667,2,0.533264,0.562378,0
雷凤池(1945),雷凤池,,author,author,"#B4B4B4",190,343,0.389869,3,0.532434,0.582034,0
雷诺斯(1945),雷诺斯,,author,author,"#B4B4B4",92,192,0.070194,3,0.472593,0.510559,0
雷铭(1945),雷铭,,author,author,"#B4B4B4",133,249,0.1612,2,0.534653,0.564815,0
青蛉(1945),青蛉,,author,author,"#B4B4B4",133,249,0.1612,2,0.534653,0.564815,0
韦康(1945),韦康,,author,author,"#B4B4B4",165,241,0.219206,2,0.54372,0.580409,1344.453285
韩北屏(1945),韩北屏,,author,author,"#B4B4B4",128,177,0.207667,2,0.533264,0.562378,0
顾兹明(1945),顾兹明,,author,author,"#B4B4B4",140,262,0.15466,3,0.506917,0.550032,0
顾德列伐蒂赫(1945),顾德列伐蒂赫,,author,author,"#B4B4B4",140,262,0.15466,3,0.506917,0.550032,0
顾歇夫(1945),顾歇夫,,author,author,"#B4B4B4",140,262,0.15466,3,0.506917,0.550032,0
顾维钧(1945),顾维钧,,author,author,"#B4B4B4",190,343,0.389869,3,0.532434,0.582034,0
顾翊羣(1945),顾翊羣,,author,author,"#B4B4B4",190,343,0.389869,3,0.532434,0.582034,0
顿风(1945),顿风,,author,author,"#B4B4B4",187,345,0.480536,2,0.550134,0.591131,0
颂俞华(1945),颂俞华,,author,author,"#B4B4B4",92,192,0.070194,3,0.472593,0.510559,0
风沙(1945),风沙,,author,author,"#B4B4B4",128,177,0.207667,2,0.533264,0.562378,0
马义(1945),马义,,author,author,"#B4B4B4",187,345,0.480536,2,0.550134,0.591131,0
马代(1945),马代,,author,author,"#B4B4B4",133,249,0.1612,2,0.534653,0.564815,0
马元__(1945),马元__,,author,author,"#B4B4B4",190,343,0.389869,3,0.532434,0.582034,0
马叶(1945),马叶,,author,author,"#B4B4B4",190,343,0.389869,3,0.532434,0.582034,0
马寅初(1945),马寅初,,author,author,"#B4B4B4",205,324,0.294717,2,0.555495,0.599903,352.735125
马戈(1945),马戈,,author,author,"#B4B4B4",187,345,0.480536,2,0.550134,0.591131,0
马星野(1945),马星野,,author,author,"#B4B4B4",281,535,0.455327,2,0.579334,0.63694,9713.886257
马歇尔(1945),马歇尔,,author,author,"#B4B4B4",92,192,0.070194,3,0.472593,0.510559,0
马歇尔特(1945),马歇尔特,,author,author,"#B4B4B4",104,196,0.132534,3,0.490674,0.527453,0
马远(1945),马远,,author,author,"#B4B4B4",133,249,0.1612,2,0.534653,0.564815,0
骆宾基(1945),骆宾基,,author,author,"#B4B4B4",128,177,0.207667,2,0.533264,0.562378,0
高云云(1945),高云云,,author,author,"#B4B4B4",190,343,0.389869,3,0.532434,0.582034,0
高光(1945),高光,,author,author,"#B4B4B4",133,249,0.1612,2,0.534653,0.564815,0
高克夫(1945),高克夫,,author,author,"#B4B4B4",92,192,0.070194,3,0.472593,0.510559,0
高迈(1945),高迈,,author,author,"#B4B4B4",190,343,0.389869,3,0.532434,0.582034,0
魏友棐(1945),魏友棐,,author,author,"#B4B4B4",187,345,0.480536,2,0.550134,0.591131,0
魏惟仪(1945),魏惟仪,,author,author,"#B4B4B4",190,343,0.389869,3,0.532434,0.582034,0
魏金枝(1945),魏金枝,,author,author,"#B4B4B4",104,196,0.132534,3,0.490674,0.527453,0
鱼目(1945),鱼目,,author,author,"#B4B4B4",187,345,0.480536,2,0.550134,0.591131,0
鲁宾斯坦(1945),鲁宾斯坦,,author,author,"#B4B4B4",140,262,0.15466,3,0.506917,0.550032,0
鲁山(1945),鲁山,,author,author,"#B4B4B4",133,249,0.1612,2,0.534653,0.564815,0
鲁林(1945),鲁林,,author,author,"#B4B4B4",190,343,0.389869,3,0.532434,0.582034,0
鲁迅(1945),鲁迅,,author,author,"#B4B4B4",187,345,0.480536,2,0.550134,0.591131,0
鲁逵(1945),鲁逵,,author,author,"#B4B4B4",187,345,0.480536,2,0.550134,0.591131,0
鲍尔温(1945),鲍尔温,,author,author,"#B4B4B4",44,64,0.026902,3,0.426789,0.457115,0
鲍鸿生(1945),鲍鸿生,,author,author,"#B4B4B4",187,345,0.480536,2,0.550134,0.591131,0
黄吉兴(1945),黄吉兴,,author,author,"#B4B4B4",133,249,0.1612,2,0.534653,0.564815,0
黄大能(1945),黄大能,,author,author,"#B4B4B4",92,192,0.070194,3,0.472593,0.510559,0
黄宗英(1945),黄宗英,,author,author,"#B4B4B4",187,345,0.480536,2,0.550134,0.591131,0
黄杉(1945),黄杉,,author,author,"#B4B4B4",133,249,0.1612,2,0.534653,0.564815,0
黄正铭(1945),黄正铭,,author,author,"#B4B4B4",190,343,0.389869,3,0.532434,0.582034,0
黄河清(1945),黄河清,,author,author,"#B4B4B4",92,192,0.070194,3,0.472593,0.510559,0
黄海(1945),黄海,,author,author,"#B4B4B4",133,249,0.1612,2,0.534653,0.564815,0
黄荣灿(1945),黄荣灿,,author,author,"#B4B4B4",128,177,0.207667,2,0.533264,0.562378,0
黄道庸(1945),黄道庸,,author,author,"#B4B4B4",205,324,0.294717,2,0.555495,0.599903,352.735125
黎冰鸿(1945),黎冰鸿,,author,author,"#B4B4B4",128,177,0.207667,2,0.533264,0.562378,0
黎华(1945),黎华,,author,author,"#B4B4B4",133,249,0.1612,2,0.534653,0.564815,0
黎平(1945),黎平,,author,author,"#B4B4B4",92,192,0.070194,3,0.472593,0.510559,0
黎明(1945),黎明,,author,author,"#B4B4B4",187,345,0.480536,2,0.550134,0.591131,0
齐人(1945),齐人,,author,author,"#B4B4B4",104,196,0.132534,3,0.490674,0.527453,0
龙天峯(1945),龙天峯,,author,author,"#B4B4B4",104,196,0.132534,3,0.490674,0.527453,0
龙季子(1945),龙季子,,author,author,"#B4B4B4",128,177,0.207667,2,0.533264,0.562378,0
（印）约希(1945),（印）约希,,author,author,"#B4B4B4",37,58,0.018897,3,0.450197,0.475146,0
（法）·安德兰罗素(1945),（法）·安德兰罗素,,author,author,"#B4B4B4",128,177,0.207667,2,0.533264,0.562378,0
（瑞士）G·凯勒(1945),（瑞士）G·凯勒,,author,author,"#B4B4B4",128,177,0.207667,2,0.533264,0.562378,0
（美）安德鲁鲍思(1945),（美）安德鲁鲍思,,author,author,"#B4B4B4",133,249,0.1612,2,0.534653,0.564815,0
（美）福尔曼(1945),（美）福尔曼,,author,author,"#B4B4B4",133,249,0.1612,2,0.534653,0.564815,0
（美）蓝纳(1945),（美）蓝纳,,author,author,"#B4B4B4",133,249,0.1612,2,0.534653,0.564815,0
（苏）Dmitrevsky，N.(1945),（苏）Dmitrevsky，N.,,author,author,"#B4B4B4",37,58,0.018897,3,0.450197,0.475146,0
（苏）树柯夫(1945),（苏）树柯夫,,author,author,"#B4B4B4",140,262,0.15466,3,0.506917,0.550032,0
（苏）顾拉索夫(1945),（苏）顾拉索夫,,author,author,"#B4B4B4",140,262,0.15466,3,0.506917,0.550032,0
（英）马可里(1945),（英）马可里,,author,author,"#B4B4B4",205,324,0.294717,2,0.555495,0.599903,352.735125
