Id,Label,timeset,type,indegree,outdegree,Degree,weighted indegree,weighted outdegree,Weighted Degree,eigencentrality,Eccentricity,closnesscentrality,harmonicclosnesscentrality,betweenesscentrality
生活 (n),生活,,notion,12,0,12,13,0,13,0.698482,10,0.228593,0.267294,2935.934346
民主 (n),民主,,notion,13,0,13,15,0,15,0.291999,10,0.242958,0.278833,30361.473818
经济 (n),经济,,notion,9,0,9,20,0,20,0.061783,10,0.203678,0.231216,9169.711437
世界 (n),世界,,notion,9,0,9,9,0,9,0.091431,10,0.22425,0.255807,15021.163381
以后 (n),以后,,notion,1,0,1,1,0,1,0.021778,12,0.194661,0.212612,0
重庆 (n),重庆,,notion,1,0,1,1,0,1,0.001695,2,0.666667,0.75,0
中国 (n),中国,,notion,8,0,8,8,0,8,0.064743,10,0.212257,0.241382,12958.807895
先生 (n),先生,,notion,9,0,9,12,0,12,0.068235,10,0.219961,0.247252,23027.314401
胜利 (n),胜利,,notion,6,0,6,9,0,9,0.074833,12,0.21604,0.240892,3757.678558
美国 (n),美国,,notion,8,0,8,12,0,12,0.085544,10,0.214491,0.244262,12948.686438
大会 (n),大会,,notion,1,0,1,1,0,1,0.016919,12,0.188129,0.205323,0
纪念 (n),纪念,,notion,2,0,2,2,0,2,0.015933,12,0.166173,0.182176,795.779123
会议 (n),会议,,notion,4,0,4,4,0,4,0.057256,10,0.21086,0.236923,9789.832304
战后 (n),战后,,notion,1,0,1,1,0,1,0.054014,12,0.188525,0.20749,0
柏林 (n),柏林,,notion,1,0,1,3,0,3,0.008952,10,0.169565,0.181961,0
前后 (n),前后,,notion,2,0,2,2,0,2,0.004328,2,0.6,0.666667,9
国际 (n),国际,,notion,1,0,1,8,0,8,0.032784,10,0.202483,0.222331,0
问题 (n),问题,,notion,24,0,24,26,0,26,0.787374,8,0.255701,0.303071,49613.30655
日记 (n),日记,,notion,1,0,1,1,0,1,0.001695,2,0.666667,0.75,0
云南 (n),云南,,notion,1,0,1,1,0,1,0.001695,2,0.666667,0.75,0
政治 (n),政治,,notion,19,0,19,23,0,23,0.780674,10,0.246564,0.294324,30374.591362
工作 (n),工作,,notion,1,0,1,3,0,3,0.003875,4,0.45,0.509259,0
内战 (n),内战,,notion,1,0,1,1,0,1,0.073776,10,0.202758,0.223116,0
和平 (n),和平,,notion,34,0,34,48,0,48,1,10,0.283502,0.346813,106946.874705
人民 (n),人民,,notion,14,0,14,16,0,16,0.140554,10,0.217507,0.254581,25055.66926
提高 (n),提高,,notion,1,0,1,1,0,1,0.004581,12,0.154177,0.164811,0
对华政策 (n),对华政策,,notion,2,0,2,2,0,2,0.019343,12,0.187972,0.206961,490.448089
青年 (n),青年,,notion,1,0,1,1,0,1,0.002092,2,0.6,0.666667,0
历史 (n),历史,,notion,1,0,1,1,0,1,0.009303,12,0.170727,0.182636,0
外长 (n),外长,,notion,1,0,1,1,0,1,0.016919,12,0.188129,0.205323,0
社会 (n),社会,,notion,1,0,1,1,0,1,0.043999,12,0.174922,0.192034,0
逻辑 (n),逻辑,,notion,1,0,1,1,0,1,0.079499,12,0.205545,0.232329,0
战局 (n),战局,,notion,3,0,3,13,0,13,0.040115,12,0.19517,0.218871,1222.038133
独立运动 (n),独立运动,,notion,1,0,1,1,0,1,0.054014,12,0.188525,0.20749,0
欧洲 (n),欧洲,,notion,2,0,2,2,0,2,0.035936,10,0.199511,0.220539,705.588576
教育 (n),教育,,notion,2,0,2,3,0,3,0.015929,12,0.179904,0.196285,1461.501294
恢复 (n),恢复,,notion,1,0,1,1,0,1,0.005541,12,0.16489,0.175449,0
几个 (n),几个,,notion,1,0,1,1,0,1,0.003359,2,0.545455,0.583333,0
研究 (n),研究,,notion,1,0,1,1,0,1,0.011944,10,0.175951,0.190368,0
苏联 (n),苏联,,notion,2,0,2,2,0,2,0.007357,12,0.164286,0.178461,406.743336
待续 (n),待续,,notion,1,0,1,2,0,2,0.003462,12,0.152967,0.161733,0
不要 (n),不要,,notion,1,0,1,1,0,1,0.012508,12,0.191667,0.207224,0
阶段 (n),阶段,,notion,3,0,3,3,0,3,0.05371,10,0.208314,0.232813,2228.640622
检讨 (n),检讨,,notion,1,0,1,1,0,1,0.015739,10,0.187031,0.201307,0
香港 (n),香港,,notion,1,0,1,2,0,2,0.013325,10,0.186409,0.199968,0
农村 (n),农村,,notion,1,0,1,1,0,1,0.002312,14,0.118871,0.12457,0
昆明 (n),昆明,,notion,1,0,1,1,0,1,0.001695,2,0.666667,0.75,0
思想 (n),思想,,notion,1,0,1,1,0,1,0.001695,2,0.666667,0.75,0
准备 (n),准备,,notion,3,0,3,3,0,3,0.033329,10,0.191585,0.213254,3157.978337
最后 (n),最后,,notion,3,0,3,3,0,3,0.014926,12,0.169437,0.186366,4369.742978
日本 (n),日本,,notion,7,0,7,7,0,7,0.142489,10,0.238818,0.275038,24682.591088
思潮 (n),思潮,,notion,1,0,1,1,0,1,0.004198,14,0.118682,0.126521,0
展望 (n),展望,,notion,9,0,9,43,0,43,0.277918,10,0.236177,0.27774,20500.84033
未来 (n),未来,,notion,1,0,1,1,0,1,0.066229,10,0.201664,0.220065,0
莫斯科 (n),莫斯科,,notion,1,0,1,1,0,1,0.001792,4,0.3,0.37037,0
方式 (n),方式,,notion,1,0,1,1,0,1,0.0059,14,0.122877,0.131133,0
法国 (n),法国,,notion,1,0,1,1,0,1,0.025695,10,0.189641,0.208268,0
解放 (n),解放,,notion,7,0,7,8,0,8,0.13481,10,0.224925,0.254342,11121.221154
民族 (n),民族,,notion,1,0,1,1,0,1,0.008077,12,0.153229,0.16477,0
社会主义 (n),社会主义,,notion,5,0,5,6,0,6,0.020861,12,0.155244,0.172638,10456.298567
庆祝 (n),庆祝,,notion,1,0,1,1,0,1,0.008862,12,0.170662,0.182357,0
应有 (n),应有,,notion,3,0,3,7,0,7,0.019983,10,0.170987,0.185488,619.810684
汉奸 (n),汉奸,,notion,1,0,1,1,0,1,0.004743,2,0.529412,0.555556,0
始末 (n),始末,,notion,1,0,1,3,0,3,0.008952,10,0.169565,0.181961,0
欢迎 (n),欢迎,,notion,2,0,2,2,0,2,0.008258,12,0.163388,0.175905,1371.123302
新年 (n),新年,,notion,3,0,3,3,0,3,0.032072,10,0.206112,0.225334,6653.777401
杂谈 (n),杂谈,,notion,1,0,1,2,0,2,0.004268,2,0.533333,0.5625,0
反对 (n),反对,,notion,1,0,1,1,0,1,0.003854,12,0.16168,0.171165,0
上海 (n),上海,,notion,2,0,2,2,0,2,0.007756,10,0.171314,0.183509,364.228006
健全 (n),健全,,notion,1,0,1,1,0,1,0.008187,12,0.165437,0.178365,0
大学 (n),大学,,notion,1,0,1,1,0,1,0.081632,10,0.206682,0.228007,0
应该 (n),应该,,notion,2,0,2,2,0,2,0.06912,10,0.208993,0.228823,1436.605429
代表 (n),代表,,notion,1,0,1,1,0,1,0.079499,12,0.205545,0.232329,0
第三次 (n),第三次,,notion,1,0,1,1,0,1,0.003914,4,0.340909,0.405556,0
见闻 (n),见闻,,notion,1,0,1,1,0,1,0.002924,2,0.555556,0.6,0
这是 (n),这是,,notion,1,0,1,1,0,1,0.079499,12,0.205545,0.232329,0
时局 (n),时局,,notion,2,0,2,2,0,2,0.021419,12,0.192077,0.209821,121.955259
杜鲁门 (n),杜鲁门,,notion,1,0,1,1,0,1,0.016919,12,0.188129,0.205323,0
中苏 (n),中苏,,notion,1,0,1,1,0,1,0.011156,12,0.188366,0.203245,0
成立 (n),成立,,notion,1,0,1,1,0,1,0.004959,12,0.155137,0.165951,0
政权 (n),政权,,notion,1,0,1,1,0,1,0.002627,16,0.09881,0.10396,0
认识 (n),认识,,notion,5,0,5,5,0,5,0.037908,10,0.206777,0.230124,8296.386128
形式 (n),形式,,notion,1,0,1,1,0,1,0.002627,16,0.09881,0.10396,0
澈底 (n),澈底,,notion,2,0,2,2,0,2,0.051605,10,0.181066,0.200563,908.78568
全国 (n),全国,,notion,1,0,1,1,0,1,0.004585,12,0.160753,0.170527,0
之四 (n),之四,,notion,1,0,1,1,0,1,0.003411,14,0.124965,0.132888,0
民主运动 (n),民主运动,,notion,1,0,1,2,0,2,0.002668,12,0.150201,0.15955,0
现实 (n),现实,,notion,1,0,1,1,0,1,0.029048,12,0.19077,0.211048,0
战争 (n),战争,,notion,3,0,3,4,0,4,0.055624,10,0.202392,0.224567,989.902286
文化 (n),文化,,notion,2,0,2,2,0,2,0.010229,10,0.174582,0.188439,295.814727
两种 (n),两种,,notion,2,0,2,2,0,2,0.003653,2,0.75,0.833333,0.5
如此 (n),如此,,notion,1,0,1,1,0,1,0.003426,4,0.444444,0.510417,0
军事 (n),军事,,notion,1,0,1,1,0,1,0.002439,12,0.129475,0.136848,0
当前 (n),当前,,notion,1,0,1,1,0,1,0.029048,12,0.19077,0.211048,0
复兴 (n),复兴,,notion,1,0,1,1,0,1,0.00359,12,0.152759,0.162353,0
清明 (n),清明,,notion,1,0,1,1,0,1,0.002673,14,0.11976,0.12595,0
解放区 (n),解放区,,notion,2,0,2,2,0,2,0.010351,10,0.170727,0.183506,772.81056
时代 (n),时代,,notion,1,0,1,1,0,1,0.005193,12,0.159893,0.172014,0
广州 (n),广州,,notion,3,0,3,3,0,3,0.009668,12,0.157258,0.170593,4184.010367
生产 (n),生产,,notion,1,0,1,1,0,1,0.005751,12,0.152396,0.164381,0
前途 (n),前途,,notion,3,0,3,3,0,3,0.031067,10,0.199156,0.217505,4079.467624
国家 (n),国家,,notion,3,0,3,3,0,3,0.092561,10,0.209482,0.234165,1900.565196
科学 (n),科学,,notion,2,0,2,2,0,2,0.070675,10,0.19749,0.216142,106.156103
亚洲 (n),亚洲,,notion,1,0,1,1,0,1,0.032784,10,0.202483,0.222331,0
前夕 (n),前夕,,notion,2,0,2,2,0,2,0.005846,12,0.156381,0.167771,978.535269
发展 (n),发展,,notion,3,0,3,3,0,3,0.052833,10,0.209677,0.233916,4652.644538
合作 (n),合作,,notion,1,0,1,1,0,1,0.015141,12,0.183811,0.198782,0
希望 (n),希望,,notion,3,0,3,3,0,3,0.022771,12,0.186797,0.204293,4347.204894
意见 (n),意见,,notion,2,0,2,3,0,3,0.017549,10,0.183061,0.200717,441.754945
革命 (n),革命,,notion,4,0,4,4,0,4,0.137148,10,0.211357,0.2381,10464.45494
我国 (n),我国,,notion,2,0,2,6,0,6,0.016399,12,0.16058,0.17372,0.1
还是 (n),还是,,notion,1,0,1,1,0,1,0.057324,10,0.195255,0.21241,0
第一 (n),第一,,notion,2,0,2,2,0,2,0.0143,14,0.14763,0.160902,98.666667
力量 (n),力量,,notion,2,0,2,2,0,2,0.012718,12,0.164346,0.180425,301.835851
结合 (n),结合,,notion,1,0,1,1,0,1,0.005226,12,0.153176,0.162848,0
团结 (n),团结,,notion,1,0,1,1,0,1,0.004469,12,0.148756,0.15874,0
旅行 (n),旅行,,notion,1,0,1,1,0,1,0.00344,16,0.090314,0.095385,0
运动 (n),运动,,notion,1,0,1,1,0,1,0.032784,10,0.202483,0.222331,0
方向 (n),方向,,notion,1,0,1,1,0,1,0.010242,12,0.177765,0.191652,0
外交政策 (n),外交政策,,notion,1,0,1,1,0,1,0.002986,12,0.149152,0.158551,0
华北 (n),华北,,notion,1,0,1,1,0,1,0.002772,12,0.142607,0.149984,0
东北 (n),东北,,notion,1,0,1,1,0,1,0.001843,14,0.109685,0.114573,0
本质 (n),本质,,notion,1,0,1,1,0,1,0.073776,10,0.202758,0.223116,0
波茨坦 (n),波茨坦,,notion,1,0,1,1,0,1,0.015054,12,0.180265,0.197451,0
题词 (n),题词,,notion,1,0,1,1,0,1,0.001754,3,0.5,0.611111,0
之间 (n),之间,,notion,14,0,14,14,0,14,0.788223,10,0.244681,0.293131,17800.716068
局势 (n),局势,,notion,1,0,1,1,0,1,0.003359,2,0.545455,0.583333,0
联合国 (n),联合国,,notion,1,0,1,1,0,1,0.079499,12,0.205545,0.232329,0
真的 (n),真的,,notion,1,0,1,1,0,1,0.009197,12,0.181066,0.195226,0
要求 (n),要求,,notion,1,0,1,1,0,1,0.079499,12,0.205545,0.232329,0
万岁 (n),万岁,,notion,2,0,2,2,0,2,0.006263,12,0.148855,0.159761,1790
四川 (n),四川,,notion,1,0,1,1,0,1,0.001832,14,0.117408,0.122919,0
风光 (n),风光,,notion,1,0,1,1,0,1,0.008241,14,0.147581,0.160159,0
主张 (n),主张,,notion,1,0,1,1,0,1,0.011944,10,0.175951,0.190368,0
学生 (n),学生,,notion,1,0,1,1,0,1,0.081632,10,0.206682,0.228007,0
政府 (n),政府,,notion,4,0,4,8,0,8,0.102989,10,0.208605,0.234659,6830.589816
外交 (n),外交,,notion,2,0,2,2,0,2,0.037742,10,0.203956,0.225694,2045.737971
需要 (n),需要,,notion,1,0,1,1,0,1,0.079499,12,0.205545,0.232329,0
政策 (n),政策,,notion,7,0,7,7,0,7,0.082402,10,0.228244,0.255942,13654.094584
清算 (n),清算,,notion,1,0,1,1,0,1,0.015054,12,0.180265,0.197451,0
迎接 (n),迎接,,notion,8,0,8,11,0,11,0.072919,10,0.215625,0.238863,6297.936524
审查 (n),审查,,notion,1,0,1,1,0,1,0.004959,12,0.155137,0.165951,0
宪法 (n),宪法,,notion,2,0,2,2,0,2,0.010151,12,0.151828,0.16418,134.551402
元旦 (n),元旦,,notion,2,0,2,2,0,2,0.009147,12,0.157867,0.170631,3572
无题 (n),无题,,notion,1,0,1,1,0,1,0.008036,12,0.163032,0.176553,0
目前 (n),目前,,notion,1,0,1,1,0,1,0.003359,2,0.545455,0.583333,0
自由 (n),自由,,notion,2,0,2,2,0,2,0.011405,12,0.179328,0.195158,484.90124
制造 (n),制造,,notion,1,0,1,1,0,1,0.002618,14,0.11906,0.125734,0
大赦 (n),大赦,,notion,1,0,1,1,0,1,0.079499,12,0.205545,0.232329,0
惩办 (n),惩办,,notion,2,0,2,2,0,2,0.074306,10,0.204701,0.22587,3157.608484
一点 (n),一点,,notion,3,0,3,3,0,3,0.146067,10,0.218036,0.247617,10192.103097
争取 (n),争取,,notion,1,0,1,1,0,1,0.062962,10,0.197316,0.21512,0
新中国 (n),新中国,,notion,5,0,5,5,0,5,0.041368,10,0.193319,0.21466,4133.74612
法西斯 (n),法西斯,,notion,1,0,1,1,0,1,0.016919,12,0.188129,0.205323,0
消灭 (n),消灭,,notion,1,0,1,1,0,1,0.043528,12,0.175676,0.192851,0
建设 (n),建设,,notion,3,0,3,3,0,3,0.022759,10,0.1875,0.206192,2874.557542
关键 (n),关键,,notion,1,0,1,1,0,1,0.003359,2,0.545455,0.583333,0
攻势 (n),攻势,,notion,1,0,1,1,0,1,0.001695,2,0.666667,0.75,0
创建 (n),创建,,notion,1,0,1,1,0,1,0.043999,12,0.174922,0.192034,0
肃清 (n),肃清,,notion,1,0,1,1,0,1,0.002791,12,0.13783,0.145641,0
关系 (n),关系,,notion,2,0,2,2,0,2,0.006254,12,0.14802,0.158816,1694.923947
经济危机 (n),经济危机,,notion,1,0,1,1,0,1,0.003229,12,0.154976,0.164789,0
工业 (n),工业,,notion,1,0,1,1,0,1,0.005825,12,0.162559,0.173572,0
障碍 (n),障碍,,notion,2,0,2,2,0,2,0.031195,12,0.194746,0.213355,26.397899
大西洋 (n),大西洋,,notion,1,0,1,1,0,1,0.032784,10,0.202483,0.222331,0
成长 (n),成长,,notion,2,0,2,2,0,2,0.068782,10,0.207351,0.226498,6082.474894
刊物 (n),刊物,,notion,1,0,1,1,0,1,0.005605,12,0.156599,0.168412,0
北平 (n),北平,,notion,4,0,4,6,0,6,0.09469,12,0.208121,0.239953,17563.188889
基本 (n),基本,,notion,1,0,1,1,0,1,0.003359,2,0.545455,0.583333,0
地位 (n),地位,,notion,1,0,1,1,0,1,0.007738,12,0.151623,0.16273,0
作风 (n),作风,,notion,1,0,1,1,0,1,0.073776,10,0.202758,0.223116,0
精神 (n),精神,,notion,3,0,3,3,0,3,0.215145,10,0.225264,0.259005,2489.954677
访问记 (n),访问记,,notion,1,0,1,1,0,1,0.002501,2,0.571429,0.625,0
今日 (n),今日,,notion,1,0,1,1,0,1,0.004061,12,0.155083,0.165347,0
新生 (n),新生,,notion,1,0,1,1,0,1,0.008036,12,0.163032,0.176553,0
孙中山 (n),孙中山,,notion,1,0,1,1,0,1,0.003551,12,0.153912,0.163532,0
统一 (n),统一,,notion,1,0,1,1,0,1,0.003502,12,0.147001,0.155912,0
将军 (n),将军,,notion,2,0,2,2,0,2,0.085272,12,0.206207,0.234744,1541.200076
大局 (n),大局,,notion,13,0,13,13,0,13,0.705038,10,0.229412,0.269022,9165.934346
道路 (n),道路,,notion,1,0,1,1,0,1,0.013163,10,0.190689,0.20589,0
阴谋 (n),阴谋,,notion,3,0,3,3,0,3,0.038216,10,0.200761,0.222984,1651.265035
内幕 (n),内幕,,notion,2,0,2,2,0,2,0.014367,12,0.188525,0.204563,420.604558
国防 (n),国防,,notion,1,0,1,1,0,1,0.032784,10,0.202483,0.222331,0
任务 (n),任务,,notion,3,0,3,3,0,3,0.07769,10,0.21347,0.23515,15932.200359
行动 (n),行动,,notion,1,0,1,1,0,1,0.022539,10,0.193486,0.208284,0
民主同盟 (n),民主同盟,,notion,2,0,2,2,0,2,0.024287,10,0.201302,0.219759,1571.720488
东南亚 (n),东南亚,,notion,1,0,1,2,0,2,0.054014,12,0.188525,0.20749,0
华侨 (n),华侨,,notion,2,0,2,2,0,2,0.008487,12,0.165927,0.178633,342.325791
政局 (n),政局,,notion,2,0,2,12,0,12,0.024092,12,0.194915,0.213912,2682
美苏 (n),美苏,,notion,2,0,2,2,0,2,0.043026,10,0.205828,0.227168,347.976002
所谓 (n),所谓,,notion,1,0,1,1,0,1,0.079499,12,0.205545,0.232329,0
之外 (n),之外,,notion,1,0,1,1,0,1,0.001695,2,0.666667,0.75,0
走向 (n),走向,,notion,1,0,1,1,0,1,0.005825,12,0.162559,0.173572,0
回顾 (n),回顾,,notion,3,0,3,3,0,3,0.059371,10,0.211357,0.235922,1648.806021
措施 (n),措施,,notion,3,0,3,7,0,7,0.095898,12,0.207735,0.237606,2821.572346
种种 (n),种种,,notion,2,0,2,2,0,2,0.020036,10,0.196883,0.213142,439.890704
解决 (n),解决,,notion,1,0,1,1,0,1,0.010242,12,0.177765,0.191652,0
东欧 (n),东欧,,notion,2,0,2,2,0,2,0.038547,10,0.189721,0.209012,11.160033
内阁 (n),内阁,,notion,3,0,3,3,0,3,0.116209,10,0.223579,0.25516,7198.524835
妇女 (n),妇女,,notion,2,0,2,2,0,2,0.078585,10,0.203864,0.226108,3244.226306
总统 (n),总统,,notion,1,0,1,1,0,1,0.007738,12,0.151623,0.16273,0
偏差 (n),偏差,,notion,1,0,1,1,0,1,0.079499,12,0.205545,0.232329,0
平民 (n),平民,,notion,1,0,1,1,0,1,0.079499,12,0.205545,0.232329,0
乐观 (n),乐观,,notion,1,0,1,1,0,1,0.057324,10,0.195255,0.21241,0
复刊 (n),复刊,,notion,1,0,1,1,0,1,0.016439,10,0.18254,0.199315,0
前进 (n),前进,,notion,2,0,2,2,0,2,0.0143,14,0.14763,0.160902,98.666667
方案 (n),方案,,notion,1,0,1,1,0,1,0.002314,14,0.140376,0.147875,0
大公报 (n),大公报,,notion,1,0,1,1,0,1,0.004582,12,0.15423,0.165215,0
艰难 (n),艰难,,notion,12,0,12,12,0,12,0.698482,10,0.228593,0.267294,2935.934346
获得 (n),获得,,notion,1,0,1,1,0,1,0.006442,12,0.165498,0.17799,0
真正 (n),真正,,notion,1,0,1,1,0,1,0.029048,12,0.19077,0.211048,0
土地改革 (n),土地改革,,notion,2,0,2,2,0,2,0.015975,10,0.180483,0.196915,692.205245
扩大 (n),扩大,,notion,1,0,1,1,0,1,0.032784,10,0.202483,0.222331,0
自救 (n),自救,,notion,1,0,1,1,0,1,0.016346,12,0.175059,0.19136,0
慰问 (n),慰问,,notion,1,0,1,1,0,1,0.013163,10,0.190689,0.20589,0
内部 (n),内部,,notion,1,0,1,1,0,1,0.0059,14,0.122877,0.131133,0
一切 (n),一切,,notion,1,0,1,1,0,1,0.044171,10,0.179688,0.196068,0
学习 (n),学习,,notion,3,0,3,3,0,3,0.018778,12,0.184644,0.203356,885.681162
何时 (n),何时,,notion,1,0,1,1,0,1,0.021778,12,0.194661,0.212612,0
具体 (n),具体,,notion,1,0,1,1,0,1,0.011124,12,0.165072,0.178761,0
集体 (n),集体,,notion,1,0,1,1,0,1,0.011944,10,0.175951,0.190368,0
地方 (n),地方,,notion,1,0,1,1,0,1,0.00131,1,1,1,0
读者 (n),读者,,notion,9,0,9,9,0,9,0.067937,10,0.19898,0.225604,4605.973623
南京 (n),南京,,notion,4,0,4,4,0,4,0.031604,12,0.199245,0.220724,5148.408101
两个 (n),两个,,notion,2,0,2,2,0,2,0.063846,10,0.200492,0.219555,271.12586
必须 (n),必须,,notion,2,0,2,2,0,2,0.026867,10,0.198451,0.214222,1963.101834
侵略 (n),侵略,,notion,1,0,1,1,0,1,0.002791,12,0.13783,0.145641,0
东方 (n),东方,,notion,1,0,1,1,0,1,0.025695,10,0.189641,0.208268,0
建立 (n),建立,,notion,1,0,1,1,0,1,0.002752,12,0.118244,0.124626,0
产生 (n),产生,,notion,1,0,1,1,0,1,0.008187,12,0.165437,0.178365,0
原则 (n),原则,,notion,2,0,2,2,0,2,0.009506,12,0.16203,0.175332,13230
第二 (n),第二,,notion,1,0,1,1,0,1,0.008952,10,0.169565,0.181961,0
展开 (n),展开,,notion,1,0,1,1,0,1,0.073776,10,0.202758,0.223116,0
谈起 (n),谈起,,notion,1,0,1,1,0,1,0.004268,2,0.533333,0.5625,0
观察 (n),观察,,notion,18,0,18,26,0,26,0.147247,10,0.224474,0.264114,32242.900324
朋友 (n),朋友,,notion,1,0,1,1,0,1,0.004775,12,0.150453,0.160944,0
大家 (n),大家,,notion,2,0,2,2,0,2,0.064659,10,0.197403,0.215863,896
悼念 (n),悼念,,notion,1,0,1,1,0,1,0.001888,14,0.132653,0.139811,0
监狱 (n),监狱,,notion,1,0,1,1,0,1,0.003875,4,0.45,0.509259,0
动向 (n),动向,,notion,2,0,2,2,0,2,0.034922,10,0.202941,0.223687,704.99954
彼一时 (n),彼一时,,notion,1,0,1,1,0,1,0.079499,12,0.205545,0.232329,0
此一时 (n),此一时,,notion,1,0,1,1,0,1,0.079499,12,0.205545,0.232329,0
立即 (n),立即,,notion,1,0,1,1,0,1,0.004775,12,0.150453,0.160944,0
二三 (n),二三,,notion,1,0,1,1,0,1,0.001695,2,0.666667,0.75,0
人权 (n),人权,,notion,1,0,1,1,0,1,0.007738,12,0.151623,0.16273,0
伪装 (n),伪装,,notion,1,0,1,1,0,1,0.022868,10,0.189241,0.204614,0
内容 (n),内容,,notion,1,0,1,1,0,1,0.029048,12,0.19077,0.211048,0
组织 (n),组织,,notion,2,0,2,2,0,2,0.008527,14,0.123012,0.132712,3572
人们 (n),人们,,notion,1,0,1,1,0,1,0.002781,14,0.136157,0.143225,0
叫做 (n),叫做,,notion,2,0,2,2,0,2,0.004623,2,0.666667,0.75,0.333333
进一言 (n),进一言,,notion,1,0,1,1,0,1,0.062678,10,0.199245,0.217076,0
教训 (n),教训,,notion,1,0,1,1,0,1,0.079499,12,0.205545,0.232329,0
光荣 (n),光荣,,notion,1,0,1,1,0,1,0.011015,12,0.184644,0.199165,0
哪里 (n),哪里,,notion,1,0,1,1,0,1,0.001695,2,0.666667,0.75,0
错觉 (n),错觉,,notion,1,0,1,1,0,1,0.081632,10,0.206682,0.228007,0
明太祖 (n),明太祖,,notion,1,0,1,1,0,1,0.079499,12,0.205545,0.232329,0
声中话 (n),声中话,,notion,2,0,2,2,0,2,0.005585,12,0.15519,0.165446,360.100222
文艺 (n),文艺,,notion,1,0,1,2,0,2,0.004268,2,0.533333,0.5625,0
开始 (n),开始,,notion,1,0,1,1,0,1,0.003875,4,0.45,0.509259,0
表现 (n),表现,,notion,1,0,1,1,0,1,0.005751,12,0.152396,0.164381,0
所见 (n),所见,,notion,2,0,2,2,0,2,0.005667,2,0.5625,0.611111,14
主潮 (n),主潮,,notion,1,0,1,1,0,1,0.005193,12,0.159893,0.172014,0
梁漱溟 (n),梁漱溟,,notion,2,0,2,2,0,2,0.086214,10,0.207255,0.230144,2747.65592
大队 (n),大队,,notion,2,0,2,2,0,2,0.0143,14,0.14763,0.160902,98.666667
中华民国 (n),中华民国,,notion,1,0,1,1,0,1,0.007738,12,0.151623,0.16273,0
动乱 (n),动乱,,notion,1,0,1,1,0,1,0.010657,12,0.181726,0.196655,0
两国 (n),两国,,notion,1,0,1,1,0,1,0.032784,10,0.202483,0.222331,0
古城 (n),古城,,notion,1,0,1,1,0,1,0.004251,14,0.147242,0.158338,0
台湾 (n),台湾,,notion,7,0,7,8,0,8,0.035621,10,0.193069,0.215101,18952.901101
爱护 (n),爱护,,notion,1,0,1,1,0,1,0.005459,12,0.155137,0.166615,0
运用 (n),运用,,notion,1,0,1,1,0,1,0.011124,12,0.165072,0.178761,0
陈嘉庚 (n),陈嘉庚,,notion,1,0,1,1,0,1,0.004849,12,0.157313,0.167167,0
大使 (n),大使,,notion,1,0,1,1,0,1,0.079499,12,0.205545,0.232329,0
不会 (n),不会,,notion,1,0,1,1,0,1,0.003708,12,0.158649,0.169436,0
大衆 (n),大衆,,notion,1,0,1,1,0,1,0.004316,12,0.151777,0.162821,0
不是 (n),不是,,notion,1,0,1,1,0,1,0.026542,10,0.19382,0.20966,0
城市 (n),城市,,notion,1,0,1,1,0,1,0.002627,16,0.09881,0.10396,0
集团 (n),集团,,notion,1,0,1,1,0,1,0.00437,4,0.357143,0.422222,0
混乱 (n),混乱,,notion,1,0,1,1,0,1,0.004268,2,0.533333,0.5625,0
内政 (n),内政,,notion,1,0,1,1,0,1,0.032784,10,0.202483,0.222331,0
十讲 (n),十讲,,notion,1,0,1,1,0,1,0.007738,12,0.151623,0.16273,0
纪行 (n),纪行,,notion,1,0,1,1,0,1,0.001695,2,0.666667,0.75,0
哲学 (n),哲学,,notion,1,0,1,1,0,1,0.006912,12,0.165254,0.177529,0
机关 (n),机关,,notion,1,0,1,1,0,1,0.0059,14,0.122877,0.131133,0
张学良 (n),张学良,,notion,1,0,1,1,0,1,0.00437,4,0.357143,0.422222,0
巴黎 (n),巴黎,,notion,1,0,1,1,0,1,0.016919,12,0.188129,0.205323,0
纽约 (n),纽约,,notion,1,0,1,1,0,1,0.006974,10,0.160064,0.171662,0
报告 (n),报告,,notion,1,0,1,1,0,1,0.002731,14,0.1099,0.115743,0
共同纲领 (n),共同纲领,,notion,4,0,4,4,0,4,0.031934,10,0.192572,0.212312,1044.413065
考验 (n),考验,,notion,1,0,1,1,0,1,0.016682,12,0.194831,0.210343,0
诚意 (n),诚意,,notion,2,0,2,2,0,2,0.089668,10,0.212358,0.236263,4771.763478
全面 (n),全面,,notion,1,0,1,1,0,1,0.011177,12,0.182095,0.197381,0
烽火 (n),烽火,,notion,1,0,1,1,0,1,0.029048,12,0.19077,0.211048,0
心理 (n),心理,,notion,1,0,1,1,0,1,0.002092,2,0.6,0.666667,0
斗争 (n),斗争,,notion,2,0,2,4,0,4,0.037369,10,0.206682,0.226894,1180.463544
道德 (n),道德,,notion,1,0,1,1,0,1,0.073776,10,0.202758,0.223116,0
怪现象 (n),怪现象,,notion,1,0,1,1,0,1,0.002092,2,0.6,0.666667,0
新闻 (n),新闻,,notion,1,0,1,1,0,1,0.002791,12,0.13783,0.145641,0
一天 (n),一天,,notion,1,0,1,1,0,1,0.002986,12,0.149152,0.158551,0
怎么样 (n),怎么样,,notion,1,0,1,1,0,1,0.005098,12,0.153701,0.16331,0
挣扎 (n),挣扎,,notion,1,0,1,1,0,1,0.003785,12,0.143888,0.151579,0
苦闷 (n),苦闷,,notion,12,0,12,12,0,12,0.698482,10,0.228593,0.267294,2935.934346
主流 (n),主流,,notion,1,0,1,1,0,1,0.011944,10,0.175951,0.190368,0
放松 (n),放松,,notion,1,0,1,1,0,1,0.012508,12,0.191667,0.207224,0
事实 (n),事实,,notion,2,0,2,2,0,2,0.007746,12,0.152396,0.162986,63.077354
看看 (n),看看,,notion,1,0,1,1,0,1,0.062962,10,0.197316,0.21512,0
广东 (n),广东,,notion,2,0,2,2,0,2,0.006831,14,0.154602,0.167023,1790
推广 (n),推广,,notion,3,0,3,3,0,3,0.007623,2,0.714286,0.8,1
天津 (n),天津,,notion,1,0,1,2,0,2,0.079499,12,0.205545,0.232329,0
编者 (n),编者,,notion,2,0,2,2,0,2,0.032178,10,0.200581,0.218495,138.645787
长沙 (n),长沙,,notion,1,0,1,1,0,1,0.002092,2,0.6,0.666667,0
观点 (n),观点,,notion,1,0,1,1,0,1,0.011124,12,0.165072,0.178761,0
京沪 (n),京沪,,notion,1,0,1,1,0,1,0.003785,12,0.143888,0.151579,0
基础 (n),基础,,notion,1,0,1,1,0,1,0.008132,12,0.168293,0.18169,0
中共 (n),中共,,notion,1,0,1,1,0,1,0.021778,12,0.194661,0.212612,0
法统 (n),法统,,notion,1,0,1,1,0,1,0.073776,10,0.202758,0.223116,0
严重 (n),严重,,notion,1,0,1,1,0,1,0.011124,12,0.165072,0.178761,0
形势 (n),形势,,notion,4,0,4,4,0,4,0.022027,10,0.174514,0.193589,5337.978939
战役 (n),战役,,notion,1,0,1,4,0,4,0.004743,2,0.529412,0.555556,0
文告 (n),文告,,notion,1,0,1,1,0,1,0.006556,12,0.157645,0.169052,0
坚定 (n),坚定,,notion,1,0,1,1,0,1,0.066229,10,0.201664,0.220065,0
土地 (n),土地,,notion,1,0,1,1,0,1,0.011944,10,0.175951,0.190368,0
对外贸易 (n),对外贸易,,notion,3,0,3,7,0,7,0.028624,12,0.186022,0.204257,1699.555806
下去 (n),下去,,notion,1,0,1,1,0,1,0.079499,12,0.205545,0.232329,0
成败 (n),成败,,notion,1,0,1,1,0,1,0.004268,2,0.533333,0.5625,0
启蒙运动 (n),启蒙运动,,notion,1,0,1,1,0,1,0.073776,10,0.202758,0.223116,0
出发 (n),出发,,notion,2,0,2,2,0,2,0.0143,14,0.14763,0.160902,98.666667
江南 (n),江南,,notion,4,0,4,4,0,4,0.010048,12,0.155783,0.168693,6245
意义 (n),意义,,notion,1,0,1,1,0,1,0.007738,12,0.151623,0.16273,0
环境 (n),环境,,notion,1,0,1,1,0,1,0.062962,10,0.197316,0.21512,0
反动派 (n),反动派,,notion,2,0,2,2,0,2,0.022995,10,0.197751,0.214885,115.531191
工商业 (n),工商业,,notion,2,0,2,2,0,2,0.012775,10,0.167664,0.18163,748.530715
工商界 (n),工商界,,notion,2,0,2,2,0,2,0.079024,10,0.206873,0.228913,1204.349766
平等 (n),平等,,notion,1,0,1,1,0,1,0.008706,12,0.172899,0.186181,0
条约 (n),条约,,notion,1,0,1,1,0,1,0.004959,12,0.155137,0.165951,0
答覆 (n),答覆,,notion,1,0,1,1,0,1,0.016439,10,0.18254,0.199315,0
工作者 (n),工作者,,notion,1,0,1,1,0,1,0.062962,10,0.197316,0.21512,0
取消 (n),取消,,notion,1,0,1,1,0,1,0.004775,12,0.150453,0.160944,0
风暴 (n),风暴,,notion,1,0,1,1,0,1,0.029048,12,0.19077,0.211048,0
现势 (n),现势,,notion,1,0,1,1,0,1,0.015054,12,0.180265,0.197451,0
协定 (n),协定,,notion,1,0,1,1,0,1,0.015054,12,0.180265,0.197451,0
不了 (n),不了,,notion,2,0,2,2,0,2,0.007746,12,0.152396,0.162986,63.077354
真空 (n),真空,,notion,1,0,1,1,0,1,0.001695,2,0.666667,0.75,0
释放 (n),释放,,notion,1,0,1,1,0,1,0.081632,10,0.206682,0.228007,0
罪行 (n),罪行,,notion,1,0,1,1,0,1,0.015054,12,0.180265,0.197451,0
侨胞 (n),侨胞,,notion,2,0,2,2,0,2,0.016746,10,0.192737,0.209474,380.322495
言行 (n),言行,,notion,1,0,1,3,0,3,0.003462,12,0.152967,0.161733,0
讨论 (n),讨论,,notion,1,0,1,1,0,1,0.003111,12,0.144864,0.15379,0
议员 (n),议员,,notion,1,0,1,1,0,1,0.004775,12,0.150453,0.160944,0
归来 (n),归来,,notion,3,0,3,3,0,3,0.006999,12,0.14042,0.151011,10640
四国 (n),四国,,notion,1,0,1,1,0,1,0.016919,12,0.188129,0.205323,0
撤退 (n),撤退,,notion,2,0,2,3,0,3,0.018723,12,0.175401,0.192902,1611.794109
正视 (n),正视,,notion,1,0,1,1,0,1,0.029048,12,0.19077,0.211048,0
之战 (n),之战,,notion,1,0,1,1,0,1,0.079499,12,0.205545,0.232329,0
知识青年 (n),知识青年,,notion,1,0,1,1,0,1,0.005226,12,0.153176,0.162848,0
政治家 (n),政治家,,notion,1,0,1,1,0,1,0.001695,2,0.666667,0.75,0
见闻录 (n),见闻录,,notion,1,0,1,1,0,1,0.00344,16,0.090314,0.095385,0
平津 (n),平津,,notion,1,0,1,1,0,1,0.079499,12,0.205545,0.232329,0
和谈 (n),和谈,,notion,6,0,6,6,0,6,0.13193,10,0.216876,0.242674,5567.275009
民主主义 (n),民主主义,,notion,2,0,2,2,0,2,0.003653,2,0.75,0.833333,0.5
信心 (n),信心,,notion,1,0,1,1,0,1,0.066229,10,0.201664,0.220065,0
幕后 (n),幕后,,notion,1,0,1,1,0,1,0.005034,14,0.154495,0.166001,0
蓉城 (n),蓉城,,notion,1,0,1,1,0,1,0.001695,2,0.666667,0.75,0
大连 (n),大连,,notion,1,0,1,1,0,1,0.005751,12,0.152396,0.164381,0
两周年 (n),两周年,,notion,1,0,1,1,0,1,0.011124,12,0.165072,0.178761,0
真假 (n),真假,,notion,1,0,1,1,0,1,0.066229,10,0.201664,0.220065,0
重大 (n),重大,,notion,2,0,2,6,0,6,0.016399,12,0.16058,0.17372,0.1
难关 (n),难关,,notion,1,0,1,1,0,1,0.016346,12,0.175059,0.19136,0
中原 (n),中原,,notion,1,0,1,1,0,1,0.00344,16,0.090314,0.095385,0
出现 (n),出现,,notion,1,0,1,1,0,1,0.079499,12,0.205545,0.232329,0
使命 (n),使命,,notion,2,0,2,6,0,6,0.016399,12,0.16058,0.17372,0.1
学术 (n),学术,,notion,1,0,1,1,0,1,0.004316,12,0.151777,0.162821,0
联防 (n),联防,,notion,2,0,2,2,0,2,0.092824,10,0.215314,0.242907,1921.14638
学府 (n),学府,,notion,1,0,1,1,0,1,0.008241,14,0.147581,0.160159,0
资本主义 (n),资本主义,,notion,1,0,1,1,0,1,0.003229,12,0.154976,0.164789,0
浙江 (n),浙江,,notion,1,0,1,1,0,1,0.003426,4,0.444444,0.510417,0
之下 (n),之下,,notion,1,0,1,1,0,1,0.011177,12,0.182095,0.197381,0
威胁 (n),威胁,,notion,1,0,1,1,0,1,0.054014,12,0.188525,0.20749,0
中大 (n),中大,,notion,2,0,2,2,0,2,0.005173,2,0.571429,0.625,15
同志 (n),同志,,notion,3,0,3,3,0,3,0.008667,11,0.141751,0.153636,1678.063797
何处 (n),何处,,notion,2,0,2,2,0,2,0.009909,12,0.153333,0.165792,1790
认清 (n),认清,,notion,1,0,1,1,0,1,0.073776,10,0.202758,0.223116,0
青岛 (n),青岛,,notion,2,0,2,2,0,2,0.005211,2,0.571429,0.625,12
只有 (n),只有,,notion,1,0,1,1,0,1,0.073776,10,0.202758,0.223116,0
蒋介石 (n),蒋介石,,notion,1,0,1,1,0,1,0.005098,12,0.153701,0.16331,0
可怕 (n),可怕,,notion,1,0,1,1,0,1,0.022868,10,0.189241,0.204614,0
计划 (n),计划,,notion,2,0,2,2,0,2,0.020662,12,0.191831,0.210537,611.1471
华南 (n),华南,,notion,5,0,5,6,0,6,0.030483,10,0.201482,0.22102,7346.301031
报导 (n),报导,,notion,1,0,1,1,0,1,0.079499,12,0.205545,0.232329,0
帝国主义 (n),帝国主义,,notion,2,0,2,2,0,2,0.028486,10,0.189962,0.209848,3572
司徒 (n),司徒,,notion,1,0,1,1,0,1,0.079499,12,0.205545,0.232329,0
清除 (n),清除,,notion,1,0,1,1,0,1,0.002092,2,0.6,0.666667,0
仍旧 (n),仍旧,,notion,1,0,1,1,0,1,0.079499,12,0.205545,0.232329,0
向着 (n),向着,,notion,2,0,2,2,0,2,0.0143,14,0.14763,0.160902,98.666667
祖国 (n),祖国,,notion,2,0,2,2,0,2,0.014707,12,0.172367,0.187914,968.922392
了解 (n),了解,,notion,1,0,1,1,0,1,0.003359,2,0.545455,0.583333,0
司法 (n),司法,,notion,1,0,1,1,0,1,0.003875,4,0.45,0.509259,0
雷雨 (n),雷雨,,notion,1,0,1,1,0,1,0.003902,12,0.151725,0.162543,0
人才 (n),人才,,notion,1,0,1,1,0,1,0.008077,12,0.153229,0.16477,0
边缘 (n),边缘,,notion,1,0,1,1,0,1,0.024386,10,0.193653,0.209878,0
天下 (n),天下,,notion,1,0,1,1,0,1,0.002888,14,0.142653,0.150827,0
罗素 (n),罗素,,notion,1,0,1,1,0,1,0.002104,14,0.118525,0.125127,0
国会 (n),国会,,notion,1,0,1,1,0,1,0.00976,12,0.169245,0.1833,0
开封 (n),开封,,notion,1,0,1,1,0,1,0.00344,16,0.090314,0.095385,0
委员会 (n),委员会,,notion,1,0,1,1,0,1,0.011944,10,0.175951,0.190368,0
中央 (n),中央,,notion,1,0,1,2,0,2,0.0059,14,0.122877,0.131133,0
怒潮 (n),怒潮,,notion,1,0,1,1,0,1,0.054014,12,0.188525,0.20749,0
太平 (n),太平,,notion,1,0,1,1,0,1,0.002986,12,0.149152,0.158551,0
第一个 (n),第一个,,notion,2,0,2,2,0,2,0.038547,10,0.189721,0.209012,11.160033
东西 (n),东西,,notion,1,0,1,1,0,1,0.003914,4,0.340909,0.405556,0
兑现 (n),兑现,,notion,1,0,1,1,0,1,0.006712,12,0.167726,0.180602,0
夕照 (n),夕照,,notion,1,0,1,1,0,1,0.002176,4,0.333333,0.416667,0
麦克阿瑟 (n),麦克阿瑟,,notion,2,0,2,2,0,2,0.005484,12,0.162265,0.174083,1790
争取和平 (n),争取和平,,notion,4,0,4,4,0,4,0.071568,10,0.219423,0.243982,1626.105248
任何 (n),任何,,notion,1,0,1,1,0,1,0.022482,10,0.189081,0.204373,0
主人 (n),主人,,notion,1,0,1,1,0,1,0.003723,12,0.155029,0.166057,0
对立 (n),对立,,notion,1,0,1,1,0,1,0.003502,12,0.147001,0.155912,0
武汉 (n),武汉,,notion,2,0,2,3,0,3,0.012795,12,0.184416,0.200357,295.330333
冬天 (n),冬天,,notion,1,0,1,1,0,1,0.002092,2,0.6,0.666667,0
目的 (n),目的,,notion,1,0,1,1,0,1,0.021778,12,0.194661,0.212612,0
积极 (n),积极,,notion,1,0,1,1,0,1,0.029048,12,0.19077,0.211048,0
罗马尼亚 (n),罗马尼亚,,notion,2,0,2,2,0,2,0.015968,12,0.180701,0.197754,452.786837
敬悼 (n),敬悼,,notion,1,0,1,1,0,1,0.005098,12,0.153701,0.16331,0
同盟 (n),同盟,,notion,1,0,1,1,0,1,0.025695,10,0.189641,0.208268,0
投射 (n),投射,,notion,1,0,1,1,0,1,0.079499,12,0.205545,0.232329,0
还给 (n),还给,,notion,1,0,1,1,0,1,0.004316,12,0.151777,0.162821,0
基地 (n),基地,,notion,2,0,2,2,0,2,0.029284,10,0.194072,0.214012,2603.384543
劳动 (n),劳动,,notion,1,0,1,1,0,1,0.003704,12,0.153491,0.162759,0
战鬥 (n),战鬥,,notion,1,0,1,1,0,1,0.065373,10,0.205263,0.223023,0
对外 (n),对外,,notion,1,0,1,1,0,1,0.032784,10,0.202483,0.222331,0
领导 (n),领导,,notion,1,0,1,1,0,1,0.0059,14,0.122877,0.131133,0
孙科 (n),孙科,,notion,1,0,1,1,0,1,0.011015,12,0.184644,0.199165,0
印尼 (n),印尼,,notion,1,0,1,1,0,1,0.032784,10,0.202483,0.222331,0
病态 (n),病态,,notion,1,0,1,1,0,1,0.008187,12,0.165437,0.178365,0
号召 (n),号召,,notion,1,0,1,1,0,1,0.029048,12,0.19077,0.211048,0
第一届 (n),第一届,,notion,1,0,1,1,0,1,0.006974,10,0.160064,0.171662,0
几种 (n),几种,,notion,1,0,1,1,0,1,0.081632,10,0.206682,0.228007,0
贸易 (n),贸易,,notion,1,0,1,1,0,1,0.002772,12,0.142607,0.149984,0
逮捕 (n),逮捕,,notion,1,0,1,1,0,1,0.001695,2,0.666667,0.75,0
自由主义 (n),自由主义,,notion,1,0,1,1,0,1,0.007738,12,0.151623,0.16273,0
演变 (n),演变,,notion,1,0,1,1,0,1,0.008132,12,0.168293,0.18169,0
支持 (n),支持,,notion,1,0,1,1,0,1,0.006442,12,0.165498,0.17799,0
币制 (n),币制,,notion,1,0,1,1,0,1,0.008187,12,0.165437,0.178365,0
一代 (n),一代,,notion,1,0,1,1,0,1,0.002092,2,0.6,0.666667,0
中间路线 (n),中间路线,,notion,1,0,1,1,0,1,0.006442,12,0.165498,0.17799,0
美棉 (n),美棉,,notion,3,0,3,3,0,3,0.007623,2,0.714286,0.8,1
角逐 (n),角逐,,notion,1,0,1,1,0,1,0.029048,12,0.19077,0.211048,0
共党 (n),共党,,notion,1,0,1,1,0,1,0.079499,12,0.205545,0.232329,0
华尔街 (n),华尔街,,notion,1,0,1,1,0,1,0.025695,10,0.189641,0.208268,0
座谈 (n),座谈,,notion,22,0,22,29,0,29,0.930314,10,0.23531,0.283217,9257.172255
怀疑 (n),怀疑,,notion,1,0,1,1,0,1,0.021499,10,0.188922,0.203815,0
正告 (n),正告,,notion,1,0,1,1,0,1,0.005226,12,0.153176,0.162848,0
武大 (n),武大,,notion,1,0,1,1,0,1,0.001695,2,0.666667,0.75,0
美援 (n),美援,,notion,2,0,2,2,0,2,0.047473,10,0.212559,0.235832,2554.699137
致书 (n),致书,,notion,1,0,1,1,0,1,0.002092,2,0.6,0.666667,0
近貌 (n),近貌,,notion,1,0,1,1,0,1,0.001785,4,0.307692,0.385417,0
孤岛 (n),孤岛,,notion,1,0,1,1,0,1,0.003426,4,0.444444,0.510417,0
麦帅 (n),麦帅,,notion,1,0,1,1,0,1,0.002092,2,0.6,0.666667,0
新政 (n),新政,,notion,1,0,1,1,0,1,0.016919,12,0.188129,0.205323,0
过程 (n),过程,,notion,1,0,1,1,0,1,0.005937,12,0.160465,0.172784,0
文艺复兴 (n),文艺复兴,,notion,1,0,1,1,0,1,0.004061,12,0.155083,0.165347,0
冲突 (n),冲突,,notion,1,0,1,1,0,1,0.003914,4,0.340909,0.405556,0
发现 (n),发现,,notion,1,0,1,1,0,1,0.004061,12,0.155083,0.165347,0
岁暮 (n),岁暮,,notion,1,0,1,1,0,1,0.016346,12,0.175059,0.19136,0
福建 (n),福建,,notion,1,0,1,1,0,1,0.002281,12,0.139372,0.146832,0
打击 (n),打击,,notion,3,0,3,3,0,3,0.104776,10,0.216249,0.241101,2565.09243
为例 (n),为例,,notion,1,0,1,1,0,1,0.081632,10,0.206682,0.228007,0
西南 (n),西南,,notion,1,0,1,1,0,1,0.00437,4,0.357143,0.422222,0
人口 (n),人口,,notion,2,0,2,2,0,2,0.014837,12,0.170792,0.185267,33.033215
生长 (n),生长,,notion,1,0,1,1,0,1,0.002781,14,0.136157,0.143225,0
转形期 (n),转形期,,notion,1,0,1,1,0,1,0.065373,10,0.205263,0.223023,0
荡漾 (n),荡漾,,notion,1,0,1,1,0,1,0.029048,12,0.19077,0.211048,0
知识份子 (n),知识份子,,notion,1,0,1,1,0,1,0.00976,12,0.169245,0.1833,0
利弊 (n),利弊,,notion,1,0,1,1,0,1,0.004268,2,0.533333,0.5625,0
前夜 (n),前夜,,notion,1,0,1,1,0,1,0.013325,10,0.186409,0.199968,0
纠缠 (n),纠缠,,notion,1,0,1,1,0,1,0.029048,12,0.19077,0.211048,0
形成 (n),形成,,notion,1,0,1,1,0,1,0.002986,12,0.149152,0.158551,0
战犯 (n),战犯,,notion,4,0,4,4,0,4,0.208457,10,0.209579,0.235402,3940.524033
山东 (n),山东,,notion,1,0,1,1,0,1,0.003426,4,0.444444,0.510417,0
北京大学 (n),北京大学,,notion,1,0,1,1,0,1,0.081632,10,0.206682,0.228007,0
哲学家 (n),哲学家,,notion,1,0,1,1,0,1,0.007738,12,0.151623,0.16273,0
会上 (n),会上,,notion,1,0,1,1,0,1,0.006974,10,0.160064,0.171662,0
南方 (n),南方,,notion,2,0,2,2,0,2,0.0143,14,0.14763,0.160902,98.666667
正确 (n),正确,,notion,1,0,1,1,0,1,0.002752,12,0.118244,0.124626,0
一文 (n),一文,,notion,1,0,1,1,0,1,0.016439,10,0.18254,0.199315,0
太阳 (n),太阳,,notion,2,0,2,2,0,2,0.00352,2,0.666667,0.75,4
诗人 (n),诗人,,notion,1,0,1,1,0,1,0.001695,2,0.666667,0.75,0
恐慌 (n),恐慌,,notion,1,0,1,1,0,1,0.024386,10,0.193653,0.209878,0
距离 (n),距离,,notion,1,0,1,1,0,1,0.004268,2,0.533333,0.5625,0
合肥 (n),合肥,,notion,1,0,1,1,0,1,0.001695,2,0.666667,0.75,0
城乡 (n),城乡,,notion,1,0,1,2,0,2,0.003502,12,0.147001,0.155912,0
傅作义 (n),傅作义,,notion,1,0,1,1,0,1,0.001695,2,0.666667,0.75,0
统帅 (n),统帅,,notion,1,0,1,1,0,1,0.081632,10,0.206682,0.228007,0
美日 (n),美日,,notion,1,0,1,1,0,1,0.015054,12,0.180265,0.197451,0
手段 (n),手段,,notion,1,0,1,1,0,1,0.004031,12,0.153965,0.163374,0
南下 (n),南下,,notion,2,0,2,2,0,2,0.0143,14,0.14763,0.160902,98.666667
警惕 (n),警惕,,notion,1,0,1,1,0,1,0.002689,12,0.147727,0.156494,0
中产阶级 (n),中产阶级,,notion,1,0,1,1,0,1,0.065373,10,0.205263,0.223023,0
大屠杀 (n),大屠杀,,notion,1,0,1,1,0,1,0.001695,2,0.666667,0.75,0
统一战线 (n),统一战线,,notion,3,0,3,3,0,3,0.023808,10,0.186177,0.204535,372.133697
晦明 (n),晦明,,notion,12,0,12,12,0,12,0.698482,10,0.228593,0.267294,2935.934346
一致 (n),一致,,notion,1,0,1,1,0,1,0.001695,2,0.666667,0.75,0
中的 (n),中的,,notion,1,0,1,1,0,1,0.00437,4,0.357143,0.422222,0
报界 (n),报界,,notion,1,0,1,1,0,1,0.002092,2,0.6,0.666667,0
知识分子 (n),知识分子,,notion,2,0,2,2,0,2,0.016245,12,0.176784,0.192249,59.132924
折扣 (n),折扣,,notion,1,0,1,1,0,1,0.022482,10,0.189081,0.204373,0
裁军 (n),裁军,,notion,1,0,1,1,0,1,0.079499,12,0.205545,0.232329,0
多久 (n),多久,,notion,1,0,1,1,0,1,0.003785,12,0.143888,0.151579,0
新政府 (n),新政府,,notion,1,0,1,1,0,1,0.004959,12,0.155137,0.165951,0
中心 (n),中心,,notion,1,0,1,1,0,1,0.002618,14,0.11906,0.125734,0
酝酿 (n),酝酿,,notion,2,0,2,2,0,2,0.008284,2,0.535714,0.566667,56
长江 (n),长江,,notion,1,0,1,1,0,1,0.001695,2,0.666667,0.75,0
数字 (n),数字,,notion,1,0,1,1,0,1,0.029048,12,0.19077,0.211048,0
火车 (n),火车,,notion,1,0,1,1,0,1,0.007235,12,0.163507,0.176746,0
天堂 (n),天堂,,notion,1,0,1,1,0,1,0.002378,12,0.131679,0.138961,0
钢铁 (n),钢铁,,notion,2,0,2,2,0,2,0.009585,12,0.156054,0.170071,3572
世界大战 (n),世界大战,,notion,1,0,1,1,0,1,0.003914,4,0.340909,0.405556,0
无罪 (n),无罪,,notion,1,0,1,1,0,1,0.081632,10,0.206682,0.228007,0
文章 (n),文章,,notion,2,0,2,2,0,2,0.084081,12,0.206112,0.234465,1747.888549
福州 (n),福州,,notion,1,0,1,1,0,1,0.002092,2,0.6,0.666667,0
合理 (n),合理,,notion,2,0,2,2,0,2,0.128335,10,0.207831,0.227034,90.917083
扩张政策 (n),扩张政策,,notion,1,0,1,1,0,1,0.032784,10,0.202483,0.222331,0
做出 (n),做出,,notion,1,0,1,1,0,1,0.062962,10,0.197316,0.21512,0
陈诚 (n),陈诚,,notion,1,0,1,1,0,1,0.005773,12,0.156,0.167729,0
招待会 (n),招待会,,notion,1,0,1,1,0,1,0.002924,2,0.555556,0.6,0
三五 (n),三五,,notion,2,0,2,2,0,2,0.016399,12,0.16058,0.17372,0.1
三四 (n),三四,,notion,2,0,2,2,0,2,0.016399,12,0.16058,0.17372,0.1
二八 (n),二八,,notion,1,0,1,1,0,1,0.011124,12,0.165072,0.178761,0
工会 (n),工会,,notion,1,0,1,1,0,1,0.004469,12,0.148756,0.15874,0
钱端升 (n),钱端升,,notion,1,0,1,1,0,1,0.016439,10,0.18254,0.199315,0
看齐 (n),看齐,,notion,1,0,1,1,0,1,0.079499,12,0.205545,0.232329,0
面面观 (n),面面观,,notion,1,0,1,1,0,1,0.002092,2,0.6,0.666667,0
政客 (n),政客,,notion,1,0,1,1,0,1,0.001695,2,0.666667,0.75,0
有权 (n),有权,,notion,1,0,1,1,0,1,0.009197,12,0.181066,0.195226,0
两周 (n),两周,,notion,1,0,1,1,0,1,0.002924,2,0.555556,0.6,0
起源 (n),起源,,notion,2,0,2,2,0,2,0.007115,12,0.155405,0.167522,1859.293441
金圆券 (n),金圆券,,notion,1,0,1,1,0,1,0.006712,12,0.167726,0.180602,0
劳资 (n),劳资,,notion,2,0,2,2,0,2,0.004623,2,0.666667,0.75,0.333333
各部 (n),各部,,notion,1,0,1,1,0,1,0.0059,14,0.122877,0.131133,0
吉田 (n),吉田,,notion,1,0,1,1,0,1,0.002092,2,0.6,0.666667,0
新宪 (n),新宪,,notion,1,0,1,1,0,1,0.007738,12,0.151623,0.16273,0
生死 (n),生死,,notion,1,0,1,1,0,1,0.016346,12,0.175059,0.19136,0
发表声明 (n),发表声明,,notion,1,0,1,1,0,1,0.021778,12,0.194661,0.212612,0
土共 (n),土共,,notion,1,0,1,1,0,1,0.002312,14,0.118871,0.12457,0
加紧 (n),加紧,,notion,2,0,2,2,0,2,0.010297,10,0.179257,0.193601,391.315517
施复亮 (n),施复亮,,notion,1,0,1,1,0,1,0.004031,12,0.153965,0.163374,0
朱光潜 (n),朱光潜,,notion,1,0,1,1,0,1,0.004268,2,0.533333,0.5625,0
天寒 (n),天寒,,notion,1,0,1,1,0,1,0.001695,2,0.666667,0.75,0
渡江 (n),渡江,,notion,5,0,5,6,0,6,0.07054,10,0.214183,0.241001,12365.293534
美帝 (n),美帝,,notion,2,0,2,2,0,2,0.017743,12,0.180483,0.198752,561.192466
瞭解 (n),瞭解,,notion,1,0,1,1,0,1,0.079499,12,0.205545,0.232329,0
迅速 (n),迅速,,notion,1,0,1,1,0,1,0.005541,12,0.16489,0.175449,0
万方 (n),万方,,notion,1,0,1,1,0,1,0.002092,2,0.6,0.666667,0
多难 (n),多难,,notion,1,0,1,1,0,1,0.002092,2,0.6,0.666667,0
学会 (n),学会,,notion,1,0,1,1,0,1,0.006974,10,0.160064,0.171662,0
末日 (n),末日,,notion,1,0,1,1,0,1,0.004251,14,0.147242,0.158338,0
秩序 (n),秩序,,notion,1,0,1,1,0,1,0.005541,12,0.16489,0.175449,0
南北 (n),南北,,notion,1,0,1,2,0,2,0.029048,12,0.19077,0.211048,0
婚姻 (n),婚姻,,notion,1,0,1,1,0,1,0.002092,2,0.6,0.666667,0
胡宗南 (n),胡宗南,,notion,1,0,1,1,0,1,0.002924,2,0.555556,0.6,0
学院 (n),学院,,notion,1,0,1,1,0,1,0.002092,2,0.6,0.666667,0
朝阳 (n),朝阳,,notion,1,0,1,1,0,1,0.002092,2,0.6,0.666667,0
是非 (n),是非,,notion,3,0,3,3,0,3,0.170795,10,0.210366,0.234953,144.940782
废除 (n),废除,,notion,1,0,1,1,0,1,0.002412,12,0.143796,0.150961,0
华中 (n),华中,,notion,1,0,1,1,0,1,0.003785,12,0.143888,0.151579,0
思想界 (n),思想界,,notion,1,0,1,1,0,1,0.003914,4,0.340909,0.405556,0
本义 (n),本义,,notion,1,0,1,1,0,1,0.007738,12,0.151623,0.16273,0
监视 (n),监视,,notion,1,0,1,1,0,1,0.079499,12,0.205545,0.232329,0
老闆 (n),老闆,,notion,1,0,1,1,0,1,0.025695,10,0.189641,0.208268,0
侧闻 (n),侧闻,,notion,1,0,1,1,0,1,0.002151,3,0.5,0.583333,0
备战 (n),备战,,notion,1,0,1,1,0,1,0.016346,12,0.175059,0.19136,0
风声 (n),风声,,notion,1,0,1,1,0,1,0.002501,2,0.571429,0.625,0
实验区 (n),实验区,,notion,1,0,1,1,0,1,0.002501,2,0.571429,0.625,0
公约 (n),公约,,notion,1,0,1,1,0,1,0.032784,10,0.202483,0.222331,0
流向 (n),流向,,notion,1,0,1,1,0,1,0.004198,14,0.118682,0.126521,0
鹤泪 (n),鹤泪,,notion,1,0,1,1,0,1,0.002501,2,0.571429,0.625,0
巨浪 (n),巨浪,,notion,1,0,1,1,0,1,0.004198,14,0.118682,0.126521,0
百余年 (n),百余年,,notion,1,0,1,1,0,1,0.004198,14,0.118682,0.126521,0
粗描近 (n),粗描近,,notion,1,0,1,1,0,1,0.004198,14,0.118682,0.126521,0
细波 (n),细波,,notion,1,0,1,1,0,1,0.004198,14,0.118682,0.126521,0
浙省 (n),浙省,,notion,1,0,1,1,0,1,0.002164,4,0.375,0.472222,0
献辞 (n),献辞,,notion,1,0,1,1,0,1,0.002591,14,0.120112,0.126345,0
春雷 (n),春雷,,notion,1,0,1,1,0,1,0.013325,10,0.186409,0.199968,0
名词 (n),名词,,notion,1,0,1,1,0,1,0.004268,2,0.533333,0.5625,0
其人 (n),其人,,notion,1,0,1,1,0,1,0.005773,12,0.156,0.167729,0
浦口 (n),浦口,,notion,1,0,1,1,0,1,0.00344,16,0.090314,0.095385,0
新岁 (n),新岁,,notion,3,0,3,3,0,3,0.154332,10,0.207735,0.231147,144.910606
陈纳德 (n),陈纳德,,notion,1,0,1,1,0,1,0.062678,10,0.199245,0.217076,0
中来 (n),中来,,notion,1,0,1,1,0,1,0.003704,12,0.153491,0.162759,0
法西斯蒂 (n),法西斯蒂,,notion,1,0,1,1,0,1,0.003526,12,0.161797,0.172393,0
佚史 (n),佚史,,notion,1,0,1,4,0,4,0.004743,2,0.529412,0.555556,0
北京 (n),北京,,notion,1,0,1,1,0,1,0.004251,14,0.147242,0.158338,0
一所 (n),一所,,notion,1,0,1,1,0,1,0.081632,10,0.206682,0.228007,0
三八节 (n),三八节,,notion,1,0,1,1,0,1,0.004809,12,0.152034,0.161444,0
震撼 (n),震撼,,notion,1,0,1,1,0,1,0.015054,12,0.180265,0.197451,0
而来 (n),而来,,notion,1,0,1,1,0,1,0.029048,12,0.19077,0.211048,0
圣诞 (n),圣诞,,notion,2,0,2,2,0,2,0.08283,12,0.207543,0.235394,769.738896
神经战 (n),神经战,,notion,1,0,1,1,0,1,0.003426,4,0.444444,0.510417,0
门侧 (n),门侧,,notion,1,0,1,6,0,6,0.00131,1,1,1,0
易长 (n),易长,,notion,1,0,1,1,0,1,0.002164,4,0.375,0.472222,0
进行 (n),进行,,notion,1,0,1,1,0,1,0.008077,12,0.153229,0.16477,0
干吗 (n),干吗,,notion,1,0,1,1,0,1,0.005034,14,0.154495,0.166001,0
共区 (n),共区,,notion,2,0,2,2,0,2,0.006171,14,0.110061,0.11788,5346
走到 (n),走到,,notion,1,0,1,1,0,1,0.003551,12,0.153912,0.163532,0
蒋总统 (n),蒋总统,,notion,1,0,1,1,0,1,0.010059,12,0.181212,0.195783,0
柏苍(1949),柏苍,,author,0,19,19,0,39,39,0.115793,11,0.212157,0.246568,17467.284553
张绍贤(1949),张绍贤,,author,0,17,17,0,39,39,0.193875,11,0.241649,0.280034,22731.652337
波光(1949),波光,,author,0,29,29,0,53,53,0.241403,11,0.235681,0.28113,26305.080471
丁蕾(1949),丁蕾,,author,0,29,29,0,48,48,0.279044,9,0.25382,0.299483,48694.517007
方成(1949),方成,,author,0,27,27,0,34,34,0.195606,9,0.233959,0.275977,31103.040446
谭波莉(1949),谭波莉,,author,0,1,1,0,6,6,0.00131,1,1,1,0
齐芬(1949),齐芬,,author,0,9,9,0,18,18,0.016262,1,1,1,36
江浙 (n),江浙,,notion,1,0,1,4,0,4,0.004743,2,0.529412,0.555556,0
仲亨(1949),仲亨,,author,0,65,65,0,69,69,0.751034,11,0.258651,0.326067,82233.622791
储安平(1949),储安平,,author,0,7,7,0,9,9,0.012225,3,0.75,0.87037,33
张肖梅(1949),张肖梅,,author,0,10,10,0,24,24,0.050404,11,0.191176,0.215079,3381.611571
杨博如(1949),杨博如,,author,0,10,10,0,24,24,0.050404,11,0.191176,0.215079,3381.611571
柯永(1949),柯永,,author,0,9,9,0,12,12,0.094395,11,0.214593,0.244061,10630.128812
王希和(1949),王希和,,author,0,6,6,0,12,12,0.079775,9,0.204142,0.227861,4470
程文熙(1949),程文熙,,author,0,4,4,0,11,11,0.014897,11,0.180556,0.196023,2685
君劢 (n),君劢,,notion,1,0,1,3,0,3,0.003462,12,0.152967,0.161733,0
陆诒(1949),陆诒,,author,0,8,8,0,13,13,0.158202,11,0.241909,0.273632,12306.412693
丁正伟(1949),丁正伟,,author,0,10,10,0,11,11,0.099803,9,0.21347,0.242447,9879.695247
新奇 (n),新奇,,notion,1,0,1,2,0,2,0.079499,12,0.205545,0.232329,0
余园(1949),余园,,author,0,5,5,0,6,6,0.011738,13,0.142789,0.156345,3160.547657
全真(1949),全真,,author,0,5,5,0,6,6,0.100991,11,0.22203,0.251011,3907.285885
冰洋(1949),冰洋,,author,0,2,2,0,4,4,0.012475,11,0.176714,0.192421,896
冰菱(1949),冰菱,,author,0,8,8,0,10,10,0.01393,1,1,1,28
卢于道(1949),卢于道,,author,0,3,3,0,4,4,0.076379,11,0.198013,0.220736,974.603029
热忱 (n),热忱,,notion,1,0,1,2,0,2,0.007713,12,0.165315,0.177807,0
周新民(1949),周新民,,author,0,5,5,0,6,6,0.070176,11,0.205734,0.22788,2052.866765
夏炎德(1949),夏炎德,,author,0,8,8,0,9,9,0.263837,9,0.240096,0.27325,8874.535322
孙大雨(1949),孙大雨,,author,0,18,18,0,19,19,0.737426,9,0.248752,0.287703,11221.155711
孟宪章(1949),孟宪章,,author,0,20,20,0,23,23,0.623392,11,0.232263,0.272873,10641.350085
张孟闻(1949),张孟闻,,author,0,19,19,0,21,21,0.737403,9,0.245753,0.284849,15680.870041
成纪(1949),成纪,,author,0,12,12,0,14,14,0.138133,9,0.223245,0.257911,19175.641783
李显仁(1949),李显仁,,author,0,5,5,0,6,6,0.015767,11,0.181285,0.197716,4496.246637
李相符(1949),李相符,,author,0,6,6,0,7,7,0.076787,11,0.208217,0.232052,3088.143361
杨卫玉(1949),杨卫玉,,author,0,8,8,0,9,9,0.291996,9,0.240354,0.27269,4463.372684
杨奎章(1949),杨奎章,,author,0,5,5,0,6,6,0.013069,11,0.172301,0.187889,5176.715393
杨群(1949),杨群,,author,0,16,16,0,17,17,0.064476,11,0.197664,0.225986,16448.025428
欧阳春(1949),欧阳春,,author,0,10,10,0,12,12,0.116899,9,0.22906,0.257071,11512.585129
漆琪生(1949),漆琪生,,author,0,21,21,0,24,24,0.771617,9,0.252534,0.293439,17176.778471
潘震亚(1949),潘震亚,,author,0,13,13,0,14,14,0.684143,9,0.242564,0.278801,5335.906953
王造时(1949),王造时,,author,0,5,5,0,6,6,0.273447,9,0.24375,0.274185,5275.86656
笪移今(1949),笪移今,,author,0,20,20,0,22,22,0.761675,9,0.258204,0.297925,34087.469122
罗子为(1949),罗子为,,author,0,12,12,0,13,13,0.114991,11,0.225151,0.256259,25563.994427
蔡尚思(1949),蔡尚思,,author,0,36,36,0,38,38,0.919349,9,0.260453,0.31086,40963.058884
陈仁炳(1949),陈仁炳,,author,0,27,27,0,30,30,0.846942,9,0.254252,0.300412,30896.089131
陈旭麓(1949),陈旭麓,,author,0,6,6,0,7,7,0.252971,9,0.233351,0.264101,3117.792028
高山(1949),高山,,author,0,4,4,0,6,6,0.027796,11,0.191503,0.209144,3354.889436
龚祥瑞(1949),龚祥瑞,,author,0,11,11,0,12,12,0.022687,13,0.140069,0.155665,12443
Doru(1949),Doru,,author,0,3,3,0,3,3,0.023427,11,0.183511,0.203382,1791
斧头 (n),斧头,,notion,1,0,1,1,0,1,0.004126,12,0.155083,0.166336,0
斧柄 (n),斧柄,,notion,1,0,1,1,0,1,0.004126,12,0.155083,0.166336,0
Levy，H.(1949),Levy，H.,,author,0,3,3,0,3,3,0.024018,11,0.184948,0.202214,170.075725
丁兄(1949),丁兄,,author,0,2,2,0,2,2,0.093378,11,0.221045,0.24777,896
预算案 (n),预算案,,notion,1,0,1,1,0,1,0.032784,10,0.202483,0.222331,0
万异(1949),万异,,author,0,2,2,0,2,2,0.013676,13,0.176505,0.194074,423.135326
万殊(1949),万殊,,author,0,2,2,0,2,2,0.002737,1,1,1,1
何应钦 (n),何应钦,,notion,1,0,1,1,0,1,0.001695,2,0.666667,0.75,0
组阁 (n),组阁,,notion,1,0,1,1,0,1,0.001695,2,0.666667,0.75,0
丘克辉(1949),丘克辉,,author,0,4,4,0,4,4,0.027282,9,0.193988,0.213656,4419.455655
严学易(1949),严学易,,author,0,4,4,0,4,4,0.077042,11,0.2023,0.227158,2258.610654
之谷(1949),之谷,,author,0,2,2,0,2,2,0.003591,15,0.133961,0.14241,896
再战 (n),再战,,notion,1,0,1,1,0,1,0.001797,16,0.118151,0.123807,0
习门(1949),习门,,author,0,3,3,0,3,3,0.004804,3,0.545455,0.694444,9
出逃 (n),出逃,,notion,1,0,1,1,0,1,0.002164,4,0.375,0.472222,0
龙云 (n),龙云,,notion,1,0,1,1,0,1,0.002164,4,0.375,0.472222,0
了然(1949),了然,,author,0,3,3,0,3,3,0.00493,3,0.470588,0.604167,13
石牌 (n),石牌,,notion,1,0,1,1,0,1,0.002176,4,0.333333,0.416667,0
于辅大(1949),于辅大,,author,0,9,9,0,9,9,0.028369,15,0.128953,0.142839,18
工作团 (n),工作团,,notion,2,0,2,2,0,2,0.0143,14,0.14763,0.160902,98.666667
誓师 (n),誓师,,notion,2,0,2,2,0,2,0.0143,14,0.14763,0.160902,98.666667
云应霖(1949),云应霖,,author,0,5,5,0,5,5,0.010847,11,0.147436,0.160932,3296.624391
忆述 (n),忆述,,notion,1,0,1,1,0,1,0.0033,12,0.12851,0.136419,0
裕芳 (n),裕芳,,notion,1,0,1,1,0,1,0.0033,12,0.12851,0.136419,0
遗言 (n),遗言,,notion,1,0,1,1,0,1,0.0033,12,0.12851,0.136419,0
人立(1949),人立,,author,0,2,2,0,2,2,0.002737,1,1,1,1
守势 (n),守势,,notion,1,0,1,1,0,1,0.001695,2,0.666667,0.75,0
今吾(1949),今吾,,author,0,2,2,0,2,2,0.003188,3,0.571429,0.708333,3
迎着 (n),迎着,,notion,1,0,1,1,0,1,0.00176,4,0.4,0.520833,0
不好惹 (n),不好惹,,notion,1,0,1,1,0,1,0.079499,12,0.205545,0.232329,0
为止 (n),为止,,notion,1,0,1,1,0,1,0.079499,12,0.205545,0.232329,0
京穗 (n),京穗,,notion,1,0,1,1,0,1,0.079499,12,0.205545,0.232329,0
从公 (n),从公,,notion,1,0,1,1,0,1,0.079499,12,0.205545,0.232329,0
代总统 (n),代总统,,notion,3,0,3,3,0,3,0.106311,12,0.213267,0.24519,11182.33238
传说 (n),传说,,notion,1,0,1,1,0,1,0.079499,12,0.205545,0.232329,0
减号 (n),减号,,notion,1,0,1,1,0,1,0.079499,12,0.205545,0.232329,0
刑罚 (n),刑罚,,notion,1,0,1,1,0,1,0.079499,12,0.205545,0.232329,0
加号 (n),加号,,notion,1,0,1,1,0,1,0.079499,12,0.205545,0.232329,0
匪字 (n),匪字,,notion,1,0,1,1,0,1,0.079499,12,0.205545,0.232329,0
句践 (n),句践,,notion,1,0,1,1,0,1,0.079499,12,0.205545,0.232329,0
垮台 (n),垮台,,notion,1,0,1,1,0,1,0.079499,12,0.205545,0.232329,0
孙阁 (n),孙阁,,notion,1,0,1,1,0,1,0.079499,12,0.205545,0.232329,0
摩萨的 (n),摩萨的,,notion,1,0,1,1,0,1,0.079499,12,0.205545,0.232329,0
效法 (n),效法,,notion,1,0,1,1,0,1,0.079499,12,0.205545,0.232329,0
派员 (n),派员,,notion,1,0,1,1,0,1,0.079499,12,0.205545,0.232329,0
照老 (n),照老,,notion,1,0,1,1,0,1,0.079499,12,0.205545,0.232329,0
祥和 (n),祥和,,notion,1,0,1,1,0,1,0.079499,12,0.205545,0.232329,0
老调重弹 (n),老调重弹,,notion,1,0,1,1,0,1,0.079499,12,0.205545,0.232329,0
褒乎 (n),褒乎,,notion,1,0,1,1,0,1,0.079499,12,0.205545,0.232329,0
贬乎 (n),贬乎,,notion,1,0,1,1,0,1,0.079499,12,0.205545,0.232329,0
近视 (n),近视,,notion,1,0,1,1,0,1,0.079499,12,0.205545,0.232329,0
黾勉 (n),黾勉,,notion,1,0,1,1,0,1,0.079499,12,0.205545,0.232329,0
任懿斐(1949),任懿斐,,author,0,6,6,0,6,6,0.010159,3,0.727273,0.854167,25
溪口 (n),溪口,,notion,1,0,1,1,0,1,0.003426,4,0.444444,0.510417,0
谋战 (n),谋战,,notion,1,0,1,1,0,1,0.003426,4,0.444444,0.510417,0
鄞奉 (n),鄞奉,,notion,2,0,2,2,0,2,0.005211,2,0.571429,0.625,12
何友悌(1949),何友悌,,author,0,2,2,0,2,2,0.095743,11,0.221045,0.24777,278.652527
何旭(1949),何旭,,author,0,2,2,0,2,2,0.002737,1,1,1,1
何矩(1949),何矩,,author,0,2,2,0,2,2,0.002737,1,1,1,1
宁夏 (n),宁夏,,notion,1,0,1,1,0,1,0.001695,2,0.666667,0.75,0
马鸿逵 (n),马鸿逵,,notion,1,0,1,1,0,1,0.001695,2,0.666667,0.75,0
成熟期 (n),成熟期,,notion,1,0,1,1,0,1,0.003411,14,0.124965,0.132888,0
第四篇 (n),第四篇,,notion,1,0,1,1,0,1,0.003411,14,0.124965,0.132888,0
傅啓民(1949),傅啓民,,author,0,3,3,0,3,3,0.004285,1,1,1,3
望主 (n),望主,,notion,1,0,1,1,0,1,0.002092,2,0.6,0.666667,0
中央人民政府 (n),中央人民政府,,notion,1,0,1,1,0,1,0.003875,4,0.45,0.509259,0
哈尔滨 (n),哈尔滨,,notion,1,0,1,1,0,1,0.003875,4,0.45,0.509259,0
光华(1949),光华,,author,0,3,3,0,3,3,0.005887,2,0.8,0.875,1.5
两利 (n),两利,,notion,2,0,2,2,0,2,0.004623,2,0.666667,0.75,0.333333
首倡 (n),首倡,,notion,1,0,1,1,0,1,0.010657,12,0.181726,0.196655,0
冯契(1949),冯契,,author,0,2,2,0,2,2,0.002737,1,1,1,1
斥中 (n),斥中,,notion,1,0,1,1,0,1,0.001695,2,0.666667,0.75,0
冯素陶(1949),冯素陶,,author,0,6,6,0,6,6,0.072321,11,0.205828,0.228623,2947.866765
新纪元 (n),新纪元,,notion,1,0,1,1,0,1,0.009303,12,0.170727,0.182636,0
美学 (n),美学,,notion,1,0,1,1,0,1,0.004268,2,0.533333,0.5625,0
刘伯陶(1949),刘伯陶,,author,0,2,2,0,2,2,0.002737,1,1,1,1
刘士伟(1949),刘士伟,,author,0,4,4,0,4,4,0.008887,11,0.166296,0.178662,2685
现状及 (n),现状及,,notion,1,0,1,1,0,1,0.002772,12,0.142607,0.149984,0
千家驹(1949),千家驹,,author,0,3,3,0,3,3,0.017753,11,0.189161,0.205085,1061.601397
私营企业 (n),私营企业,,notion,1,0,1,1,0,1,0.00345,12,0.159099,0.16821,0
华辰(1949),华辰,,author,0,2,2,0,2,2,0.003653,2,0.75,0.833333,0.5
南人(1949),南人,,author,0,3,3,0,3,3,0.005926,13,0.134887,0.143903,1791
活跃 (n),活跃,,notion,1,0,1,1,0,1,0.002312,14,0.118871,0.12457,0
卜一(1949),卜一,,author,0,3,3,0,3,3,0.023427,11,0.183511,0.203382,1791
倒楣 (n),倒楣,,notion,1,0,1,1,0,1,0.004126,12,0.155083,0.166336,0
解理 (n),解理,,notion,1,0,1,1,0,1,0.004126,12,0.155083,0.166336,0
卢心远(1949),卢心远,,author,0,3,3,0,3,3,0.015428,11,0.183361,0.200319,1791
卢蕾谷(1949),卢蕾谷,,author,0,1,1,0,1,1,0.001814,3,0.444444,0.541667,0
陈仪 (n),陈仪,,notion,2,0,2,2,0,2,0.003532,2,0.666667,0.75,3
可扬(1949),可扬,,author,0,2,2,0,2,2,0.011396,11,0.177483,0.189947,896
丰年 (n),丰年,,notion,1,0,1,1,0,1,0.002581,12,0.150756,0.158223,0
史靖(1949),史靖,,author,0,3,3,0,3,3,0.004285,1,1,1,3
叶健铁(1949),叶健铁,,author,0,1,1,0,1,1,0.00131,1,1,1,0
买书 (n),买书,,notion,1,0,1,1,0,1,0.00131,1,1,1,0
叶成林(1949),叶成林,,author,0,3,3,0,3,3,0.01042,11,0.1733,0.188086,961.134239
同父(1949),同父,,author,0,3,3,0,3,3,0.021904,11,0.192077,0.210091,14256.693143
吕飞(1949),吕飞,,author,0,3,3,0,3,3,0.014294,11,0.179257,0.196016,1189.066036
前前后后 (n),前前后后,,notion,1,0,1,1,0,1,0.003084,12,0.152034,0.161782,0
吴四维(1949),吴四维,,author,0,7,7,0,7,7,0.041449,11,0.184568,0.208101,7741.649135
一股 (n),一股,,notion,1,0,1,1,0,1,0.006967,12,0.155837,0.168491,0
结成 (n),结成,,notion,1,0,1,1,0,1,0.006967,12,0.155837,0.168491,0
般的 (n),般的,,notion,1,0,1,1,0,1,0.006967,12,0.155837,0.168491,0
吴大琨(1949),吴大琨,,author,0,5,5,0,5,5,0.023756,11,0.182243,0.20137,2085.483833
毛泽东 (n),毛泽东,,notion,1,0,1,1,0,1,0.004581,12,0.154177,0.164811,0
吴方高(1949),吴方高,,author,0,4,4,0,4,4,0.036163,11,0.183586,0.204125,460.619015
马尔萨斯 (n),马尔萨斯,,notion,2,0,2,2,0,2,0.014837,12,0.170792,0.185267,33.033215
吴明(1949),吴明,,author,0,6,6,0,6,6,0.023342,11,0.186642,0.20484,5032.279507
大团结 (n),大团结,,notion,2,0,2,2,0,2,0.009883,12,0.169181,0.183132,1632.633581
吴明石(1949),吴明石,,author,0,3,3,0,3,3,0.021422,11,0.193486,0.212859,2941.046136
周伯棣(1949),周伯棣,,author,0,1,1,0,1,1,0.00131,1,1,1,0
周谷城(1949),周谷城,,author,0,11,11,0,11,11,0.520997,11,0.213064,0.247297,3750.747034
封建残余 (n),封建残余,,notion,1,0,1,1,0,1,0.043528,12,0.175676,0.192851,0
夏康农(1949),夏康农,,author,0,2,2,0,2,2,0.093378,11,0.221045,0.24777,896
幸致 (n),幸致,,notion,1,0,1,1,0,1,0.024386,10,0.193653,0.209878,0
非可 (n),非可,,notion,1,0,1,1,0,1,0.024386,10,0.193653,0.209878,0
奚永伟(1949),奚永伟,,author,0,2,2,0,2,2,0.002737,1,1,1,1
子冈(1949),子冈,,author,0,2,2,0,2,2,0.003501,3,0.409091,0.5,8
孙冰如(1949),孙冰如,,author,0,7,7,0,7,7,0.030767,11,0.17976,0.201955,5002.163264
工展 (n),工展,,notion,1,0,1,1,0,1,0.005751,12,0.152396,0.164381,0
旅大 (n),旅大,,notion,1,0,1,1,0,1,0.005751,12,0.152396,0.164381,0
以德 (n),以德,,notion,2,0,2,2,0,2,0.136455,10,0.205075,0.226708,28.566032
小不忍则乱大谋 (n),小不忍则乱大谋,,notion,1,0,1,1,0,1,0.062678,10,0.199245,0.217076,0
算作 (n),算作,,notion,1,0,1,1,0,1,0.062678,10,0.199245,0.217076,0
孙执中(1949),孙执中,,author,0,4,4,0,4,4,0.005956,1,1,1,6
上改 (n),上改,,notion,1,0,1,1,0,1,0.002501,2,0.571429,0.625,0
京郊 (n),京郊,,notion,1,0,1,1,0,1,0.002501,2,0.571429,0.625,0
孟南(1949),孟南,,author,0,5,5,0,5,5,0.091505,9,0.214696,0.240873,4954.728377
富有 (n),富有,,notion,1,0,1,1,0,1,0.054014,12,0.188525,0.20749,0
生气 (n),生气,,notion,1,0,1,1,0,1,0.054014,12,0.188525,0.20749,0
季羡林(1949),季羡林,,author,0,4,4,0,4,4,0.023653,11,0.178899,0.198568,2685
学尧(1949),学尧,,author,0,3,3,0,3,3,0.028044,11,0.193904,0.213193,1083.774795
宋越伦(1949),宋越伦,,author,0,3,3,0,3,3,0.019777,11,0.192986,0.211707,1791
生命史 (n),生命史,,notion,1,0,1,1,0,1,0.003526,12,0.161797,0.172393,0
寿秋情(1949),寿秋情,,author,0,4,4,0,4,4,0.167938,9,0.23,0.257969,1874.20167
封淑(1949),封淑,,author,0,5,5,0,5,5,0.018185,11,0.181947,0.198895,2950.304384
正于 (n),正于,,notion,1,0,1,1,0,1,0.004031,12,0.153965,0.163374,0
小泉(1949),小泉,,author,0,3,3,0,3,3,0.004285,1,1,1,3
遭劫 (n),遭劫,,notion,1,0,1,1,0,1,0.002092,2,0.6,0.666667,0
小鱼(1949),小鱼,,author,0,4,4,0,4,4,0.009033,11,0.159836,0.172966,2685
岁奇(1949),岁奇,,author,0,5,5,0,5,5,0.026099,9,0.200223,0.220306,3786.627613
东亚 (n),东亚,,notion,1,0,1,1,0,1,0.004661,10,0.166853,0.177694,0
老调 (n),老调,,notion,1,0,1,1,0,1,0.004661,10,0.166853,0.177694,0
重弹 (n),重弹,,notion,1,0,1,1,0,1,0.004661,10,0.166853,0.177694,0
庄嘉农(1949),庄嘉农,,author,0,3,3,0,3,3,0.09069,9,0.218036,0.24146,10939.233449
府师(1949),府师,,author,0,3,3,0,3,3,0.007336,11,0.148707,0.160719,1791
江阴 (n),江阴,,notion,1,0,1,1,0,1,0.002439,12,0.129475,0.136848,0
康遂(1949),康遂,,author,0,4,4,0,4,4,0.029068,9,0.196797,0.214516,2469.185478
家要 (n),家要,,notion,1,0,1,1,0,1,0.004698,10,0.164466,0.174146,0
张君劢(1949),张君劢,,author,0,13,13,0,13,13,0.03715,11,0.178685,0.200576,14772.17394
张弦(1949),张弦,,author,0,6,6,0,6,6,0.013552,11,0.16804,0.18181,4470
繁兴 (n),繁兴,,notion,1,0,1,1,0,1,0.003785,12,0.143888,0.151579,0
张敬亭(1949),张敬亭,,author,0,4,4,0,4,4,0.03374,11,0.183586,0.204125,1804.976548
公营 (n),公营,,notion,1,0,1,1,0,1,0.005459,12,0.155137,0.166615,0
私营 (n),私营,,notion,1,0,1,1,0,1,0.005459,12,0.155137,0.166615,0
张文琦(1949),张文琦,,author,0,4,4,0,4,4,0.03374,11,0.183586,0.204125,1804.976548
自发 (n),自发,,notion,1,0,1,1,0,1,0.005459,12,0.155137,0.166615,0
张明养(1949),张明养,,author,0,5,5,0,5,5,0.258028,9,0.234694,0.265391,5256.218235
张殊明(1949),张殊明,,author,0,2,2,0,2,2,0.014845,11,0.181212,0.195681,231.210887
冯裕芳 (n),冯裕芳,,notion,4,0,4,4,0,4,0.025863,12,0.185254,0.20391,4665.186116
张江帆(1949),张江帆,,author,0,2,2,0,2,2,0.002737,1,1,1,1
压轴戏 (n),压轴戏,,notion,1,0,1,1,0,1,0.021778,12,0.194661,0.212612,0
尺度 (n),尺度,,notion,1,0,1,1,0,1,0.021778,12,0.194661,0.212612,0
戏文 (n),戏文,,notion,1,0,1,1,0,1,0.021778,12,0.194661,0.212612,0
目迷五色 (n),目迷五色,,notion,1,0,1,1,0,1,0.021778,12,0.194661,0.212612,0
三六 (n),三六,,notion,2,0,2,2,0,2,0.016399,12,0.16058,0.17372,0.1
彝瀛(1949),彝瀛,,author,0,4,4,0,4,4,0.019373,11,0.19282,0.209831,2663.475708
搜刮 (n),搜刮,,notion,1,0,1,1,0,1,0.003854,12,0.16168,0.171165,0
徐革陈(1949),徐革陈,,author,0,5,5,0,5,5,0.075253,11,0.198188,0.222223,3578
德明(1949),德明,,author,0,4,4,0,4,4,0.005956,1,1,1,6
嘉湖 (n),嘉湖,,notion,1,0,1,1,0,1,0.002501,2,0.571429,0.625,0
平原 (n),平原,,notion,1,0,1,1,0,1,0.002501,2,0.571429,0.625,0
思慕(1949),思慕,,author,0,16,16,0,16,16,0.10329,11,0.219853,0.255705,21971.894663
冯裕 (n),冯裕,,notion,2,0,2,2,0,2,0.016942,12,0.18041,0.198473,1790
戎文佐(1949),戎文佐,,author,0,6,6,0,6,6,0.033213,11,0.194072,0.214628,3508.862923
新民主主义 (n),新民主主义,,notion,2,0,2,2,0,2,0.008935,12,0.162677,0.174594,100.824536
人民政权 (n),人民政权,,notion,2,0,2,2,0,2,0.01936,10,0.182614,0.200058,204.946525
扬群(1949),扬群,,author,0,3,3,0,3,3,0.004285,1,1,1,3
爬高 (n),爬高,,notion,1,0,1,1,0,1,0.002092,2,0.6,0.666667,0
文骊(1949),文骊,,author,0,2,2,0,2,2,0.002737,1,1,1,1
信阳 (n),信阳,,notion,1,0,1,1,0,1,0.001695,2,0.666667,0.75,0
危城 (n),危城,,notion,1,0,1,1,0,1,0.001695,2,0.666667,0.75,0
两幅 (n),两幅,,notion,2,0,2,2,0,2,0.038547,10,0.189721,0.209012,11.160033
侵占 (n),侵占,,notion,1,0,1,1,0,1,0.025695,10,0.189641,0.208268,0
勾当 (n),勾当,,notion,1,0,1,1,0,1,0.025695,10,0.189641,0.208268,0
外交家 (n),外交家,,notion,1,0,1,1,0,1,0.025695,10,0.189641,0.208268,0
席位 (n),席位,,notion,1,0,1,1,0,1,0.025695,10,0.189641,0.208268,0
建築 (n),建築,,notion,1,0,1,1,0,1,0.025695,10,0.189641,0.208268,0
戳穿 (n),戳穿,,notion,1,0,1,1,0,1,0.025695,10,0.189641,0.208268,0
整体化 (n),整体化,,notion,1,0,1,1,0,1,0.025695,10,0.189641,0.208268,0
的新 (n),的新,,notion,1,0,1,1,0,1,0.025695,10,0.189641,0.208268,0
方淳(1949),方淳,,author,0,2,2,0,2,2,0.008814,11,0.162618,0.175695,11492
星覆(1949),星覆,,author,0,3,3,0,3,3,0.005887,2,0.8,0.875,1.5
春畦(1949),春畦,,author,0,2,2,0,2,2,0.007518,11,0.172766,0.185804,102.694766
曹锡珍(1949),曹锡珍,,author,0,4,4,0,4,4,0.019996,11,0.187422,0.203948,2421.355295
大旗 (n),大旗,,notion,1,0,1,1,0,1,0.00377,12,0.157867,0.167196,0
插到 (n),插到,,notion,1,0,1,1,0,1,0.00377,12,0.157867,0.167196,0
曾伟(1949),曾伟,,author,0,3,3,0,3,3,0.008833,11,0.158761,0.171278,2750.302026
魂兮归来 (n),魂兮归来,,notion,1,0,1,1,0,1,0.002615,12,0.13703,0.144533,0
曾昭抡(1949),曾昭抡,,author,0,4,4,0,4,4,0.007005,13,0.135131,0.145846,2685
菲尔德 (n),菲尔德,,notion,1,0,1,1,0,1,0.002618,14,0.11906,0.125734,0
朝晴(1949),朝晴,,author,0,6,6,0,6,6,0.019632,13,0.172633,0.192374,4470
大路通 (n),大路通,,notion,1,0,1,1,0,1,0.004251,14,0.147242,0.158338,0
条条 (n),条条,,notion,1,0,1,1,0,1,0.004251,14,0.147242,0.158338,0
朝月(1949),朝月,,author,0,2,2,0,2,2,0.002737,1,1,1,1
木枫(1949),木枫,,author,0,2,2,0,2,2,0.002737,1,1,1,1
未央(1949),未央,,author,0,7,7,0,7,7,0.037152,11,0.184796,0.206354,4516.785755
临危受命 (n),临危受命,,notion,1,0,1,1,0,1,0.005773,12,0.156,0.167729,0
处罚 (n),处罚,,notion,1,0,1,1,0,1,0.005773,12,0.156,0.167729,0
薛岳 (n),薛岳,,notion,1,0,1,1,0,1,0.005773,12,0.156,0.167729,0
未明(1949),未明,,author,0,2,2,0,2,2,0.002737,1,1,1,1
本初(1949),本初,,author,0,6,6,0,6,6,0.010299,15,0.09927,0.107966,4470
朱启贤(1949),朱启贤,,author,0,10,10,0,10,10,0.035204,9,0.190527,0.213107,7300.730026
书面报告 (n),书面报告,,notion,1,0,1,1,0,1,0.006974,10,0.160064,0.171662,0
新文化 (n),新文化,,notion,1,0,1,1,0,1,0.006974,10,0.160064,0.171662,0
朱绍文(1949),朱绍文,,author,0,12,12,0,12,12,0.524507,11,0.211957,0.246267,3872.550756
摧毁 (n),摧毁,,notion,1,0,1,1,0,1,0.043999,12,0.174922,0.192034,0
旧社会 (n),旧社会,,notion,1,0,1,1,0,1,0.043999,12,0.174922,0.192034,0
李一民(1949),李一民,,author,0,4,4,0,4,4,0.108574,11,0.226401,0.254475,2155.336738
李世浩(1949),李世浩,,author,0,2,2,0,2,2,0.004662,13,0.152915,0.164096,896
李中严(1949),李中严,,author,0,1,1,0,1,1,0.00131,1,1,1,0
重新认识 (n),重新认识,,notion,1,0,1,1,0,1,0.00131,1,1,1,0
李乡樸(1949),李乡樸,,author,0,5,5,0,5,5,0.251672,9,0.23984,0.269492,2196.763724
李伯球(1949),李伯球,,author,0,2,2,0,2,2,0.003129,2,0.75,0.833333,2
悼裕 (n),悼裕,,notion,2,0,2,2,0,2,0.003129,2,0.75,0.833333,2
李宗瀛(1949),李宗瀛,,author,0,2,2,0,2,2,0.002737,1,1,1,1
留痕 (n),留痕,,notion,1,0,1,1,0,1,0.001695,2,0.666667,0.75,0
魔手 (n),魔手,,notion,1,0,1,1,0,1,0.001695,2,0.666667,0.75,0
李慧(1949),李慧,,author,0,12,12,0,12,12,0.043944,13,0.173099,0.197112,10659
李树动(1949),李树动,,author,0,4,4,0,4,4,0.081575,11,0.208993,0.234044,3730.355553
李桦(1949),李桦,,author,0,3,3,0,3,3,0.026217,11,0.190284,0.211099,1189.225831
李梅(1949),李梅,,author,0,4,4,0,4,4,0.050883,11,0.195425,0.21989,2359.162346
元年 (n),元年,,notion,1,0,1,1,0,1,0.009791,12,0.172367,0.18476,0
李维林(1949),李维林,,author,0,5,5,0,5,5,0.01896,11,0.183511,0.201806,3578
之新 (n),之新,,notion,1,0,1,1,0,1,0.004061,12,0.155083,0.165347,0
李辉(1949),李辉,,author,0,2,2,0,2,2,0.004859,11,0.145146,0.155244,584.89452
村彬(1949),村彬,,author,0,2,2,0,2,2,0.002737,1,1,1,1
剧戏 (n),剧戏,,notion,1,0,1,1,0,1,0.001695,2,0.666667,0.75,0
杜渐(1949),杜渐,,author,0,2,2,0,2,2,0.002737,1,1,1,1
一时 (n),一时,,notion,1,0,1,1,0,1,0.026542,10,0.19382,0.20966,0
苟安 (n),苟安,,notion,1,0,1,1,0,1,0.026542,10,0.19382,0.20966,0
杨戎(1949),杨戎,,author,0,7,7,0,7,7,0.014956,13,0.134644,0.148523,5361
杨琛(1949),杨琛,,author,0,2,2,0,2,2,0.019274,11,0.193737,0.21244,686.693104
民主党派 (n),民主党派,,notion,1,0,1,1,0,1,0.011124,12,0.165072,0.178761,0
精通业务 (n),精通业务,,notion,1,0,1,1,0,1,0.011124,12,0.165072,0.178761,0
杨诚(1949),杨诚,,author,0,4,4,0,4,4,0.006778,13,0.136488,0.146512,2685
三十八年 (n),三十八年,,notion,1,0,1,1,0,1,0.002591,14,0.120112,0.126345,0
惩前毖后 (n),惩前毖后,,notion,1,0,1,1,0,1,0.002591,14,0.120112,0.126345,0
林焕平(1949),林焕平,,author,0,4,4,0,4,4,0.016197,11,0.185331,0.201451,1657.467207
林穆光(1949),林穆光,,author,0,3,3,0,3,3,0.022557,11,0.180265,0.199656,1519.777408
解放事业 (n),解放事业,,notion,1,0,1,1,0,1,0.003986,12,0.152759,0.163765,0
万变不离其宗 (n),万变不离其宗,,notion,1,0,1,1,0,1,0.016346,12,0.175059,0.19136,0
有利于 (n),有利于,,notion,1,0,1,1,0,1,0.016346,12,0.175059,0.19136,0
杂谭 (n),杂谭,,notion,1,0,1,1,0,1,0.016346,12,0.175059,0.19136,0
灭顶 (n),灭顶,,notion,1,0,1,1,0,1,0.016346,12,0.175059,0.19136,0
赖债 (n),赖债,,notion,1,0,1,1,0,1,0.016346,12,0.175059,0.19136,0
梁敬錞(1949),梁敬錞,,author,0,7,7,0,7,7,0.012618,3,0.5,0.655556,69
基因 (n),基因,,notion,1,0,1,1,0,1,0.003914,4,0.340909,0.405556,0
梁漱溟(1949),梁漱溟,,author,0,3,3,0,3,3,0.012666,11,0.175264,0.191329,1791
梁纯夫(1949),梁纯夫,,author,0,12,12,0,12,12,0.152747,11,0.231663,0.266985,12286.792069
援外 (n),援外,,notion,1,0,1,1,0,1,0.016919,12,0.188129,0.205323,0
梁若尘(1949),梁若尘,,author,0,5,5,0,5,5,0.037723,9,0.206873,0.226521,3991.170019
楼邦彦(1949),楼邦彦,,author,0,4,4,0,4,4,0.00702,15,0.109631,0.117879,2685
樊弘(1949),樊弘,,author,0,7,7,0,7,7,0.061972,11,0.205828,0.232509,7143.123649
横眉(1949),横眉,,author,0,8,8,0,8,8,0.014753,3,0.535714,0.7,77
不放 (n),不放,,notion,1,0,1,1,0,1,0.00437,4,0.357143,0.422222,0
杨虎城 (n),杨虎城,,notion,1,0,1,1,0,1,0.00437,4,0.357143,0.422222,0
释而 (n),释而,,notion,1,0,1,1,0,1,0.00437,4,0.357143,0.422222,0
耶诞 (n),耶诞,,notion,1,0,1,1,0,1,0.013325,10,0.186409,0.199968,0
欧阳澄(1949),欧阳澄,,author,0,2,2,0,2,2,0.006088,13,0.134442,0.144807,896
欧阳澄节(1949),欧阳澄节,,author,0,2,2,0,2,2,0.069331,11,0.197926,0.219993,896
武石(1949),武石,,author,0,2,2,0,2,2,0.002737,1,1,1,1
浙赣 (n),浙赣,,notion,1,0,1,1,0,1,0.001695,2,0.666667,0.75,0
求是(1949),求是,,author,0,1,1,0,1,1,0.006483,11,0.16489,0.175285,0
汤德明(1949),汤德明,,author,0,5,5,0,5,5,0.258447,9,0.232987,0.26293,1501.874217
中庸 (n),中庸,,notion,1,0,1,1,0,1,0.022934,10,0.189001,0.204094,0
汪超伦(1949),汪超伦,,author,0,3,3,0,3,3,0.007623,2,0.714286,0.8,1
第二年 (n),第二年,,notion,3,0,3,3,0,3,0.007623,2,0.714286,0.8,1
汪铭德(1949),汪铭德,,author,0,3,3,0,3,3,0.007623,2,0.714286,0.8,1
沈伯任(1949),沈伯任,,author,0,3,3,0,3,3,0.063149,11,0.187109,0.207429,5351
沈叔平(1949),沈叔平,,author,0,4,4,0,4,4,0.035187,11,0.185637,0.206857,1341.378362
似弛 (n),似弛,,notion,1,0,1,1,0,1,0.029048,12,0.19077,0.211048,0
力争 (n),力争,,notion,1,0,1,1,0,1,0.029048,12,0.19077,0.211048,0
实紧 (n),实紧,,notion,1,0,1,1,0,1,0.029048,12,0.19077,0.211048,0
战趋 (n),战趋,,notion,1,0,1,1,0,1,0.029048,12,0.19077,0.211048,0
新阁 (n),新阁,,notion,1,0,1,1,0,1,0.029048,12,0.19077,0.211048,0
日近 (n),日近,,notion,1,0,1,1,0,1,0.029048,12,0.19077,0.211048,0
明朗 (n),明朗,,notion,1,0,1,1,0,1,0.029048,12,0.19077,0.211048,0
褪色 (n),褪色,,notion,1,0,1,1,0,1,0.029048,12,0.19077,0.211048,0
骤然 (n),骤然,,notion,1,0,1,1,0,1,0.029048,12,0.19077,0.211048,0
洛羊(1949),洛羊,,author,0,4,4,0,4,4,0.105878,11,0.230354,0.259604,9982.332714
底定 (n),底定,,notion,1,0,1,1,0,1,0.01098,12,0.187265,0.202253,0
评张子 (n),评张子,,notion,1,0,1,1,0,1,0.01098,12,0.187265,0.202253,0
洪荒(1949),洪荒,,author,0,10,10,0,10,10,0.047375,11,0.194746,0.221012,10105.798942
一改 (n),一改,,notion,1,0,1,1,0,1,0.008036,12,0.163032,0.176553,0
归宿 (n),归宿,,notion,1,0,1,1,0,1,0.008036,12,0.163032,0.176553,0
春来 (n),春来,,notion,1,0,1,1,0,1,0.008036,12,0.163032,0.176553,0
根据地 (n),根据地,,notion,1,0,1,1,0,1,0.008036,12,0.163032,0.176553,0
礼品 (n),礼品,,notion,1,0,1,1,0,1,0.008036,12,0.163032,0.176553,0
流金(1949),流金,,author,0,4,4,0,4,4,0.01553,11,0.177273,0.193063,6697.493519
人民解放军 (n),人民解放军,,notion,1,0,1,1,0,1,0.003409,12,0.150604,0.159667,0
湘女(1949),湘女,,author,0,3,3,0,3,3,0.004285,1,1,1,3
和贩 (n),和贩,,notion,1,0,1,1,0,1,0.066229,10,0.201664,0.220065,0
等于 (n),等于,,notion,1,0,1,1,0,1,0.066229,10,0.201664,0.220065,0
周旋到底 (n),周旋到底,,notion,1,0,1,1,0,1,0.057324,10,0.195255,0.21241,0
焦敏之(1949),焦敏之,,author,0,6,6,0,6,6,0.249023,9,0.233108,0.263673,3150.300889
坚持原则 (n),坚持原则,,notion,1,0,1,1,0,1,0.022482,10,0.189081,0.204373,0
王厚生(1949),王厚生,,author,0,7,7,0,7,7,0.0934,11,0.216145,0.24304,3327.44429
王小石(1949),王小石,,author,0,3,3,0,3,3,0.005926,13,0.134887,0.143903,1791
解放后 (n),解放后,,notion,1,0,1,1,0,1,0.002312,14,0.118871,0.12457,0
四七 (n),四七,,notion,1,0,1,1,0,1,0.008952,10,0.169565,0.181961,0
续上 (n),续上,,notion,1,0,1,1,0,1,0.008952,10,0.169565,0.181961,0
王速之(1949),王速之,,author,0,6,6,0,6,6,0.010159,3,0.727273,0.854167,25
两座 (n),两座,,notion,1,0,1,1,0,1,0.003426,4,0.444444,0.510417,0
即墨 (n),即墨,,notion,1,0,1,1,0,1,0.003426,4,0.444444,0.510417,0
境内 (n),境内,,notion,1,0,1,1,0,1,0.003426,4,0.444444,0.510417,0
王铁崖(1949),王铁崖,,author,0,7,7,0,7,7,0.025148,11,0.183586,0.203334,4598.323586
之亲 (n),之亲,,notion,1,0,1,1,0,1,0.004959,12,0.155137,0.165951,0
瑞仁(1949),瑞仁,,author,0,3,3,0,3,3,0.004285,1,1,1,3
田夫之(1949),田夫之,,author,0,7,7,0,7,7,0.024833,13,0.182688,0.203798,10487.557047
南飞 (n),南飞,,notion,1,0,1,1,0,1,0.005034,14,0.154495,0.166001,0
田寿(1949),田寿,,author,0,2,2,0,2,2,0.002737,1,1,1,1
风雨飘摇 (n),风雨飘摇,,notion,1,0,1,1,0,1,0.001695,2,0.666667,0.75,0
由中(1949),由中,,author,0,4,4,0,4,4,0.008645,13,0.15759,0.169452,2685
心中 (n),心中,,notion,1,0,1,1,0,1,0.002781,14,0.136157,0.143225,0
瞿士良(1949),瞿士良,,author,0,6,6,0,6,6,0.040941,11,0.198276,0.221771,4069.280661
矛林(1949),矛林,,author,0,2,2,0,2,2,0.002737,1,1,1,1
舰是 (n),舰是,,notion,1,0,1,1,0,1,0.001695,2,0.666667,0.75,0
石童(1949),石童,,author,0,2,2,0,2,2,0.003437,3,0.421053,0.520833,7
石闻(1949),石闻,,author,0,2,2,0,2,2,0.003961,13,0.133007,0.141321,896
秀英(1949),秀英,,author,0,2,2,0,2,2,0.003653,2,0.75,0.833333,0.5
秋明(1949),秋明,,author,0,4,4,0,4,4,0.018837,11,0.183962,0.201734,9366.682709
秋枫(1949),秋枫,,author,0,12,12,0,12,12,0.047089,11,0.18092,0.203429,9392.624664
发掘 (n),发掘,,notion,1,0,1,1,0,1,0.008077,12,0.153229,0.16477,0
崇拜 (n),崇拜,,notion,1,0,1,1,0,1,0.008077,12,0.153229,0.16477,0
战争罪犯 (n),战争罪犯,,notion,1,0,1,1,0,1,0.008077,12,0.153229,0.16477,0
资望 (n),资望,,notion,1,0,1,1,0,1,0.008077,12,0.153229,0.16477,0
秋田(1949),秋田,,author,0,4,4,0,4,4,0.007672,13,0.123452,0.132955,8007
书城 (n),书城,,notion,1,0,1,1,0,1,0.002731,14,0.1099,0.115743,0
秦牧(1949),秦牧,,author,0,2,2,0,2,2,0.003188,3,0.571429,0.708333,3
鬼火 (n),鬼火,,notion,1,0,1,1,0,1,0.00176,4,0.4,0.520833,0
章靳以(1949),章靳以,,author,0,10,10,0,10,10,0.515161,11,0.211756,0.24478,2085.550756
催生 (n),催生,,notion,1,0,1,1,0,1,0.042795,12,0.174786,0.191477,0
送死 (n),送死,,notion,1,0,1,1,0,1,0.042795,12,0.174786,0.191477,0
童大勇(1949),童大勇,,author,0,3,3,0,3,3,0.013511,11,0.169373,0.184611,1056.60104
不可分割 (n),不可分割,,notion,1,0,1,1,0,1,0.065373,10,0.205263,0.223023,0
人民币 (n),人民币,,notion,1,0,1,1,0,1,0.065373,10,0.205263,0.223023,0
早日 (n),早日,,notion,1,0,1,1,0,1,0.065373,10,0.205263,0.223023,0
素武(1949),素武,,author,0,3,3,0,3,3,0.012476,11,0.175951,0.191049,1092.375788
急转直下 (n),急转直下,,notion,1,0,1,1,0,1,0.002935,12,0.14965,0.15844,0
绍声(1949),绍声,,author,0,2,2,0,2,2,0.003437,3,0.421053,0.520833,7
显要 (n),显要,,notion,1,0,1,1,0,1,0.001785,4,0.307692,0.385417,0
绍猷(1949),绍猷,,author,0,3,3,0,3,3,0.004285,1,1,1,3
接迎 (n),接迎,,notion,1,0,1,1,0,1,0.015141,12,0.183811,0.198782,0
罗梦册(1949),罗梦册,,author,0,5,5,0,5,5,0.029874,11,0.190284,0.21237,3206.234114
罗涵先(1949),罗涵先,,author,0,2,2,0,2,2,0.033692,11,0.196452,0.21455,313.815966
羊群(1949),羊群,,author,0,1,1,0,1,1,0.00131,1,1,1,0
骄躁 (n),骄躁,,notion,1,0,1,1,0,1,0.00131,1,1,1,0
翁独健(1949),翁独健,,author,0,4,4,0,4,4,0.1081,11,0.232023,0.261119,4315.48567
友好 (n),友好,,notion,1,0,1,1,0,1,0.011156,12,0.188366,0.203245,0
胡仲持(1949),胡仲持,,author,0,1,1,0,1,1,0.001754,3,0.5,0.611111,0
胡守愚(1949),胡守愚,,author,0,3,3,0,3,3,0.018468,11,0.182465,0.199326,1109.224919
胡绳(1949),胡绳,,author,0,4,4,0,4,4,0.016366,11,0.181873,0.19874,2361.949455
胡遇复(1949),胡遇复,,author,0,4,4,0,4,4,0.038133,11,0.191095,0.213461,2297.359258
艾苦鋆(1949),艾苦鋆,,author,0,5,5,0,5,5,0.007753,1,1,1,10
孙阁揆 (n),孙阁揆,,notion,1,0,1,1,0,1,0.002924,2,0.555556,0.6,0
立院 (n),立院,,notion,1,0,1,1,0,1,0.002924,2,0.555556,0.6,0
苏复洛夫(1949),苏复洛夫,,author,0,2,2,0,2,2,0.022413,11,0.184568,0.204181,794.909892
萧贤(1949),萧贤,,author,0,7,7,0,7,7,0.021561,11,0.177063,0.196137,5361
还好 (n),还好,,notion,1,0,1,1,0,1,0.004775,12,0.150453,0.160944,0
须知 (n),须知,,notion,1,0,1,1,0,1,0.004775,12,0.150453,0.160944,0
董冰如(1949),董冰如,,author,0,11,11,0,11,11,0.528851,9,0.218994,0.252096,4458.289924
寄存 (n),寄存,,notion,1,0,1,1,0,1,0.044171,10,0.179688,0.196068,0
蒋生(1949),蒋生,,author,0,2,2,0,2,2,0.003369,13,0.139676,0.147775,896
交椅 (n),交椅,,notion,1,0,1,1,0,1,0.001774,14,0.122574,0.127988,0
蒙若(1949),蒙若,,author,0,2,2,0,2,2,0.002737,1,1,1,1
长安 (n),长安,,notion,1,0,1,1,0,1,0.001695,2,0.666667,0.75,0
风雪 (n),风雪,,notion,1,0,1,1,0,1,0.001695,2,0.666667,0.75,0
侵华 (n),侵华,,notion,1,0,1,1,0,1,0.081632,10,0.206682,0.228007,0
具备 (n),具备,,notion,1,0,1,1,0,1,0.081632,10,0.206682,0.228007,0
冈村 (n),冈村,,notion,1,0,1,1,0,1,0.081632,10,0.206682,0.228007,0
和战 (n),和战,,notion,1,0,1,1,0,1,0.081632,10,0.206682,0.228007,0
回日 (n),回日,,notion,1,0,1,1,0,1,0.081632,10,0.206682,0.228007,0
宁次 (n),宁次,,notion,1,0,1,1,0,1,0.081632,10,0.206682,0.228007,0
怎会 (n),怎会,,notion,1,0,1,1,0,1,0.081632,10,0.206682,0.228007,0
暴日 (n),暴日,,notion,1,0,1,1,0,1,0.081632,10,0.206682,0.228007,0
苦乐 (n),苦乐,,notion,1,0,1,1,0,1,0.081632,10,0.206682,0.228007,0
面子 (n),面子,,notion,1,0,1,1,0,1,0.081632,10,0.206682,0.228007,0
蕾谷(1949),蕾谷,,author,0,3,3,0,3,3,0.004683,2,0.8,0.875,5
休养 (n),休养,,notion,1,0,1,1,0,1,0.002151,3,0.5,0.583333,0
讷庵(1949),讷庵,,author,0,8,8,0,8,8,0.01393,1,1,1,28
偏安 (n),偏安,,notion,1,0,1,1,0,1,0.004268,2,0.533333,0.5625,0
刘项 (n),刘项,,notion,1,0,1,1,0,1,0.004268,2,0.533333,0.5625,0
南宋 (n),南宋,,notion,1,0,1,1,0,1,0.004268,2,0.533333,0.5625,0
均田制 (n),均田制,,notion,1,0,1,1,0,1,0.004268,2,0.533333,0.5625,0
管宁 (n),管宁,,notion,1,0,1,1,0,1,0.004268,2,0.533333,0.5625,0
蔡邕 (n),蔡邕,,notion,1,0,1,1,0,1,0.004268,2,0.533333,0.5625,0
谷新(1949),谷新,,author,0,5,5,0,5,5,0.007753,1,1,1,10
替宁府 (n),替宁府,,notion,1,0,1,1,0,1,0.002924,2,0.555556,0.6,0
海军 (n),海军,,notion,1,0,1,1,0,1,0.002924,2,0.555556,0.6,0
穷途末路 (n),穷途末路,,notion,1,0,1,1,0,1,0.002924,2,0.555556,0.6,0
算命 (n),算命,,notion,1,0,1,1,0,1,0.002924,2,0.555556,0.6,0
谷新之(1949),谷新之,,author,0,5,5,0,5,5,0.037508,11,0.197403,0.216963,4024.771789
费孝通(1949),费孝通,,author,0,6,6,0,6,6,0.088352,11,0.203678,0.230426,4397.676801
保守 (n),保守,,notion,1,0,1,1,0,1,0.00976,12,0.169245,0.1833,0
赵志华(1949),赵志华,,author,0,2,2,0,2,2,0.020334,11,0.188366,0.207451,523.417325
辛圭(1949),辛圭,,author,0,4,4,0,4,4,0.009668,13,0.166358,0.180141,2685
大头鬼 (n),大头鬼,,notion,1,0,1,1,0,1,0.002888,14,0.142653,0.150827,0
阴魂不散 (n),阴魂不散,,notion,1,0,1,1,0,1,0.002888,14,0.142653,0.150827,0
辛斤(1949),辛斤,,author,0,2,2,0,2,2,0.002737,1,1,1,1
上刑 (n),上刑,,notion,1,0,1,1,0,1,0.001695,2,0.666667,0.75,0
善战 (n),善战,,notion,1,0,1,1,0,1,0.001695,2,0.666667,0.75,0
辽远(1949),辽远,,author,0,4,4,0,4,4,0.007899,11,0.134081,0.144536,1921.394895
邵二(1949),邵二,,author,0,4,4,0,4,4,0.015907,11,0.180265,0.197263,4343.192633
邹风(1949),邹风,,author,0,6,6,0,6,6,0.104129,11,0.222581,0.25249,5137.023739
掩盖 (n),掩盖,,notion,2,0,2,2,0,2,0.014114,12,0.182688,0.199388,1108.204061
综谈 (n),综谈,,notion,1,0,1,1,0,1,0.011177,12,0.182095,0.197381,0
郑铁村(1949),郑铁村,,author,0,3,3,0,3,3,0.006974,11,0.151623,0.163458,1059.409792
郑铁邨(1949),郑铁邨,,author,0,1,1,0,1,1,0.003026,13,0.134806,0.142417,0
郭梅荪(1949),郭梅荪,,author,0,3,3,0,3,3,0.006685,13,0.163269,0.175454,1791
财金 (n),财金,,notion,1,0,1,1,0,1,0.002314,14,0.140376,0.147875,0
郭沫若(1949),郭沫若,,author,0,2,2,0,2,2,0.003548,13,0.129624,0.137222,896
高呼 (n),高呼,,notion,1,0,1,1,0,1,0.001795,14,0.114765,0.119896,0
郭绍虞(1949),郭绍虞,,author,0,4,4,0,4,4,0.242977,9,0.232866,0.262187,1361.300889
钱塘令(1949),钱塘令,,author,0,3,3,0,3,3,0.004804,3,0.545455,0.694444,9
钱端升(1949),钱端升,,author,0,3,3,0,3,3,0.012487,11,0.162677,0.175465,30.048879
阮富乙(1949),阮富乙,,author,0,3,3,0,3,3,0.021892,11,0.178828,0.197825,1791
自觉性 (n),自觉性,,notion,1,0,1,1,0,1,0.003902,12,0.151725,0.162543,0
南进 (n),南进,,notion,1,0,1,1,0,1,0.016682,12,0.194831,0.210343,0
解放军 (n),解放军,,notion,1,0,1,1,0,1,0.016682,12,0.194831,0.210343,0
鲁斯周 (n),鲁斯周,,notion,1,0,1,1,0,1,0.073776,10,0.202758,0.223116,0
陈惠生(1949),陈惠生,,author,0,4,4,0,4,4,0.017683,11,0.184796,0.202155,1250.850226
本年度 (n),本年度,,notion,1,0,1,1,0,1,0.003743,12,0.156,0.165805,0
陈望道(1949),陈望道,,author,0,3,3,0,3,3,0.240148,9,0.232745,0.261444,465.300889
陈正兴(1949),陈正兴,,author,0,4,4,0,4,4,0.009803,11,0.157148,0.169341,397.686124
谎言 (n),谎言,,notion,2,0,2,2,0,2,0.007746,12,0.152396,0.162986,63.077354
陈涛(1949),陈涛,,author,0,3,3,0,3,3,0.007623,2,0.714286,0.8,1
陈福悲(1949),陈福悲,,author,0,2,2,0,2,2,0.00778,11,0.161913,0.174131,896
陈若群(1949),陈若群,,author,0,7,7,0,7,7,0.022583,11,0.179257,0.196477,3896.000211
陈行健(1949),陈行健,,author,0,6,6,0,6,6,0.046527,11,0.201482,0.225742,3735.984308
戏法 (n),戏法,,notion,1,0,1,1,0,1,0.006712,12,0.167726,0.180602,0
陈途(1949),陈途,,author,0,2,2,0,2,2,0.003838,13,0.12318,0.130446,896
陈震亚(1949),陈震亚,,author,0,3,3,0,3,3,0.007723,11,0.167915,0.17974,1202.942125
陶大镛(1949),陶大镛,,author,0,3,3,0,3,3,0.020787,11,0.188525,0.207485,1213.041008
静远(1949),静远,,author,0,7,7,0,7,7,0.018501,11,0.174718,0.192755,7137
五天 (n),五天,,notion,1,0,1,1,0,1,0.004469,12,0.148756,0.15874,0
亚澳 (n),亚澳,,notion,1,0,1,1,0,1,0.004469,12,0.148756,0.15874,0
工人阶级 (n),工人阶级,,notion,1,0,1,1,0,1,0.004469,12,0.148756,0.15874,0
非汎(1949),非汎,,author,0,6,6,0,6,6,0.009679,1,1,1,15
靳以(1949),靳以,,author,0,6,6,0,6,6,0.024942,11,0.182317,0.202177,3619.544469
两篇 (n),两篇,,notion,1,0,1,1,0,1,0.004582,12,0.15423,0.165215,0
后而作 (n),后而作,,notion,1,0,1,1,0,1,0.004582,12,0.15423,0.165215,0
梁氏 (n),梁氏,,notion,1,0,1,1,0,1,0.004582,12,0.15423,0.165215,0
顾新(1949),顾新,,author,0,4,4,0,4,4,0.007311,13,0.136033,0.146107,2685
幢幢 (n),幢幢,,notion,1,0,1,1,0,1,0.002673,14,0.11976,0.12595,0
鬼影 (n),鬼影,,notion,1,0,1,1,0,1,0.002673,14,0.11976,0.12595,0
马梁(1949),马梁,,author,0,5,5,0,5,5,0.008288,3,0.615385,0.770833,22
临危 (n),临危,,notion,1,0,1,1,0,1,0.002997,4,0.4,0.479167,0
周鸿经 (n),周鸿经,,notion,1,0,1,1,0,1,0.002997,4,0.4,0.479167,0
校长 (n),校长,,notion,1,0,1,1,0,1,0.002997,4,0.4,0.479167,0
脱逃 (n),脱逃,,notion,1,0,1,1,0,1,0.002997,4,0.4,0.479167,0
马霍京(1949),马霍京,,author,0,3,3,0,3,3,0.017063,11,0.178614,0.193447,1983.77182
李白 (n),李白,,notion,1,0,1,1,0,1,0.003207,12,0.151571,0.160206,0
驻青(1949),驻青,,author,0,4,4,0,4,4,0.097567,11,0.221263,0.249257,2685
之门开 (n),之门开,,notion,1,0,1,1,0,1,0.010059,12,0.181212,0.195783,0
引退 (n),引退,,notion,1,0,1,1,0,1,0.010059,12,0.181212,0.195783,0
高天(1949),高天,,author,0,7,7,0,7,7,0.02378,11,0.181579,0.199397,4701.210887
无畏 (n),无畏,,notion,1,0,1,1,0,1,0.005098,12,0.153701,0.16331,0
止境 (n),止境,,notion,1,0,1,1,0,1,0.005098,12,0.153701,0.16331,0
高朗(1949),高朗,,author,0,1,1,0,1,1,0.00131,1,1,1,0
撞狱 (n),撞狱,,notion,1,0,1,1,0,1,0.00131,1,1,1,0
黄一中(1949),黄一中,,author,0,2,2,0,2,2,0.00778,11,0.161913,0.174131,896
魔掌 (n),魔掌,,notion,1,0,1,1,0,1,0.002281,12,0.139372,0.146832,0
黄朗(1949),黄朗,,author,0,8,8,0,8,8,0.022943,11,0.180847,0.198996,6251
全代会 (n),全代会,,notion,1,0,1,1,0,1,0.005226,12,0.153176,0.162848,0
工农 (n),工农,,notion,1,0,1,1,0,1,0.005226,12,0.153176,0.162848,0
贺新 (n),贺新,,notion,1,0,1,1,0,1,0.005226,12,0.153176,0.162848,0
青团 (n),青团,,notion,1,0,1,1,0,1,0.005226,12,0.153176,0.162848,0
黄药眠(1949),黄药眠,,author,0,8,8,0,8,8,0.118825,9,0.235557,0.266492,10547.847977
受难 (n),受难,,notion,1,0,1,1,0,1,0.013163,10,0.190689,0.20589,0
黎玄(1949),黎玄,,author,0,3,3,0,3,3,0.012666,11,0.175264,0.191329,1791
默文(1949),默文,,author,0,2,2,0,2,2,0.002737,1,1,1,1
成舍 (n),成舍,,notion,1,0,1,1,0,1,0.001695,2,0.666667,0.75,0
仿行 (n),仿行,,notion,1,0,1,1,0,1,0.004743,2,0.529412,0.555556,0
创制 (n),创制,,notion,1,0,1,1,0,1,0.004743,2,0.529412,0.555556,0
接应 (n),接应,,notion,1,0,1,1,0,1,0.004743,2,0.529412,0.555556,0
轮船 (n),轮船,,notion,1,0,1,1,0,1,0.004743,2,0.529412,0.555556,0
银圆 (n),银圆,,notion,1,0,1,1,0,1,0.004743,2,0.529412,0.555556,0
各级 (n),各级,,notion,1,0,1,1,0,1,0.0059,14,0.122877,0.131133,0
相互 (n),相互,,notion,1,0,1,1,0,1,0.0059,14,0.122877,0.131133,0
职权 (n),职权,,notion,1,0,1,1,0,1,0.0059,14,0.122877,0.131133,0
（罗马尼亚）Doru(1949),（罗马尼亚）Doru,,author,0,8,8,0,8,8,0.10564,11,0.21347,0.242495,4867.839684
（苏）叶菲莫夫(1949),（苏）叶菲莫夫,,author,0,5,5,0,5,5,0.118493,11,0.237051,0.268021,11277.477931
爲了 (n),爲了,,notion,1,0,1,1,0,1,0.012508,12,0.191667,0.207224,0
（苏）库克里尼克希(1949),（苏）库克里尼克希,,author,0,2,2,0,2,2,0.021766,11,0.183436,0.202639,896
