Id,Label,type,indegree,outdegree,Degree,weighted indegree,weighted outdegree,Weighted Degree,eigencentrality,Eccentricity,closnesscentrality,harmonicclosnesscentrality,betweenesscentrality
《再生》,《再生》,journal,76,0,76,115,0,115,0.091161,3,0.353551,0.389432,52685.683152
《观察》,《观察》,journal,149,0,149,207,0,207,0.221459,3,0.374542,0.442273,104697.828799
《中建》,《中建》,journal,16,0,16,16,0,16,0.018804,5,0.312733,0.329949,10394.572537
《光明报》,《光明报》,journal,229,0,229,331,0,331,0.434344,3,0.400609,0.500181,150316.008121
《主流》,《主流》,journal,35,0,35,40,0,40,0.044319,3,0.342761,0.359754,23876.110053
《展望》,《展望》,journal,410,0,410,577,0,577,1,3,0.475478,0.631198,267412.026907
经济(1949),经济,notion,0,5,5,0,20,20,0.098197,4,0.466329,0.483894,12552.682626
战局(1949),战局,notion,0,3,3,0,13,13,0.082071,4,0.406264,0.443359,3824.945501
政局(1949),政局,notion,0,2,2,0,12,12,0.05961,4,0.35193,0.395404,1365.756329
展望(1949),展望,notion,0,2,2,0,41,41,0.068561,4,0.368843,0.41169,1235.781665
国际(1949),国际,notion,0,1,1,0,8,8,0.046099,4,0.322366,0.362378,0
观察(1949),观察,notion,0,1,1,0,24,24,0.012962,4,0.272566,0.291531,0
门侧(1949),门侧,notion,0,1,1,0,6,6,0.046099,4,0.322366,0.362378,0
佚史(1949),佚史,notion,0,1,1,0,4,4,0.00616,4,0.261277,0.271716,0
和平(1949),和平,notion,0,4,4,0,49,49,0.095034,4,0.453918,0.476113,8467.735553
战役(1949),战役,notion,0,1,1,0,4,4,0.00616,4,0.261277,0.271716,0
江浙(1949),江浙,notion,0,1,1,0,4,4,0.00616,4,0.261277,0.271716,0
美国(1949),美国,notion,0,4,4,0,12,12,0.08317,4,0.413561,0.44924,8010.189254
人民(1949),人民,notion,0,3,3,0,15,15,0.081524,4,0.408788,0.445259,4392.025204
使命(1949),使命,notion,0,1,1,0,3,3,0.00616,4,0.261277,0.271716,0
先生(1949),先生,notion,0,5,5,0,12,12,0.08933,4,0.437114,0.465979,14131.491997
北平(1949),北平,notion,0,3,3,0,6,6,0.082071,4,0.406264,0.443359,3824.945501
君劢(1949),君劢,notion,0,1,1,0,3,3,0.00616,4,0.261277,0.271716,0
始末(1949),始末,notion,0,1,1,0,3,3,0.00616,4,0.261277,0.271716,0
对外贸易(1949),对外贸易,notion,0,2,2,0,4,4,0.028622,4,0.298929,0.332429,1412.40337
工作(1949),工作,notion,0,1,1,0,3,3,0.012962,4,0.272566,0.291531,0
应有(1949),应有,notion,0,2,2,0,4,4,0.028622,4,0.298929,0.332429,1412.40337
我国(1949),我国,notion,0,1,1,0,3,3,0.00616,4,0.261277,0.271716,0
报告(1949),报告,notion,0,2,2,0,4,4,0.059062,4,0.354095,0.397575,2009.864835
措施(1949),措施,notion,0,2,2,0,4,4,0.052259,4,0.337982,0.380746,2005.708087
政府(1949),政府,notion,0,2,2,0,5,5,0.052259,4,0.337982,0.380746,2005.708087
柏林(1949),柏林,notion,0,1,1,0,3,3,0.00616,4,0.261277,0.271716,0
言行(1949),言行,notion,0,1,1,0,3,3,0.00616,4,0.261277,0.271716,0
迎接(1949),迎接,notion,0,2,2,0,11,11,0.068561,4,0.368843,0.41169,1235.781665
重大(1949),重大,notion,0,1,1,0,3,3,0.00616,4,0.261277,0.271716,0
问题(1949),问题,notion,0,6,6,0,26,26,0.104357,4,0.495428,0.50009,19895.952603
中央(1949),中央,notion,0,1,1,0,2,2,0.012962,4,0.272566,0.291531,0
华南(1949),华南,notion,0,2,2,0,6,6,0.068561,4,0.368843,0.41169,1235.781665
南北(1949),南北,notion,0,1,1,0,2,2,0.046099,4,0.322366,0.362378,0
台湾(1949),台湾,notion,0,2,2,0,8,8,0.068561,4,0.368843,0.41169,1235.781665
《中建:综合版》,《中建:综合版》,journal,150,0,150,314,0,314,0.238766,5,0.371221,0.441133,100113.77043
城乡(1949),城乡,notion,0,1,1,0,2,2,0.022462,4,0.286114,0.313246,0
天津(1949),天津,notion,0,1,1,0,2,2,0.046099,4,0.322366,0.362378,0
座谈(1949),座谈,notion,0,1,1,0,29,29,0.01351,6,0.270803,0.290662,0
待续(1949),待续,notion,0,1,1,0,2,2,0.00616,4,0.261277,0.271716,0
意见(1949),意见,notion,0,2,2,0,3,3,0.016125,4,0.277661,0.300398,701.768531
战争(1949),战争,notion,0,3,3,0,4,4,0.082071,4,0.406264,0.443359,3824.945501
撤退(1949),撤退,notion,0,1,1,0,3,3,0.046099,4,0.322366,0.362378,0
政治(1949),政治,notion,0,4,4,0,23,23,0.075735,4,0.398184,0.437568,7916.011165
教育(1949),教育,notion,0,1,1,0,3,3,0.022462,4,0.286114,0.313246,0
文艺(1949),文艺,notion,0,1,1,0,2,2,0.046099,4,0.322366,0.362378,0
斗争(1949),斗争,notion,0,2,2,0,4,4,0.068561,4,0.368843,0.41169,1235.781665
新奇(1949),新奇,notion,0,1,1,0,2,2,0.046099,4,0.322366,0.362378,0
杂谈(1949),杂谈,notion,0,1,1,0,2,2,0.046099,4,0.322366,0.362378,0
武汉(1949),武汉,notion,0,1,1,0,3,3,0.046099,4,0.322366,0.362378,0
民主(1949),民主,notion,0,4,4,0,14,14,0.095034,4,0.453918,0.476113,8467.735553
民主运动(1949),民主运动,notion,0,1,1,0,2,2,0.022462,4,0.286114,0.313246,0
渡江(1949),渡江,notion,0,2,2,0,6,6,0.068561,4,0.368843,0.41169,1235.781665
热忱(1949),热忱,notion,0,1,1,0,2,2,0.012962,4,0.272566,0.291531,0
生活(1949),生活,notion,0,1,1,0,13,13,0.01351,6,0.270803,0.290662,0
社会主义(1949),社会主义,notion,0,3,3,0,6,6,0.022833,4,0.290262,0.320394,2743.168211
胜利(1949),胜利,notion,0,1,1,0,10,10,0.022462,4,0.286114,0.313246,0
解放(1949),解放,notion,0,2,2,0,8,8,0.068561,4,0.368843,0.41169,1235.781665
香港(1949),香港,notion,0,1,1,0,2,2,0.046099,4,0.322366,0.362378,0
一代(1949),一代,notion,0,1,1,0,1,1,0.001647,6,0.238292,0.245422,0
一件(1949),一件,notion,0,1,1,0,1,1,0.012962,4,0.272566,0.291531,0
一切(1949),一切,notion,0,1,1,0,1,1,0.01351,6,0.270803,0.290662,0
一天(1949),一天,notion,0,1,1,0,1,1,0.00616,4,0.261277,0.271716,0
一所(1949),一所,notion,0,1,1,0,1,1,0.01351,6,0.270803,0.290662,0
一改(1949),一改,notion,0,1,1,0,1,1,0.046099,4,0.322366,0.362378,0
一文(1949),一文,notion,0,1,1,0,1,1,0.012962,4,0.272566,0.291531,0
一时(1949),一时,notion,0,1,1,0,1,1,0.01351,6,0.270803,0.290662,0
一期(1949),一期,notion,0,1,1,0,1,1,0.012962,4,0.272566,0.291531,0
一点(1949),一点,notion,0,2,2,0,3,3,0.05961,4,0.35193,0.395404,1365.756329
一股(1949),一股,notion,0,1,1,0,1,1,0.012962,4,0.272566,0.291531,0
一致(1949),一致,notion,0,1,1,0,1,1,0.046099,4,0.322366,0.362378,0
万变不离其宗(1949),万变不离其宗,notion,0,1,1,0,1,1,0.046099,4,0.322366,0.362378,0
万岁(1949),万岁,notion,0,1,1,0,2,2,0.012962,4,0.272566,0.291531,0
万方(1949),万方,notion,0,1,1,0,1,1,0.003163,4,0.255337,0.260586,0
三五(1949),三五,notion,0,1,1,0,1,1,0.00616,4,0.261277,0.271716,0
三八节(1949),三八节,notion,0,1,1,0,1,1,0.022462,4,0.286114,0.313246,0
三六(1949),三六,notion,0,1,1,0,1,1,0.00616,4,0.261277,0.271716,0
三十八年(1949),三十八年,notion,0,1,1,0,1,1,0.046099,4,0.322366,0.362378,0
三四(1949),三四,notion,0,1,1,0,1,1,0.00616,4,0.261277,0.271716,0
上刑(1949),上刑,notion,0,1,1,0,1,1,0.046099,4,0.322366,0.362378,0
上改(1949),上改,notion,0,1,1,0,1,1,0.012962,4,0.272566,0.291531,0
上海(1949),上海,notion,0,1,1,0,2,2,0.046099,4,0.322366,0.362378,0
下去(1949),下去,notion,0,1,1,0,1,1,0.046099,4,0.322366,0.362378,0
下旬(1949),下旬,notion,0,1,1,0,1,1,0.012962,4,0.272566,0.291531,0
不了(1949),不了,notion,0,2,2,0,2,2,0.068561,4,0.368843,0.41169,1235.781665
不会(1949),不会,notion,0,1,1,0,1,1,0.022462,4,0.286114,0.313246,0
不可分割(1949),不可分割,notion,0,1,1,0,1,1,0.01351,6,0.270803,0.290662,0
不好惹(1949),不好惹,notion,0,1,1,0,1,1,0.046099,4,0.322366,0.362378,0
不放(1949),不放,notion,0,1,1,0,1,1,0.046099,4,0.322366,0.362378,0
不是(1949),不是,notion,0,1,1,0,1,1,0.01351,6,0.270803,0.290662,0
不能(1949),不能,notion,0,1,1,0,1,1,0.012962,4,0.272566,0.291531,0
不要(1949),不要,notion,0,1,1,0,1,1,0.012962,4,0.272566,0.291531,0
世界(1949),世界,notion,0,4,4,0,8,8,0.084686,4,0.419208,0.453312,7781.501745
世界大战(1949),世界大战,notion,0,1,1,0,1,1,0.00616,4,0.261277,0.271716,0
东亚(1949),东亚,notion,0,1,1,0,1,1,0.046099,4,0.322366,0.362378,0
东北(1949),东北,notion,0,1,1,0,1,1,0.046099,4,0.322366,0.362378,0
东南亚(1949),东南亚,notion,0,2,2,0,2,2,0.05961,4,0.35193,0.395404,1365.756329
东方(1949),东方,notion,0,1,1,0,1,1,0.012962,4,0.272566,0.291531,0
东欧(1949),东欧,notion,0,1,1,0,1,1,0.012962,4,0.272566,0.291531,0
东西(1949),东西,notion,0,1,1,0,1,1,0.00616,4,0.261277,0.271716,0
两个(1949),两个,notion,0,2,2,0,2,2,0.068561,4,0.368843,0.41169,1235.781665
两利(1949),两利,notion,0,1,1,0,1,1,0.046099,4,0.322366,0.362378,0
两周(1949),两周,notion,0,1,1,0,1,1,0.046099,4,0.322366,0.362378,0
两周年(1949),两周年,notion,0,1,1,0,1,1,0.022462,4,0.286114,0.313246,0
两国(1949),两国,notion,0,1,1,0,1,1,0.046099,4,0.322366,0.362378,0
两幅(1949),两幅,notion,0,1,1,0,1,1,0.012962,4,0.272566,0.291531,0
两座(1949),两座,notion,0,1,1,0,1,1,0.022462,4,0.286114,0.313246,0
两种(1949),两种,notion,0,1,1,0,1,1,0.046099,4,0.322366,0.362378,0
两篇(1949),两篇,notion,0,1,1,0,1,1,0.01351,6,0.270803,0.290662,0
严重(1949),严重,notion,0,1,1,0,1,1,0.022462,4,0.286114,0.313246,0
中产阶级(1949),中产阶级,notion,0,1,1,0,1,1,0.01351,6,0.270803,0.290662,0
中共(1949),中共,notion,0,1,1,0,1,1,0.046099,4,0.322366,0.362378,0
中华民国(1949),中华民国,notion,0,1,1,0,1,1,0.00616,4,0.261277,0.271716,0
中原(1949),中原,notion,0,1,1,0,1,1,0.01351,6,0.270803,0.290662,0
中国(1949),中国,notion,0,4,4,0,8,8,0.077884,4,0.397154,0.436754,7927.071214
中大(1949),中大,notion,0,2,2,0,2,2,0.068561,4,0.368843,0.41169,1235.781665
中央人民政府(1949),中央人民政府,notion,0,1,1,0,1,1,0.012962,4,0.272566,0.291531,0
中庸(1949),中庸,notion,0,1,1,0,1,1,0.01351,6,0.270803,0.290662,0
中心(1949),中心,notion,0,1,1,0,1,1,0.022462,4,0.286114,0.313246,0
中日(1949),中日,notion,0,1,1,0,1,1,0.046099,4,0.322366,0.362378,0
中来(1949),中来,notion,0,1,1,0,1,1,0.022462,4,0.286114,0.313246,0
中的(1949),中的,notion,0,1,1,0,1,1,0.046099,4,0.322366,0.362378,0
中苏(1949),中苏,notion,0,1,1,0,1,1,0.012962,4,0.272566,0.291531,0
中间路线(1949),中间路线,notion,0,1,1,0,1,1,0.046099,4,0.322366,0.362378,0
丰年(1949),丰年,notion,0,1,1,0,1,1,0.046099,4,0.322366,0.362378,0
临危(1949),临危,notion,0,1,1,0,1,1,0.046099,4,0.322366,0.362378,0
临危受命(1949),临危受命,notion,0,1,1,0,1,1,0.046099,4,0.322366,0.362378,0
为例(1949),为例,notion,0,1,1,0,1,1,0.01351,6,0.270803,0.290662,0
为止(1949),为止,notion,0,1,1,0,1,1,0.046099,4,0.322366,0.362378,0
主人(1949),主人,notion,0,1,1,0,1,1,0.012962,4,0.272566,0.291531,0
主张(1949),主张,notion,0,1,1,0,1,1,0.003163,4,0.255337,0.260586,0
主流(1949),主流,notion,0,1,1,0,1,1,0.003163,4,0.255337,0.260586,0
主潮(1949),主潮,notion,0,1,1,0,1,1,0.003163,4,0.255337,0.260586,0
之下(1949),之下,notion,0,1,1,0,1,1,0.01351,6,0.270803,0.290662,0
之亲(1949),之亲,notion,0,1,1,0,1,1,0.046099,4,0.322366,0.362378,0
之四(1949),之四,notion,0,1,1,0,1,1,0.00616,4,0.261277,0.271716,0
之外(1949),之外,notion,0,1,1,0,1,1,0.046099,4,0.322366,0.362378,0
之战(1949),之战,notion,0,1,1,0,1,1,0.046099,4,0.322366,0.362378,0
之新(1949),之新,notion,0,1,1,0,1,1,0.003163,4,0.255337,0.260586,0
之门开(1949),之门开,notion,0,1,1,0,1,1,0.046099,4,0.322366,0.362378,0
之间(1949),之间,notion,0,3,3,0,15,15,0.06577,4,0.370028,0.413228,4833.692012
乐观(1949),乐观,notion,0,1,1,0,1,1,0.01351,6,0.270803,0.290662,0
书城(1949),书城,notion,0,1,1,0,1,1,0.046099,4,0.322366,0.362378,0
书面报告(1949),书面报告,notion,0,1,1,0,1,1,0.022462,4,0.286114,0.313246,0
买书(1949),买书,notion,0,1,1,0,1,1,0.001647,6,0.238292,0.245422,0
了解(1949),了解,notion,0,1,1,0,1,1,0.046099,4,0.322366,0.362378,0
争取(1949),争取,notion,0,1,1,0,1,1,0.01351,6,0.270803,0.290662,0
争取和平(1949),争取和平,notion,0,3,3,0,3,3,0.082071,4,0.406264,0.443359,3824.945501
事实(1949),事实,notion,0,3,3,0,3,3,0.081524,4,0.408788,0.445259,4392.025204
事情(1949),事情,notion,0,1,1,0,1,1,0.012962,4,0.272566,0.291531,0
二三(1949),二三,notion,0,1,1,0,1,1,0.046099,4,0.322366,0.362378,0
二八(1949),二八,notion,0,1,1,0,1,1,0.022462,4,0.286114,0.313246,0
云南(1949),云南,notion,0,1,1,0,1,1,0.046099,4,0.322366,0.362378,0
五天(1949),五天,notion,0,1,1,0,1,1,0.012962,4,0.272566,0.291531,0
亚洲(1949),亚洲,notion,0,1,1,0,1,1,0.046099,4,0.322366,0.362378,0
亚澳(1949),亚澳,notion,0,1,1,0,1,1,0.012962,4,0.272566,0.291531,0
交椅(1949),交椅,notion,0,1,1,0,1,1,0.046099,4,0.322366,0.362378,0
产生(1949),产生,notion,0,1,1,0,1,1,0.01351,6,0.270803,0.290662,0
京沪(1949),京沪,notion,0,1,1,0,1,1,0.022462,4,0.286114,0.313246,0
京穗(1949),京穗,notion,0,1,1,0,1,1,0.046099,4,0.322366,0.362378,0
京郊(1949),京郊,notion,0,1,1,0,1,1,0.012962,4,0.272566,0.291531,0
人们(1949),人们,notion,0,1,1,0,1,1,0.046099,4,0.322366,0.362378,0
人口(1949),人口,notion,0,1,1,0,1,1,0.012962,4,0.272566,0.291531,0
人才(1949),人才,notion,0,1,1,0,1,1,0.022462,4,0.286114,0.313246,0
人权(1949),人权,notion,0,1,1,0,1,1,0.00616,4,0.261277,0.271716,0
人民币(1949),人民币,notion,0,1,1,0,1,1,0.012962,4,0.272566,0.291531,0
人民政权(1949),人民政权,notion,0,1,1,0,2,2,0.012962,4,0.272566,0.291531,0
人民解放军(1949),人民解放军,notion,0,1,1,0,1,1,0.046099,4,0.322366,0.362378,0
今日(1949),今日,notion,0,1,1,0,1,1,0.003163,4,0.255337,0.260586,0
仍旧(1949),仍旧,notion,0,1,1,0,1,1,0.046099,4,0.322366,0.362378,0
从公(1949),从公,notion,0,1,1,0,1,1,0.046099,4,0.322366,0.362378,0
代总统(1949),代总统,notion,0,1,1,0,3,3,0.046099,4,0.322366,0.362378,0
代表(1949),代表,notion,0,1,1,0,1,1,0.046099,4,0.322366,0.362378,0
以后(1949),以后,notion,0,1,1,0,1,1,0.046099,4,0.322366,0.362378,0
以德(1949),以德,notion,0,2,2,0,2,2,0.05961,4,0.35193,0.395404,1365.756329
任何(1949),任何,notion,0,1,1,0,1,1,0.01351,6,0.270803,0.290662,0
任务(1949),任务,notion,0,3,3,0,3,3,0.041584,4,0.326249,0.367897,4436.242916
仿行(1949),仿行,notion,0,1,1,0,1,1,0.00616,4,0.261277,0.271716,0
休养(1949),休养,notion,0,1,1,0,1,1,0.046099,4,0.322366,0.362378,0
会上(1949),会上,notion,0,1,1,0,1,1,0.022462,4,0.286114,0.313246,0
会议(1949),会议,notion,0,4,4,0,4,4,0.095034,4,0.453918,0.476113,8467.735553
传说(1949),传说,notion,0,1,1,0,1,1,0.046099,4,0.322366,0.362378,0
伪装(1949),伪装,notion,0,1,1,0,1,1,0.01351,6,0.270803,0.290662,0
似弛(1949),似弛,notion,0,1,1,0,1,1,0.046099,4,0.322366,0.362378,0
何处(1949),何处,notion,0,2,2,0,2,2,0.068561,4,0.368843,0.41169,1235.781665
何应钦(1949),何应钦,notion,0,1,1,0,1,1,0.046099,4,0.322366,0.362378,0
何时(1949),何时,notion,0,1,1,0,1,1,0.046099,4,0.322366,0.362378,0
作风(1949),作风,notion,0,1,1,0,1,1,0.046099,4,0.322366,0.362378,0
侧闻(1949),侧闻,notion,0,1,1,0,1,1,0.046099,4,0.322366,0.362378,0
侨胞(1949),侨胞,notion,0,1,1,0,2,2,0.022462,4,0.286114,0.313246,0
侵华(1949),侵华,notion,0,1,1,0,1,1,0.046099,4,0.322366,0.362378,0
侵占(1949),侵占,notion,0,1,1,0,1,1,0.012962,4,0.272566,0.291531,0
侵略(1949),侵略,notion,0,1,1,0,1,1,0.022462,4,0.286114,0.313246,0
保守(1949),保守,notion,0,1,1,0,1,1,0.046099,4,0.322366,0.362378,0
信心(1949),信心,notion,0,1,1,0,1,1,0.01351,6,0.270803,0.290662,0
信阳(1949),信阳,notion,0,1,1,0,1,1,0.046099,4,0.322366,0.362378,0
倒楣(1949),倒楣,notion,0,1,1,0,1,1,0.012962,4,0.272566,0.291531,0
偏安(1949),偏安,notion,0,1,1,0,1,1,0.00616,4,0.261277,0.271716,0
偏差(1949),偏差,notion,0,1,1,0,1,1,0.046099,4,0.322366,0.362378,0
做出(1949),做出,notion,0,1,1,0,1,1,0.01351,6,0.270803,0.290662,0
健全(1949),健全,notion,0,1,1,0,1,1,0.01351,6,0.270803,0.290662,0
傅作义(1949),傅作义,notion,0,1,1,0,1,1,0.046099,4,0.322366,0.362378,0
催生(1949),催生,notion,0,1,1,0,1,1,0.01351,6,0.270803,0.290662,0
元年(1949),元年,notion,0,1,1,0,1,1,0.022462,4,0.286114,0.313246,0
元旦(1949),元旦,notion,0,2,2,0,2,2,0.052259,4,0.337982,0.380746,2005.708087
光荣(1949),光荣,notion,0,1,1,0,1,1,0.022462,4,0.286114,0.313246,0
兑现(1949),兑现,notion,0,1,1,0,1,1,0.046099,4,0.322366,0.362378,0
全代会(1949),全代会,notion,0,1,1,0,1,1,0.022462,4,0.286114,0.313246,0
全国(1949),全国,notion,0,1,1,0,1,1,0.022462,4,0.286114,0.313246,0
全面(1949),全面,notion,0,1,1,0,1,1,0.01351,6,0.270803,0.290662,0
公约(1949),公约,notion,0,1,1,0,1,1,0.046099,4,0.322366,0.362378,0
公营(1949),公营,notion,0,1,1,0,1,1,0.012962,4,0.272566,0.291531,0
共党(1949),共党,notion,0,1,1,0,1,1,0.046099,4,0.322366,0.362378,0
共区(1949),共区,notion,0,2,2,0,2,2,0.05961,4,0.35193,0.395404,1365.756329
共同纲领(1949),共同纲领,notion,0,1,1,0,4,4,0.012962,4,0.272566,0.291531,0
关系(1949),关系,notion,0,1,1,0,2,2,0.022462,4,0.286114,0.313246,0
关键(1949),关键,notion,0,1,1,0,1,1,0.046099,4,0.322366,0.362378,0
其人(1949),其人,notion,0,1,1,0,1,1,0.046099,4,0.322366,0.362378,0
具体(1949),具体,notion,0,1,1,0,1,1,0.022462,4,0.286114,0.313246,0
具备(1949),具备,notion,0,1,1,0,1,1,0.01351,6,0.270803,0.290662,0
内容(1949),内容,notion,0,1,1,0,1,1,0.046099,4,0.322366,0.362378,0
内幕(1949),内幕,notion,0,2,2,0,2,2,0.068561,4,0.368843,0.41169,1235.781665
内战(1949),内战,notion,0,1,1,0,1,1,0.01351,6,0.270803,0.290662,0
内政(1949),内政,notion,0,1,1,0,1,1,0.046099,4,0.322366,0.362378,0
内部(1949),内部,notion,0,1,1,0,1,1,0.012962,4,0.272566,0.291531,0
内阁(1949),内阁,notion,0,3,3,0,3,3,0.081524,4,0.408788,0.445259,4392.025204
冈村(1949),冈村,notion,0,1,1,0,1,1,0.046099,4,0.322366,0.362378,0
再战(1949),再战,notion,0,1,1,0,1,1,0.046099,4,0.322366,0.362378,0
军事(1949),军事,notion,0,1,1,0,1,1,0.046099,4,0.322366,0.362378,0
农村(1949),农村,notion,0,1,1,0,1,1,0.012962,4,0.272566,0.291531,0
冬天(1949),冬天,notion,0,1,1,0,1,1,0.046099,4,0.322366,0.362378,0
冯裕(1949),冯裕,notion,0,1,1,0,2,2,0.022462,4,0.286114,0.313246,0
冯裕芳(1949),冯裕芳,notion,0,1,1,0,4,4,0.022462,4,0.286114,0.313246,0
冲突(1949),冲突,notion,0,1,1,0,1,1,0.00616,4,0.261277,0.271716,0
决定(1949),决定,notion,0,1,1,0,1,1,0.012962,4,0.272566,0.291531,0
准备(1949),准备,notion,0,2,2,0,3,3,0.068561,4,0.368843,0.41169,1235.781665
减号(1949),减号,notion,0,1,1,0,1,1,0.046099,4,0.322366,0.362378,0
几个(1949),几个,notion,0,1,1,0,1,1,0.046099,4,0.322366,0.362378,0
几种(1949),几种,notion,0,1,1,0,1,1,0.01351,6,0.270803,0.290662,0
出不起(1949),出不起,notion,0,1,1,0,1,1,0.046099,4,0.322366,0.362378,0
出发(1949),出发,notion,0,1,1,0,1,1,0.022462,4,0.286114,0.313246,0
出现(1949),出现,notion,0,1,1,0,1,1,0.046099,4,0.322366,0.362378,0
出逃(1949),出逃,notion,0,1,1,0,1,1,0.046099,4,0.322366,0.362378,0
刊物(1949),刊物,notion,0,1,1,0,1,1,0.012962,4,0.272566,0.291531,0
刑罚(1949),刑罚,notion,0,1,1,0,1,1,0.046099,4,0.322366,0.362378,0
刘项(1949),刘项,notion,0,1,1,0,1,1,0.00616,4,0.261277,0.271716,0
创制(1949),创制,notion,0,1,1,0,1,1,0.00616,4,0.261277,0.271716,0
创建(1949),创建,notion,0,1,1,0,1,1,0.01351,6,0.270803,0.290662,0
利弊(1949),利弊,notion,0,1,1,0,1,1,0.00616,4,0.261277,0.271716,0
制造(1949),制造,notion,0,1,1,0,1,1,0.022462,4,0.286114,0.313246,0
前前后后(1949),前前后后,notion,0,1,1,0,1,1,0.01351,6,0.270803,0.290662,0
前后(1949),前后,notion,0,1,1,0,2,2,0.046099,4,0.322366,0.362378,0
前夕(1949),前夕,notion,0,1,1,0,2,2,0.022462,4,0.286114,0.313246,0
前夜(1949),前夜,notion,0,1,1,0,1,1,0.046099,4,0.322366,0.362378,0
前进(1949),前进,notion,0,1,1,0,1,1,0.022462,4,0.286114,0.313246,0
前途(1949),前途,notion,0,3,3,0,3,3,0.039135,4,0.318135,0.358125,2949.981624
剧戏(1949),剧戏,notion,0,1,1,0,1,1,0.046099,4,0.322366,0.362378,0
力争(1949),力争,notion,0,1,1,0,1,1,0.046099,4,0.322366,0.362378,0
力量(1949),力量,notion,0,1,1,0,2,2,0.012962,4,0.272566,0.291531,0
加号(1949),加号,notion,0,1,1,0,1,1,0.046099,4,0.322366,0.362378,0
加紧(1949),加紧,notion,0,2,2,0,2,2,0.035424,4,0.311254,0.348987,1146.378704
动乱(1949),动乱,notion,0,1,1,0,1,1,0.046099,4,0.322366,0.362378,0
动向(1949),动向,notion,0,1,1,0,2,2,0.046099,4,0.322366,0.362378,0
劳动(1949),劳动,notion,0,1,1,0,1,1,0.022462,4,0.286114,0.313246,0
劳资(1949),劳资,notion,0,1,1,0,1,1,0.046099,4,0.322366,0.362378,0
勾当(1949),勾当,notion,0,1,1,0,1,1,0.012962,4,0.272566,0.291531,0
北京(1949),北京,notion,0,1,1,0,1,1,0.01351,6,0.270803,0.290662,0
北京大学(1949),北京大学,notion,0,1,1,0,1,1,0.01351,6,0.270803,0.290662,0
匪字(1949),匪字,notion,0,1,1,0,1,1,0.046099,4,0.322366,0.362378,0
十讲(1949),十讲,notion,0,1,1,0,1,1,0.00616,4,0.261277,0.271716,0
华中(1949),华中,notion,0,1,1,0,1,1,0.022462,4,0.286114,0.313246,0
华侨(1949),华侨,notion,0,1,1,0,2,2,0.022462,4,0.286114,0.313246,0
华北(1949),华北,notion,0,1,1,0,1,1,0.022462,4,0.286114,0.313246,0
华尔街(1949),华尔街,notion,0,1,1,0,1,1,0.012962,4,0.272566,0.291531,0
协定(1949),协定,notion,0,1,1,0,1,1,0.022462,4,0.286114,0.313246,0
南下(1949),南下,notion,0,1,1,0,1,1,0.022462,4,0.286114,0.313246,0
南京(1949),南京,notion,0,3,3,0,4,4,0.082071,4,0.406264,0.443359,3824.945501
南宋(1949),南宋,notion,0,1,1,0,1,1,0.00616,4,0.261277,0.271716,0
南方(1949),南方,notion,0,1,1,0,1,1,0.022462,4,0.286114,0.313246,0
南迁(1949),南迁,notion,0,1,1,0,1,1,0.046099,4,0.322366,0.362378,0
南进(1949),南进,notion,0,1,1,0,1,1,0.022462,4,0.286114,0.313246,0
南飞(1949),南飞,notion,0,1,1,0,1,1,0.046099,4,0.322366,0.362378,0
印尼(1949),印尼,notion,0,1,1,0,1,1,0.046099,4,0.322366,0.362378,0
危城(1949),危城,notion,0,1,1,0,1,1,0.046099,4,0.322366,0.362378,0
即墨(1949),即墨,notion,0,1,1,0,1,1,0.022462,4,0.286114,0.313246,0
历史(1949),历史,notion,0,1,1,0,1,1,0.022462,4,0.286114,0.313246,0
压轴戏(1949),压轴戏,notion,0,1,1,0,1,1,0.046099,4,0.322366,0.362378,0
原则(1949),原则,notion,0,2,2,0,2,2,0.059062,4,0.354095,0.397575,2009.864835
去年(1949),去年,notion,0,1,1,0,1,1,0.012962,4,0.272566,0.291531,0
友好(1949),友好,notion,0,1,1,0,1,1,0.012962,4,0.272566,0.291531,0
友谊(1949),友谊,notion,0,1,1,0,1,1,0.022462,4,0.286114,0.313246,0
反动派(1949),反动派,notion,0,1,1,0,2,2,0.022462,4,0.286114,0.313246,0
反对(1949),反对,notion,0,1,1,0,1,1,0.022462,4,0.286114,0.313246,0
发展(1949),发展,notion,0,2,2,0,3,3,0.068561,4,0.368843,0.41169,1235.781665
发掘(1949),发掘,notion,0,1,1,0,1,1,0.022462,4,0.286114,0.313246,0
发现(1949),发现,notion,0,1,1,0,1,1,0.003163,4,0.255337,0.260586,0
发表(1949),发表,notion,0,1,1,0,1,1,0.012962,4,0.272566,0.291531,0
发表声明(1949),发表声明,notion,0,1,1,0,1,1,0.046099,4,0.322366,0.362378,0
取消(1949),取消,notion,0,1,1,0,1,1,0.046099,4,0.322366,0.362378,0
受难(1949),受难,notion,0,1,1,0,1,1,0.022462,4,0.286114,0.313246,0
古城(1949),古城,notion,0,1,1,0,1,1,0.01351,6,0.270803,0.290662,0
句践(1949),句践,notion,0,1,1,0,1,1,0.046099,4,0.322366,0.362378,0
只有(1949),只有,notion,0,1,1,0,1,1,0.046099,4,0.322366,0.362378,0
叫做(1949),叫做,notion,0,1,1,0,1,1,0.046099,4,0.322366,0.362378,0
可怕(1949),可怕,notion,0,1,1,0,1,1,0.01351,6,0.270803,0.290662,0
号召(1949),号召,notion,0,1,1,0,1,1,0.046099,4,0.322366,0.362378,0
司徒(1949),司徒,notion,0,1,1,0,1,1,0.046099,4,0.322366,0.362378,0
司法(1949),司法,notion,0,1,1,0,1,1,0.012962,4,0.272566,0.291531,0
各级(1949),各级,notion,0,1,1,0,1,1,0.012962,4,0.272566,0.291531,0
各部(1949),各部,notion,0,1,1,0,1,1,0.012962,4,0.272566,0.291531,0
合作(1949),合作,notion,0,1,1,0,1,1,0.022462,4,0.286114,0.313246,0
合理(1949),合理,notion,0,1,1,0,2,2,0.01351,6,0.270803,0.290662,0
合肥(1949),合肥,notion,0,1,1,0,1,1,0.046099,4,0.322366,0.362378,0
吉田(1949),吉田,notion,0,1,1,0,1,1,0.046099,4,0.322366,0.362378,0
同志(1949),同志,notion,0,1,1,0,3,3,0.022462,4,0.286114,0.313246,0
同盟(1949),同盟,notion,0,1,1,0,1,1,0.012962,4,0.272566,0.291531,0
名词(1949),名词,notion,0,1,1,0,1,1,0.046099,4,0.322366,0.362378,0
后而作(1949),后而作,notion,0,1,1,0,1,1,0.01351,6,0.270803,0.290662,0
向着(1949),向着,notion,0,1,1,0,1,1,0.022462,4,0.286114,0.313246,0
启蒙运动(1949),启蒙运动,notion,0,1,1,0,1,1,0.01351,6,0.270803,0.290662,0
周旋到底(1949),周旋到底,notion,0,1,1,0,1,1,0.01351,6,0.270803,0.290662,0
周鸿经(1949),周鸿经,notion,0,1,1,0,1,1,0.046099,4,0.322366,0.362378,0
和战(1949),和战,notion,0,1,1,0,1,1,0.01351,6,0.270803,0.290662,0
和谈(1949),和谈,notion,0,2,2,0,7,7,0.05961,4,0.35193,0.395404,1365.756329
和贩(1949),和贩,notion,0,1,1,0,1,1,0.01351,6,0.270803,0.290662,0
哈尔滨(1949),哈尔滨,notion,0,1,1,0,1,1,0.012962,4,0.272566,0.291531,0
哪里(1949),哪里,notion,0,1,1,0,1,1,0.046099,4,0.322366,0.362378,0
哲学(1949),哲学,notion,0,1,1,0,1,1,0.003163,4,0.255337,0.260586,0
哲学家(1949),哲学家,notion,0,1,1,0,1,1,0.00616,4,0.261277,0.271716,0
善战(1949),善战,notion,0,1,1,0,1,1,0.046099,4,0.322366,0.362378,0
嘉湖(1949),嘉湖,notion,0,1,1,0,1,1,0.046099,4,0.322366,0.362378,0
四七(1949),四七,notion,0,1,1,0,1,1,0.00616,4,0.261277,0.271716,0
四国(1949),四国,notion,0,1,1,0,1,1,0.022462,4,0.286114,0.313246,0
四川(1949),四川,notion,0,1,1,0,1,1,0.046099,4,0.322366,0.362378,0
回日(1949),回日,notion,0,1,1,0,1,1,0.046099,4,0.322366,0.362378,0
回顾(1949),回顾,notion,0,2,2,0,3,3,0.052259,4,0.337982,0.380746,2005.708087
团结(1949),团结,notion,0,1,1,0,1,1,0.012962,4,0.272566,0.291531,0
国会(1949),国会,notion,0,1,1,0,1,1,0.046099,4,0.322366,0.362378,0
国家(1949),国家,notion,0,2,2,0,2,2,0.059062,4,0.354095,0.397575,2009.864835
国防(1949),国防,notion,0,1,1,0,1,1,0.046099,4,0.322366,0.362378,0
土共(1949),土共,notion,0,1,1,0,1,1,0.046099,4,0.322366,0.362378,0
土地(1949),土地,notion,0,1,1,0,1,1,0.003163,4,0.255337,0.260586,0
土地改革(1949),土地改革,notion,0,2,2,0,2,2,0.004809,4,0.257622,0.265382,383.698148
圣诞(1949),圣诞,notion,0,2,2,0,2,2,0.047746,4,0.325557,0.36663,1785.332739
地位(1949),地位,notion,0,1,1,0,1,1,0.00616,4,0.261277,0.271716,0
地方(1949),地方,notion,0,1,1,0,1,1,0.01351,6,0.270803,0.290662,0
均田制(1949),均田制,notion,0,1,1,0,1,1,0.00616,4,0.261277,0.271716,0
坚定(1949),坚定,notion,0,1,1,0,1,1,0.01351,6,0.270803,0.290662,0
坚持原则(1949),坚持原则,notion,0,1,1,0,1,1,0.01351,6,0.270803,0.290662,0
垮台(1949),垮台,notion,0,1,1,0,1,1,0.046099,4,0.322366,0.362378,0
城市(1949),城市,notion,0,1,1,0,1,1,0.012962,4,0.272566,0.291531,0
基因(1949),基因,notion,0,1,1,0,1,1,0.00616,4,0.261277,0.271716,0
基地(1949),基地,notion,0,2,2,0,2,2,0.059062,4,0.354095,0.397575,2009.864835
基本(1949),基本,notion,0,1,1,0,1,1,0.046099,4,0.322366,0.362378,0
基础(1949),基础,notion,0,1,1,0,1,1,0.01351,6,0.270803,0.290662,0
境内(1949),境内,notion,0,1,1,0,1,1,0.022462,4,0.286114,0.313246,0
声中话(1949),声中话,notion,0,1,1,0,3,3,0.046099,4,0.322366,0.362378,0
处罚(1949),处罚,notion,0,1,1,0,1,1,0.046099,4,0.322366,0.362378,0
备战(1949),备战,notion,0,1,1,0,1,1,0.046099,4,0.322366,0.362378,0
复兴(1949),复兴,notion,0,1,1,0,1,1,0.046099,4,0.322366,0.362378,0
复刊(1949),复刊,notion,0,1,1,0,1,1,0.012962,4,0.272566,0.291531,0
夕照(1949),夕照,notion,0,1,1,0,1,1,0.022462,4,0.286114,0.313246,0
外交(1949),外交,notion,0,1,1,0,3,3,0.046099,4,0.322366,0.362378,0
外交家(1949),外交家,notion,0,1,1,0,1,1,0.012962,4,0.272566,0.291531,0
外交政策(1949),外交政策,notion,0,1,1,0,1,1,0.00616,4,0.261277,0.271716,0
外长(1949),外长,notion,0,1,1,0,1,1,0.022462,4,0.286114,0.313246,0
多久(1949),多久,notion,0,1,1,0,1,1,0.022462,4,0.286114,0.313246,0
多难(1949),多难,notion,0,1,1,0,1,1,0.003163,4,0.255337,0.260586,0
大会(1949),大会,notion,0,1,1,0,1,1,0.022462,4,0.286114,0.313246,0
大使(1949),大使,notion,0,1,1,0,1,1,0.046099,4,0.322366,0.362378,0
大公报(1949),大公报,notion,0,1,1,0,1,1,0.01351,6,0.270803,0.290662,0
大团结(1949),大团结,notion,0,2,2,0,2,2,0.068561,4,0.368843,0.41169,1235.781665
大头鬼(1949),大头鬼,notion,0,1,1,0,1,1,0.01351,6,0.270803,0.290662,0
大学(1949),大学,notion,0,1,1,0,1,1,0.01351,6,0.270803,0.290662,0
大家(1949),大家,notion,0,2,2,0,2,2,0.05961,4,0.35193,0.395404,1365.756329
大局(1949),大局,notion,0,2,2,0,13,13,0.01967,4,0.284875,0.311799,1462.227595
大屠杀(1949),大屠杀,notion,0,1,1,0,1,1,0.046099,4,0.322366,0.362378,0
大旗(1949),大旗,notion,0,1,1,0,1,1,0.046099,4,0.322366,0.362378,0
大衆(1949),大衆,notion,0,1,1,0,1,1,0.012962,4,0.272566,0.291531,0
大西洋(1949),大西洋,notion,0,1,1,0,1,1,0.046099,4,0.322366,0.362378,0
大赦(1949),大赦,notion,0,1,1,0,1,1,0.046099,4,0.322366,0.362378,0
大路通(1949),大路通,notion,0,1,1,0,1,1,0.01351,6,0.270803,0.290662,0
大连(1949),大连,notion,0,1,1,0,1,1,0.012962,4,0.272566,0.291531,0
大队(1949),大队,notion,0,1,1,0,1,1,0.022462,4,0.286114,0.313246,0
天下(1949),天下,notion,0,1,1,0,1,1,0.01351,6,0.270803,0.290662,0
天堂(1949),天堂,notion,0,1,1,0,1,1,0.046099,4,0.322366,0.362378,0
天寒(1949),天寒,notion,0,1,1,0,1,1,0.046099,4,0.322366,0.362378,0
太平(1949),太平,notion,0,1,1,0,1,1,0.00616,4,0.261277,0.271716,0
太阳(1949),太阳,notion,0,2,2,0,2,2,0.024108,4,0.288624,0.317499,951.233108
如此(1949),如此,notion,0,1,1,0,1,1,0.046099,4,0.322366,0.362378,0
妇女(1949),妇女,notion,0,2,2,0,2,2,0.068561,4,0.368843,0.41169,1235.781665
委员会(1949),委员会,notion,0,1,1,0,1,1,0.003163,4,0.255337,0.260586,0
威胁(1949),威胁,notion,0,1,1,0,1,1,0.01351,6,0.270803,0.290662,0
婚姻(1949),婚姻,notion,0,1,1,0,1,1,0.001647,6,0.238292,0.245422,0
孙中山(1949),孙中山,notion,0,1,1,0,1,1,0.012962,4,0.272566,0.291531,0
孙科(1949),孙科,notion,0,1,1,0,1,1,0.022462,4,0.286114,0.313246,0
孙阁(1949),孙阁,notion,0,1,1,0,1,1,0.046099,4,0.322366,0.362378,0
孙阁揆(1949),孙阁揆,notion,0,1,1,0,1,1,0.046099,4,0.322366,0.362378,0
孙阁果(1949),孙阁果,notion,0,1,1,0,1,1,0.046099,4,0.322366,0.362378,0
孤岛(1949),孤岛,notion,0,1,1,0,1,1,0.022462,4,0.286114,0.313246,0
学习(1949),学习,notion,0,1,1,0,3,3,0.012962,4,0.272566,0.291531,0
学会(1949),学会,notion,0,1,1,0,1,1,0.022462,4,0.286114,0.313246,0
学府(1949),学府,notion,0,1,1,0,1,1,0.022462,4,0.286114,0.313246,0
学术(1949),学术,notion,0,1,1,0,1,1,0.012962,4,0.272566,0.291531,0
学生(1949),学生,notion,0,1,1,0,1,1,0.046099,4,0.322366,0.362378,0
学院(1949),学院,notion,0,1,1,0,1,1,0.046099,4,0.322366,0.362378,0
宁夏(1949),宁夏,notion,0,1,1,0,1,1,0.046099,4,0.322366,0.362378,0
宁次(1949),宁次,notion,0,1,1,0,1,1,0.046099,4,0.322366,0.362378,0
守势(1949),守势,notion,0,1,1,0,1,1,0.046099,4,0.322366,0.362378,0
实紧(1949),实紧,notion,0,1,1,0,1,1,0.046099,4,0.322366,0.362378,0
实验区(1949),实验区,notion,0,1,1,0,1,1,0.012962,4,0.272566,0.291531,0
审查(1949),审查,notion,0,1,1,0,1,1,0.012962,4,0.272566,0.291531,0
宪法(1949),宪法,notion,0,2,2,0,2,2,0.028622,4,0.298929,0.332429,1412.40337
家要(1949),家要,notion,0,1,1,0,1,1,0.046099,4,0.322366,0.362378,0
寄存(1949),寄存,notion,0,1,1,0,1,1,0.01351,6,0.270803,0.290662,0
富有(1949),富有,notion,0,1,1,0,1,1,0.046099,4,0.322366,0.362378,0
对华政策(1949),对华政策,notion,0,2,2,0,2,2,0.068561,4,0.368843,0.41169,1235.781665
对外(1949),对外,notion,0,1,1,0,1,1,0.046099,4,0.322366,0.362378,0
对立(1949),对立,notion,0,1,1,0,1,1,0.022462,4,0.286114,0.313246,0
封建残余(1949),封建残余,notion,0,1,1,0,1,1,0.01351,6,0.270803,0.290662,0
将军(1949),将军,notion,0,1,1,0,2,2,0.046099,4,0.322366,0.362378,0
小不忍则乱大谋(1949),小不忍则乱大谋,notion,0,1,1,0,1,1,0.01351,6,0.270803,0.290662,0
尺度(1949),尺度,notion,0,1,1,0,1,1,0.046099,4,0.322366,0.362378,0
局势(1949),局势,notion,0,1,1,0,1,1,0.046099,4,0.322366,0.362378,0
展开(1949),展开,notion,0,1,1,0,1,1,0.01351,6,0.270803,0.290662,0
山东(1949),山东,notion,0,1,1,0,1,1,0.022462,4,0.286114,0.313246,0
岁暮(1949),岁暮,notion,0,1,1,0,1,1,0.046099,4,0.322366,0.362378,0
崇拜(1949),崇拜,notion,0,1,1,0,1,1,0.022462,4,0.286114,0.313246,0
工业(1949),工业,notion,0,1,1,0,1,1,0.01351,6,0.270803,0.290662,0
工人阶级(1949),工人阶级,notion,0,1,1,0,1,1,0.012962,4,0.272566,0.291531,0
工会(1949),工会,notion,0,1,1,0,1,1,0.012962,4,0.272566,0.291531,0
工作团(1949),工作团,notion,0,1,1,0,1,1,0.022462,4,0.286114,0.313246,0
工作者(1949),工作者,notion,0,1,1,0,1,1,0.01351,6,0.270803,0.290662,0
工农(1949),工农,notion,0,1,1,0,1,1,0.022462,4,0.286114,0.313246,0
工商业(1949),工商业,notion,0,2,2,0,2,2,0.068561,4,0.368843,0.41169,1235.781665
工商界(1949),工商界,notion,0,1,1,0,2,2,0.046099,4,0.322366,0.362378,0
工展(1949),工展,notion,0,1,1,0,1,1,0.012962,4,0.272566,0.291531,0
巨浪(1949),巨浪,notion,0,1,1,0,1,1,0.003163,4,0.255337,0.260586,0
巴黎(1949),巴黎,notion,0,1,1,0,1,1,0.022462,4,0.286114,0.313246,0
币制(1949),币制,notion,0,1,1,0,1,1,0.01351,6,0.270803,0.290662,0
希望(1949),希望,notion,0,2,2,0,3,3,0.068561,4,0.368843,0.41169,1235.781665
帝国主义(1949),帝国主义,notion,0,2,2,0,2,2,0.035424,4,0.311254,0.348987,1146.378704
席位(1949),席位,notion,0,1,1,0,1,1,0.012962,4,0.272566,0.291531,0
幕后(1949),幕后,notion,0,1,1,0,1,1,0.046099,4,0.322366,0.362378,0
幢幢(1949),幢幢,notion,0,1,1,0,1,1,0.022462,4,0.286114,0.313246,0
干吗(1949),干吗,notion,0,1,1,0,1,1,0.046099,4,0.322366,0.362378,0
平原(1949),平原,notion,0,1,1,0,1,1,0.046099,4,0.322366,0.362378,0
平民(1949),平民,notion,0,1,1,0,1,1,0.046099,4,0.322366,0.362378,0
平津(1949),平津,notion,0,1,1,0,1,1,0.046099,4,0.322366,0.362378,0
平等(1949),平等,notion,0,1,1,0,1,1,0.003163,4,0.255337,0.260586,0
幸致(1949),幸致,notion,0,1,1,0,1,1,0.01351,6,0.270803,0.290662,0
广东(1949),广东,notion,0,1,1,0,2,2,0.046099,4,0.322366,0.362378,0
广州(1949),广州,notion,0,2,2,0,3,3,0.068561,4,0.368843,0.41169,1235.781665
庆祝(1949),庆祝,notion,0,1,1,0,1,1,0.022462,4,0.286114,0.313246,0
应该(1949),应该,notion,0,2,2,0,2,2,0.05961,4,0.35193,0.395404,1365.756329
底定(1949),底定,notion,0,1,1,0,1,1,0.046099,4,0.322366,0.362378,0
废除(1949),废除,notion,0,1,1,0,1,1,0.022462,4,0.286114,0.313246,0
建立(1949),建立,notion,0,1,1,0,1,1,0.022462,4,0.286114,0.313246,0
建築(1949),建築,notion,0,1,1,0,1,1,0.012962,4,0.272566,0.291531,0
建设(1949),建设,notion,0,2,2,0,3,3,0.068561,4,0.368843,0.41169,1235.781665
开始(1949),开始,notion,0,1,1,0,2,2,0.012962,4,0.272566,0.291531,0
开封(1949),开封,notion,0,1,1,0,1,1,0.01351,6,0.270803,0.290662,0
引退(1949),引退,notion,0,1,1,0,1,1,0.046099,4,0.322366,0.362378,0
张学良(1949),张学良,notion,0,1,1,0,1,1,0.046099,4,0.322366,0.362378,0
归宿(1949),归宿,notion,0,1,1,0,1,1,0.046099,4,0.322366,0.362378,0
归来(1949),归来,notion,0,1,1,0,3,3,0.046099,4,0.322366,0.362378,0
当前(1949),当前,notion,0,1,1,0,1,1,0.046099,4,0.322366,0.362378,0
形势(1949),形势,notion,0,2,2,0,4,4,0.068561,4,0.368843,0.41169,1235.781665
形式(1949),形式,notion,0,1,1,0,1,1,0.012962,4,0.272566,0.291531,0
形成(1949),形成,notion,0,1,1,0,1,1,0.00616,4,0.261277,0.271716,0
彼一时(1949),彼一时,notion,0,1,1,0,1,1,0.046099,4,0.322366,0.362378,0
心中(1949),心中,notion,0,1,1,0,1,1,0.046099,4,0.322366,0.362378,0
心理(1949),心理,notion,0,1,1,0,1,1,0.022462,4,0.286114,0.313246,0
必须(1949),必须,notion,0,2,2,0,2,2,0.035972,4,0.311886,0.349801,1223.407507
忆述(1949),忆述,notion,0,1,1,0,1,1,0.022462,4,0.286114,0.313246,0
怀疑(1949),怀疑,notion,0,1,1,0,1,1,0.01351,6,0.270803,0.290662,0
怎么样(1949),怎么样,notion,0,1,1,0,1,1,0.022462,4,0.286114,0.313246,0
怎会(1949),怎会,notion,0,1,1,0,1,1,0.046099,4,0.322366,0.362378,0
怒潮(1949),怒潮,notion,0,1,1,0,1,1,0.01351,6,0.270803,0.290662,0
思想(1949),思想,notion,0,1,1,0,1,1,0.01351,6,0.270803,0.290662,0
思想界(1949),思想界,notion,0,1,1,0,1,1,0.00616,4,0.261277,0.271716,0
思潮(1949),思潮,notion,0,1,1,0,1,1,0.003163,4,0.255337,0.260586,0
急转直下(1949),急转直下,notion,0,1,1,0,1,1,0.022462,4,0.286114,0.313246,0
怪现象(1949),怪现象,notion,0,1,1,0,1,1,0.022462,4,0.286114,0.313246,0
总统(1949),总统,notion,0,1,1,0,1,1,0.00616,4,0.261277,0.271716,0
恐慌(1949),恐慌,notion,0,1,1,0,1,1,0.046099,4,0.322366,0.362378,0
恢复(1949),恢复,notion,0,1,1,0,1,1,0.022462,4,0.286114,0.313246,0
悼念(1949),悼念,notion,0,1,1,0,1,1,0.022462,4,0.286114,0.313246,0
悼裕(1949),悼裕,notion,0,1,1,0,2,2,0.022462,4,0.286114,0.313246,0
惩前毖后(1949),惩前毖后,notion,0,1,1,0,1,1,0.046099,4,0.322366,0.362378,0
惩办(1949),惩办,notion,0,2,2,0,2,2,0.035972,4,0.311886,0.349801,1223.407507
意义(1949),意义,notion,0,1,1,0,1,1,0.00616,4,0.261277,0.271716,0
慰问(1949),慰问,notion,0,1,1,0,1,1,0.022462,4,0.286114,0.313246,0
戏文(1949),戏文,notion,0,1,1,0,1,1,0.046099,4,0.322366,0.362378,0
戏法(1949),戏法,notion,0,1,1,0,1,1,0.046099,4,0.322366,0.362378,0
成熟期(1949),成熟期,notion,0,1,1,0,1,1,0.00616,4,0.261277,0.271716,0
成立(1949),成立,notion,0,1,1,0,1,1,0.012962,4,0.272566,0.291531,0
成舍(1949),成舍,notion,0,1,1,0,1,1,0.046099,4,0.322366,0.362378,0
成败(1949),成败,notion,0,1,1,0,1,1,0.00616,4,0.261277,0.271716,0
成长(1949),成长,notion,0,1,1,0,2,2,0.01351,6,0.270803,0.290662,0
战争罪犯(1949),战争罪犯,notion,0,1,1,0,1,1,0.022462,4,0.286114,0.313246,0
战后(1949),战后,notion,0,1,1,0,1,1,0.046099,4,0.322366,0.362378,0
战犯(1949),战犯,notion,0,2,2,0,4,4,0.05961,4,0.35193,0.395404,1365.756329
战趋(1949),战趋,notion,0,1,1,0,1,1,0.046099,4,0.322366,0.362378,0
战鬥(1949),战鬥,notion,0,1,1,0,1,1,0.012962,4,0.272566,0.291531,0
戳穿(1949),戳穿,notion,0,1,1,0,1,1,0.012962,4,0.272566,0.291531,0
所见(1949),所见,notion,0,1,1,0,2,2,0.012962,4,0.272566,0.291531,0
所谓(1949),所谓,notion,0,1,1,0,1,1,0.046099,4,0.322366,0.362378,0
手段(1949),手段,notion,0,1,1,0,1,1,0.001647,6,0.238292,0.245422,0
打击(1949),打击,notion,0,2,2,0,2,2,0.026473,4,0.297385,0.330257,1486.546512
扩大(1949),扩大,notion,0,1,1,0,1,1,0.046099,4,0.322366,0.362378,0
扩张政策(1949),扩张政策,notion,0,1,1,0,1,1,0.046099,4,0.322366,0.362378,0
投射(1949),投射,notion,0,1,1,0,1,1,0.046099,4,0.322366,0.362378,0
折扣(1949),折扣,notion,0,1,1,0,1,1,0.01351,6,0.270803,0.290662,0
报导(1949),报导,notion,0,1,1,0,1,1,0.046099,4,0.322366,0.362378,0
报界(1949),报界,notion,0,1,1,0,1,1,0.022462,4,0.286114,0.313246,0
招待会(1949),招待会,notion,0,1,1,0,1,1,0.046099,4,0.322366,0.362378,0
挣扎(1949),挣扎,notion,0,1,1,0,1,1,0.022462,4,0.286114,0.313246,0
接应(1949),接应,notion,0,1,1,0,1,1,0.00616,4,0.261277,0.271716,0
接迎(1949),接迎,notion,0,1,1,0,1,1,0.022462,4,0.286114,0.313246,0
推广(1949),推广,notion,0,1,1,0,1,1,0.001647,6,0.238292,0.245422,0
掩盖(1949),掩盖,notion,0,2,2,0,2,2,0.05961,4,0.35193,0.395404,1365.756329
提高(1949),提高,notion,0,1,1,0,1,1,0.012962,4,0.272566,0.291531,0
插到(1949),插到,notion,0,1,1,0,1,1,0.046099,4,0.322366,0.362378,0
援外(1949),援外,notion,0,1,1,0,1,1,0.022462,4,0.286114,0.313246,0
援手(1949),援手,notion,0,1,1,0,1,1,0.022462,4,0.286114,0.313246,0
搜刮(1949),搜刮,notion,0,1,1,0,1,1,0.022462,4,0.286114,0.313246,0
摧毁(1949),摧毁,notion,0,1,1,0,1,1,0.01351,6,0.270803,0.290662,0
摩萨的(1949),摩萨的,notion,0,1,1,0,1,1,0.046099,4,0.322366,0.362378,0
撞狱(1949),撞狱,notion,0,1,1,0,1,1,0.01351,6,0.270803,0.290662,0
支持(1949),支持,notion,0,1,1,0,1,1,0.046099,4,0.322366,0.362378,0
攻势(1949),攻势,notion,0,1,1,0,1,1,0.046099,4,0.322366,0.362378,0
放松(1949),放松,notion,0,1,1,0,1,1,0.012962,4,0.272566,0.291531,0
政客(1949),政客,notion,0,1,1,0,1,1,0.046099,4,0.322366,0.362378,0
政权(1949),政权,notion,0,1,1,0,1,1,0.012962,4,0.272566,0.291531,0
政治家(1949),政治家,notion,0,1,1,0,1,1,0.046099,4,0.322366,0.362378,0
政策(1949),政策,notion,0,4,4,0,7,7,0.095034,4,0.453918,0.476113,8467.735553
效法(1949),效法,notion,0,1,1,0,1,1,0.046099,4,0.322366,0.362378,0
救济(1949),救济,notion,0,1,1,0,1,1,0.046099,4,0.322366,0.362378,0
教训(1949),教训,notion,0,1,1,0,1,1,0.046099,4,0.322366,0.362378,0
敬悼(1949),敬悼,notion,0,1,1,0,1,1,0.022462,4,0.286114,0.313246,0
数字(1949),数字,notion,0,1,1,0,1,1,0.046099,4,0.322366,0.362378,0
整体化(1949),整体化,notion,0,1,1,0,1,1,0.012962,4,0.272566,0.291531,0
文化(1949),文化,notion,0,2,2,0,2,2,0.068561,4,0.368843,0.41169,1235.781665
文告(1949),文告,notion,0,1,1,0,1,1,0.00616,4,0.261277,0.271716,0
文章(1949),文章,notion,0,2,2,0,2,2,0.05961,4,0.35193,0.395404,1365.756329
文艺复兴(1949),文艺复兴,notion,0,1,1,0,1,1,0.003163,4,0.255337,0.260586,0
斥中(1949),斥中,notion,0,1,1,0,1,1,0.01351,6,0.270803,0.290662,0
斧头(1949),斧头,notion,0,1,1,0,1,1,0.012962,4,0.272566,0.291531,0
斧柄(1949),斧柄,notion,0,1,1,0,1,1,0.012962,4,0.272566,0.291531,0
新中国(1949),新中国,notion,0,2,2,0,5,5,0.035972,4,0.311886,0.349801,1223.407507
新宪(1949),新宪,notion,0,1,1,0,1,1,0.00616,4,0.261277,0.271716,0
新岁(1949),新岁,notion,0,1,1,0,1,1,0.046099,4,0.322366,0.362378,0
新年(1949),新年,notion,0,2,2,0,3,3,0.068561,4,0.368843,0.41169,1235.781665
新政(1949),新政,notion,0,1,1,0,1,1,0.022462,4,0.286114,0.313246,0
新政府(1949),新政府,notion,0,1,1,0,1,1,0.012962,4,0.272566,0.291531,0
新文化(1949),新文化,notion,0,1,1,0,1,1,0.022462,4,0.286114,0.313246,0
新民主主义(1949),新民主主义,notion,0,1,1,0,2,2,0.01351,6,0.270803,0.290662,0
新生(1949),新生,notion,0,1,1,0,1,1,0.046099,4,0.322366,0.362378,0
新纪元(1949),新纪元,notion,0,1,1,0,1,1,0.022462,4,0.286114,0.313246,0
新闻(1949),新闻,notion,0,1,1,0,1,1,0.022462,4,0.286114,0.313246,0
新阁(1949),新阁,notion,0,1,1,0,1,1,0.046099,4,0.322366,0.362378,0
方向(1949),方向,notion,0,1,1,0,1,1,0.00616,4,0.261277,0.271716,0
方式(1949),方式,notion,0,1,1,0,1,1,0.012962,4,0.272566,0.291531,0
方案(1949),方案,notion,0,1,1,0,1,1,0.01351,6,0.270803,0.290662,0
施复亮(1949),施复亮,notion,0,1,1,0,1,1,0.001647,6,0.238292,0.245422,0
旅大(1949),旅大,notion,0,1,1,0,1,1,0.012962,4,0.272566,0.291531,0
旅行(1949),旅行,notion,0,1,1,0,1,1,0.01351,6,0.270803,0.290662,0
无畏(1949),无畏,notion,0,1,1,0,1,1,0.022462,4,0.286114,0.313246,0
无罪(1949),无罪,notion,0,1,1,0,1,1,0.046099,4,0.322366,0.362378,0
无题(1949),无题,notion,0,1,1,0,1,1,0.046099,4,0.322366,0.362378,0
日本(1949),日本,notion,0,3,3,0,7,7,0.082071,4,0.406264,0.443359,3824.945501
日记(1949),日记,notion,0,1,1,0,1,1,0.046099,4,0.322366,0.362378,0
日近(1949),日近,notion,0,1,1,0,1,1,0.046099,4,0.322366,0.362378,0
旧社会(1949),旧社会,notion,0,1,1,0,1,1,0.01351,6,0.270803,0.290662,0
早日(1949),早日,notion,0,1,1,0,1,1,0.01351,6,0.270803,0.290662,0
时代(1949),时代,notion,0,1,1,0,1,1,0.003163,4,0.255337,0.260586,0
时局(1949),时局,notion,0,3,3,0,3,3,0.06577,4,0.370028,0.413228,4833.692012
昆明(1949),昆明,notion,0,1,1,0,1,1,0.046099,4,0.322366,0.362378,0
明太祖(1949),明太祖,notion,0,1,1,0,1,1,0.046099,4,0.322366,0.362378,0
明朗(1949),明朗,notion,0,1,1,0,1,1,0.046099,4,0.322366,0.362378,0
易长(1949),易长,notion,0,1,1,0,1,1,0.046099,4,0.322366,0.362378,0
春来(1949),春来,notion,0,1,1,0,1,1,0.046099,4,0.322366,0.362378,0
春雷(1949),春雷,notion,0,1,1,0,1,1,0.046099,4,0.322366,0.362378,0
是非(1949),是非,notion,0,2,2,0,3,3,0.05961,4,0.35193,0.395404,1365.756329
显要(1949),显要,notion,0,1,1,0,1,1,0.046099,4,0.322366,0.362378,0
晦明(1949),晦明,notion,0,2,2,0,13,13,0.05961,4,0.35193,0.395404,1365.756329
暴日(1949),暴日,notion,0,1,1,0,1,1,0.046099,4,0.322366,0.362378,0
替宁府(1949),替宁府,notion,0,1,1,0,1,1,0.022462,4,0.286114,0.313246,0
最后(1949),最后,notion,0,3,3,0,3,3,0.081524,4,0.408788,0.445259,4392.025204
有利于(1949),有利于,notion,0,1,1,0,1,1,0.046099,4,0.322366,0.362378,0
有权(1949),有权,notion,0,1,1,0,1,1,0.022462,4,0.286114,0.313246,0
朋友(1949),朋友,notion,0,1,1,0,1,1,0.046099,4,0.322366,0.362378,0
望主(1949),望主,notion,0,1,1,0,1,1,0.003163,4,0.255337,0.260586,0
朝阳(1949),朝阳,notion,0,1,1,0,1,1,0.046099,4,0.322366,0.362378,0
未来(1949),未来,notion,0,1,1,0,1,1,0.01351,6,0.270803,0.290662,0
末日(1949),末日,notion,0,1,1,0,1,1,0.01351,6,0.270803,0.290662,0
本义(1949),本义,notion,0,1,1,0,1,1,0.00616,4,0.261277,0.271716,0
本年度(1949),本年度,notion,0,1,1,0,1,1,0.022462,4,0.286114,0.313246,0
本期(1949),本期,notion,0,1,1,0,1,1,0.012962,4,0.272566,0.291531,0
本质(1949),本质,notion,0,1,1,0,1,1,0.01351,6,0.270803,0.290662,0
朱光潜(1949),朱光潜,notion,0,1,1,0,1,1,0.046099,4,0.322366,0.362378,0
机关(1949),机关,notion,0,1,1,0,1,1,0.012962,4,0.272566,0.291531,0
杂谭(1949),杂谭,notion,0,1,1,0,1,1,0.046099,4,0.322366,0.362378,0
李白(1949),李白,notion,0,1,1,0,1,1,0.046099,4,0.322366,0.362378,0
杜鲁门(1949),杜鲁门,notion,0,1,1,0,1,1,0.022462,4,0.286114,0.313246,0
条条(1949),条条,notion,0,1,1,0,1,1,0.01351,6,0.270803,0.290662,0
条约(1949),条约,notion,0,1,1,0,1,1,0.012962,4,0.272566,0.291531,0
杨虎城(1949),杨虎城,notion,0,1,1,0,1,1,0.046099,4,0.322366,0.362378,0
校长(1949),校长,notion,0,1,1,0,1,1,0.046099,4,0.322366,0.362378,0
根据地(1949),根据地,notion,0,1,1,0,1,1,0.012962,4,0.272566,0.291531,0
梁氏(1949),梁氏,notion,0,1,1,0,1,1,0.01351,6,0.270803,0.290662,0
梁漱溟(1949),梁漱溟,notion,0,1,1,0,2,2,0.01351,6,0.270803,0.290662,0
检讨(1949),检讨,notion,0,1,1,0,1,1,0.01351,6,0.270803,0.290662,0
欢迎(1949),欢迎,notion,0,2,2,0,2,2,0.068561,4,0.368843,0.41169,1235.781665
欧洲(1949),欧洲,notion,0,2,2,0,2,2,0.019122,4,0.284875,0.311799,1877.460843
止境(1949),止境,notion,0,1,1,0,1,1,0.022462,4,0.286114,0.313246,0
正于(1949),正于,notion,0,1,1,0,1,1,0.001647,6,0.238292,0.245422,0
正告(1949),正告,notion,0,1,1,0,1,1,0.022462,4,0.286114,0.313246,0
正确(1949),正确,notion,0,1,1,0,1,1,0.022462,4,0.286114,0.313246,0
正视(1949),正视,notion,0,1,1,0,1,1,0.046099,4,0.322366,0.362378,0
此一时(1949),此一时,notion,0,1,1,0,1,1,0.046099,4,0.322366,0.362378,0
武大(1949),武大,notion,0,1,1,0,1,1,0.046099,4,0.322366,0.362378,0
毛泽东(1949),毛泽东,notion,0,1,1,0,1,1,0.012962,4,0.272566,0.291531,0
民主主义(1949),民主主义,notion,0,1,1,0,1,1,0.046099,4,0.322366,0.362378,0
民主党派(1949),民主党派,notion,0,1,1,0,1,1,0.022462,4,0.286114,0.313246,0
民主同盟(1949),民主同盟,notion,0,1,1,0,2,2,0.022462,4,0.286114,0.313246,0
民族(1949),民族,notion,0,1,1,0,1,1,0.022462,4,0.286114,0.313246,0
汉奸(1949),汉奸,notion,0,1,1,0,1,1,0.00616,4,0.261277,0.271716,0
江南(1949),江南,notion,0,3,3,0,4,4,0.081524,4,0.408788,0.445259,4392.025204
江阴(1949),江阴,notion,0,1,1,0,1,1,0.046099,4,0.322366,0.362378,0
法国(1949),法国,notion,0,1,1,0,1,1,0.012962,4,0.272566,0.291531,0
法统(1949),法统,notion,0,1,1,0,1,1,0.01351,6,0.270803,0.290662,0
法西斯(1949),法西斯,notion,0,1,1,0,1,1,0.022462,4,0.286114,0.313246,0
法西斯蒂(1949),法西斯蒂,notion,0,1,1,0,1,1,0.01351,6,0.270803,0.290662,0
波茨坦(1949),波茨坦,notion,0,1,1,0,1,1,0.022462,4,0.286114,0.313246,0
活不成(1949),活不成,notion,0,1,1,0,1,1,0.046099,4,0.322366,0.362378,0
活跃(1949),活跃,notion,0,1,1,0,1,1,0.046099,4,0.322366,0.362378,0
派员(1949),派员,notion,0,1,1,0,1,1,0.046099,4,0.322366,0.362378,0
流向(1949),流向,notion,0,1,1,0,1,1,0.003163,4,0.255337,0.260586,0
浙江(1949),浙江,notion,0,1,1,0,1,1,0.046099,4,0.322366,0.362378,0
浙省(1949),浙省,notion,0,1,1,0,1,1,0.046099,4,0.322366,0.362378,0
浙赣(1949),浙赣,notion,0,1,1,0,1,1,0.046099,4,0.322366,0.362378,0
浦口(1949),浦口,notion,0,1,1,0,1,1,0.01351,6,0.270803,0.290662,0
海军(1949),海军,notion,0,1,1,0,1,1,0.022462,4,0.286114,0.313246,0
消灭(1949),消灭,notion,0,1,1,0,1,1,0.01351,6,0.270803,0.290662,0
混乱(1949),混乱,notion,0,1,1,0,1,1,0.046099,4,0.322366,0.362378,0
清明(1949),清明,notion,0,1,1,0,1,1,0.022462,4,0.286114,0.313246,0
清算(1949),清算,notion,0,1,1,0,1,1,0.022462,4,0.286114,0.313246,0
清除(1949),清除,notion,0,1,1,0,1,1,0.022462,4,0.286114,0.313246,0
溪口(1949),溪口,notion,0,1,1,0,1,1,0.046099,4,0.322366,0.362378,0
演变(1949),演变,notion,0,1,1,0,1,1,0.01351,6,0.270803,0.290662,0
澈底(1949),澈底,notion,0,2,2,0,2,2,0.035972,4,0.311886,0.349801,1223.407507
火车(1949),火车,notion,0,1,1,0,1,1,0.012962,4,0.272566,0.291531,0
灭顶(1949),灭顶,notion,0,1,1,0,1,1,0.046099,4,0.322366,0.362378,0
烽火(1949),烽火,notion,0,1,1,0,1,1,0.046099,4,0.322366,0.362378,0
照老(1949),照老,notion,0,1,1,0,1,1,0.046099,4,0.322366,0.362378,0
爬高(1949),爬高,notion,0,1,1,0,1,1,0.022462,4,0.286114,0.313246,0
爱护(1949),爱护,notion,0,1,1,0,1,1,0.012962,4,0.272566,0.291531,0
爲了(1949),爲了,notion,0,1,1,0,1,1,0.012962,4,0.272566,0.291531,0
独立运动(1949),独立运动,notion,0,1,1,0,1,1,0.01351,6,0.270803,0.290662,0
献辞(1949),献辞,notion,0,1,1,0,1,1,0.046099,4,0.322366,0.362378,0
环境(1949),环境,notion,0,1,1,0,1,1,0.01351,6,0.270803,0.290662,0
现势(1949),现势,notion,0,1,1,0,1,1,0.022462,4,0.286114,0.313246,0
现实(1949),现实,notion,0,1,1,0,1,1,0.046099,4,0.322366,0.362378,0
现状及(1949),现状及,notion,0,1,1,0,1,1,0.022462,4,0.286114,0.313246,0
生产(1949),生产,notion,0,1,1,0,1,1,0.012962,4,0.272566,0.291531,0
生命史(1949),生命史,notion,0,1,1,0,1,1,0.01351,6,0.270803,0.290662,0
生死(1949),生死,notion,0,1,1,0,1,1,0.046099,4,0.322366,0.362378,0
生气(1949),生气,notion,0,1,1,0,1,1,0.046099,4,0.322366,0.362378,0
生长(1949),生长,notion,0,1,1,0,1,1,0.046099,4,0.322366,0.362378,0
留痕(1949),留痕,notion,0,1,1,0,1,1,0.046099,4,0.322366,0.362378,0
病态(1949),病态,notion,0,1,1,0,1,1,0.01351,6,0.270803,0.290662,0
百余年(1949),百余年,notion,0,1,1,0,1,1,0.003163,4,0.255337,0.260586,0
的新(1949),的新,notion,0,1,1,0,1,1,0.012962,4,0.272566,0.291531,0
监狱(1949),监狱,notion,0,1,1,0,1,1,0.012962,4,0.272566,0.291531,0
监视(1949),监视,notion,0,1,1,0,1,1,0.046099,4,0.322366,0.362378,0
目前(1949),目前,notion,0,1,1,0,1,1,0.046099,4,0.322366,0.362378,0
目的(1949),目的,notion,0,1,1,0,1,1,0.046099,4,0.322366,0.362378,0
目迷五色(1949),目迷五色,notion,0,1,1,0,1,1,0.046099,4,0.322366,0.362378,0
相互(1949),相互,notion,0,1,1,0,1,1,0.012962,4,0.272566,0.291531,0
看看(1949),看看,notion,0,1,1,0,1,1,0.01351,6,0.270803,0.290662,0
看齐(1949),看齐,notion,0,1,1,0,1,1,0.046099,4,0.322366,0.362378,0
真假(1949),真假,notion,0,1,1,0,1,1,0.046099,4,0.322366,0.362378,0
真正(1949),真正,notion,0,1,1,0,1,1,0.046099,4,0.322366,0.362378,0
真的(1949),真的,notion,0,1,1,0,1,1,0.046099,4,0.322366,0.362378,0
真空(1949),真空,notion,0,1,1,0,1,1,0.046099,4,0.322366,0.362378,0
瞭解(1949),瞭解,notion,0,1,1,0,1,1,0.046099,4,0.322366,0.362378,0
知识份子(1949),知识份子,notion,0,1,1,0,1,1,0.012962,4,0.272566,0.291531,0
知识分子(1949),知识分子,notion,0,1,1,0,1,1,0.022462,4,0.286114,0.313246,0
知识青年(1949),知识青年,notion,0,1,1,0,1,1,0.022462,4,0.286114,0.313246,0
石牌(1949),石牌,notion,0,1,1,0,1,1,0.022462,4,0.286114,0.313246,0
研究(1949),研究,notion,0,1,1,0,1,1,0.003163,4,0.255337,0.260586,0
礼品(1949),礼品,notion,0,1,1,0,1,1,0.046099,4,0.322366,0.362378,0
社会(1949),社会,notion,0,1,1,0,1,1,0.01351,6,0.270803,0.290662,0
社论(1949),社论,notion,0,1,1,0,1,1,0.012962,4,0.272566,0.291531,0
祖国(1949),祖国,notion,0,1,1,0,2,2,0.022462,4,0.286114,0.313246,0
神经战(1949),神经战,notion,0,1,1,0,1,1,0.046099,4,0.322366,0.362378,0
祥和(1949),祥和,notion,0,1,1,0,1,1,0.046099,4,0.322366,0.362378,0
福州(1949),福州,notion,0,1,1,0,1,1,0.046099,4,0.322366,0.362378,0
福建(1949),福建,notion,0,1,1,0,1,1,0.046099,4,0.322366,0.362378,0
私营(1949),私营,notion,0,1,1,0,1,1,0.012962,4,0.272566,0.291531,0
私营企业(1949),私营企业,notion,0,1,1,0,1,1,0.012962,4,0.272566,0.291531,0
种种(1949),种种,notion,0,1,1,0,2,2,0.046099,4,0.322366,0.362378,0
科学(1949),科学,notion,0,2,2,0,2,2,0.026473,4,0.297385,0.330257,1486.546512
秘话(1949),秘话,notion,0,1,1,0,1,1,0.046099,4,0.322366,0.362378,0
秩序(1949),秩序,notion,0,1,1,0,1,1,0.022462,4,0.286114,0.313246,0
积极(1949),积极,notion,0,1,1,0,1,1,0.046099,4,0.322366,0.362378,0
穷途末路(1949),穷途末路,notion,0,1,1,0,1,1,0.022462,4,0.286114,0.313246,0
立即(1949),立即,notion,0,1,1,0,1,1,0.046099,4,0.322366,0.362378,0
立院(1949),立院,notion,0,1,1,0,1,1,0.046099,4,0.322366,0.362378,0
第一(1949),第一,notion,0,1,1,0,1,1,0.022462,4,0.286114,0.313246,0
第一个(1949),第一个,notion,0,1,1,0,1,1,0.012962,4,0.272566,0.291531,0
第一届(1949),第一届,notion,0,1,1,0,1,1,0.022462,4,0.286114,0.313246,0
第三次(1949),第三次,notion,0,1,1,0,1,1,0.00616,4,0.261277,0.271716,0
第二(1949),第二,notion,0,1,1,0,1,1,0.00616,4,0.261277,0.271716,0
第二年(1949),第二年,notion,0,1,1,0,1,1,0.001647,6,0.238292,0.245422,0
第四篇(1949),第四篇,notion,0,1,1,0,1,1,0.00616,4,0.261277,0.271716,0
等于(1949),等于,notion,0,1,1,0,1,1,0.01351,6,0.270803,0.290662,0
答覆(1949),答覆,notion,0,1,1,0,1,1,0.012962,4,0.272566,0.291531,0
算作(1949),算作,notion,0,1,1,0,1,1,0.01351,6,0.270803,0.290662,0
算命(1949),算命,notion,0,1,1,0,1,1,0.022462,4,0.286114,0.313246,0
管宁(1949),管宁,notion,0,1,1,0,1,1,0.00616,4,0.261277,0.271716,0
粗描近(1949),粗描近,notion,0,1,1,0,1,1,0.003163,4,0.255337,0.260586,0
精神(1949),精神,notion,0,2,2,0,3,3,0.05961,4,0.35193,0.395404,1365.756329
精通业务(1949),精通业务,notion,0,1,1,0,1,1,0.022462,4,0.286114,0.313246,0
繁兴(1949),繁兴,notion,0,1,1,0,1,1,0.022462,4,0.286114,0.313246,0
纠缠(1949),纠缠,notion,0,1,1,0,1,1,0.046099,4,0.322366,0.362378,0
纪念(1949),纪念,notion,0,1,1,0,2,2,0.022462,4,0.286114,0.313246,0
纪行(1949),纪行,notion,0,1,1,0,1,1,0.046099,4,0.322366,0.362378,0
纽约(1949),纽约,notion,0,1,1,0,1,1,0.022462,4,0.286114,0.313246,0
组织(1949),组织,notion,0,1,1,0,2,2,0.012962,4,0.272566,0.291531,0
组阁(1949),组阁,notion,0,1,1,0,1,1,0.046099,4,0.322366,0.362378,0
细波(1949),细波,notion,0,1,1,0,1,1,0.003163,4,0.255337,0.260586,0
经济危机(1949),经济危机,notion,0,1,1,0,1,1,0.022462,4,0.286114,0.313246,0
结合(1949),结合,notion,0,1,1,0,1,1,0.022462,4,0.286114,0.313246,0
结成(1949),结成,notion,0,1,1,0,1,1,0.012962,4,0.272566,0.291531,0
统一(1949),统一,notion,0,1,1,0,1,1,0.022462,4,0.286114,0.313246,0
统一战线(1949),统一战线,notion,0,2,2,0,3,3,0.059062,4,0.354095,0.397575,2009.864835
统帅(1949),统帅,notion,0,1,1,0,1,1,0.046099,4,0.322366,0.362378,0
续上(1949),续上,notion,0,1,1,0,1,1,0.00616,4,0.261277,0.271716,0
综谈(1949),综谈,notion,0,1,1,0,1,1,0.01351,6,0.270803,0.290662,0
编者(1949),编者,notion,0,2,2,0,2,2,0.026473,4,0.297385,0.330257,1486.546512
罗素(1949),罗素,notion,0,1,1,0,1,1,0.003163,4,0.255337,0.260586,0
罗马尼亚(1949),罗马尼亚,notion,0,1,1,0,2,2,0.022462,4,0.286114,0.313246,0
罪行(1949),罪行,notion,0,1,1,0,1,1,0.022462,4,0.286114,0.313246,0
美学(1949),美学,notion,0,1,1,0,1,1,0.046099,4,0.322366,0.362378,0
美帝(1949),美帝,notion,0,1,1,0,2,2,0.022462,4,0.286114,0.313246,0
美援(1949),美援,notion,0,2,2,0,2,2,0.059062,4,0.354095,0.397575,2009.864835
美日(1949),美日,notion,0,1,1,0,1,1,0.022462,4,0.286114,0.313246,0
美棉(1949),美棉,notion,0,1,1,0,1,1,0.001647,6,0.238292,0.245422,0
美苏(1949),美苏,notion,0,2,2,0,2,2,0.052259,4,0.337982,0.380746,2005.708087
老调(1949),老调,notion,0,1,1,0,1,1,0.046099,4,0.322366,0.362378,0
老调重弹(1949),老调重弹,notion,0,1,1,0,1,1,0.046099,4,0.322366,0.362378,0
老闆(1949),老闆,notion,0,1,1,0,1,1,0.012962,4,0.272566,0.291531,0
考验(1949),考验,notion,0,1,1,0,1,1,0.022462,4,0.286114,0.313246,0
而来(1949),而来,notion,0,1,1,0,1,1,0.046099,4,0.322366,0.362378,0
耶诞(1949),耶诞,notion,0,1,1,0,1,1,0.046099,4,0.322366,0.362378,0
职权(1949),职权,notion,0,1,1,0,1,1,0.012962,4,0.272566,0.291531,0
联合国(1949),联合国,notion,0,1,1,0,1,1,0.046099,4,0.322366,0.362378,0
联防(1949),联防,notion,0,1,1,0,2,2,0.046099,4,0.322366,0.362378,0
肃清(1949),肃清,notion,0,1,1,0,1,1,0.022462,4,0.286114,0.313246,0
胡宗南(1949),胡宗南,notion,0,1,1,0,1,1,0.022462,4,0.286114,0.313246,0
脱逃(1949),脱逃,notion,0,1,1,0,1,1,0.046099,4,0.322366,0.362378,0
自发(1949),自发,notion,0,1,1,0,1,1,0.012962,4,0.272566,0.291531,0
自救(1949),自救,notion,0,1,1,0,1,1,0.046099,4,0.322366,0.362378,0
自由(1949),自由,notion,0,2,2,0,2,2,0.049262,4,0.329281,0.370974,1656.604424
自由主义(1949),自由主义,notion,0,1,1,0,1,1,0.00616,4,0.261277,0.271716,0
自觉性(1949),自觉性,notion,0,1,1,0,1,1,0.046099,4,0.322366,0.362378,0
致书(1949),致书,notion,0,1,1,0,1,1,0.046099,4,0.322366,0.362378,0
般的(1949),般的,notion,0,1,1,0,1,1,0.012962,4,0.272566,0.291531,0
舰是(1949),舰是,notion,0,1,1,0,1,1,0.046099,4,0.322366,0.362378,0
艰难(1949),艰难,notion,0,1,1,0,12,12,0.01351,6,0.270803,0.290662,0
苏联(1949),苏联,notion,0,1,1,0,2,2,0.012962,4,0.272566,0.291531,0
苟安(1949),苟安,notion,0,1,1,0,1,1,0.01351,6,0.270803,0.290662,0
苦乐(1949),苦乐,notion,0,1,1,0,1,1,0.01351,6,0.270803,0.290662,0
苦闷(1949),苦闷,notion,0,1,1,0,12,12,0.01351,6,0.270803,0.290662,0
荡漾(1949),荡漾,notion,0,1,1,0,1,1,0.046099,4,0.322366,0.362378,0
莫斯科(1949),莫斯科,notion,0,1,1,0,1,1,0.012962,4,0.272566,0.291531,0
获得(1949),获得,notion,0,1,1,0,1,1,0.046099,4,0.322366,0.362378,0
菲尔德(1949),菲尔德,notion,0,1,1,0,1,1,0.022462,4,0.286114,0.313246,0
蒋介石(1949),蒋介石,notion,0,1,1,0,1,1,0.022462,4,0.286114,0.313246,0
蒋总统(1949),蒋总统,notion,0,1,1,0,1,1,0.046099,4,0.322366,0.362378,0
蓉城(1949),蓉城,notion,0,1,1,0,1,1,0.046099,4,0.322366,0.362378,0
蔡邕(1949),蔡邕,notion,0,1,1,0,1,1,0.00616,4,0.261277,0.271716,0
薛岳(1949),薛岳,notion,0,1,1,0,1,1,0.046099,4,0.322366,0.362378,0
行动(1949),行动,notion,0,1,1,0,1,1,0.01351,6,0.270803,0.290662,0
表现(1949),表现,notion,0,1,1,0,1,1,0.012962,4,0.272566,0.291531,0
裁军(1949),裁军,notion,0,1,1,0,1,1,0.046099,4,0.322366,0.362378,0
裕芳(1949),裕芳,notion,0,1,1,0,1,1,0.022462,4,0.286114,0.313246,0
褒乎(1949),褒乎,notion,0,1,1,0,1,1,0.046099,4,0.322366,0.362378,0
褪色(1949),褪色,notion,0,1,1,0,1,1,0.046099,4,0.322366,0.362378,0
西南(1949),西南,notion,0,1,1,0,1,1,0.046099,4,0.322366,0.362378,0
要求(1949),要求,notion,0,1,1,0,1,1,0.046099,4,0.322366,0.362378,0
见闻(1949),见闻,notion,0,1,1,0,1,1,0.046099,4,0.322366,0.362378,0
见闻录(1949),见闻录,notion,0,1,1,0,1,1,0.01351,6,0.270803,0.290662,0
观点(1949),观点,notion,0,1,1,0,1,1,0.022462,4,0.286114,0.313246,0
角逐(1949),角逐,notion,0,1,1,0,1,1,0.046099,4,0.322366,0.362378,0
解决(1949),解决,notion,0,1,1,0,1,1,0.00616,4,0.261277,0.271716,0
解放事业(1949),解放事业,notion,0,1,1,0,1,1,0.046099,4,0.322366,0.362378,0
解放军(1949),解放军,notion,0,1,1,0,1,1,0.022462,4,0.286114,0.313246,0
解放区(1949),解放区,notion,0,1,1,0,2,2,0.022462,4,0.286114,0.313246,0
解放后(1949),解放后,notion,0,1,1,0,1,1,0.012962,4,0.272566,0.291531,0
解理(1949),解理,notion,0,1,1,0,1,1,0.012962,4,0.272566,0.291531,0
誓师(1949),誓师,notion,0,1,1,0,1,1,0.022462,4,0.286114,0.313246,0
警惕(1949),警惕,notion,0,1,1,0,1,1,0.022462,4,0.286114,0.313246,0
计划(1949),计划,notion,0,1,1,0,2,2,0.022462,4,0.286114,0.313246,0
认清(1949),认清,notion,0,1,1,0,1,1,0.01351,6,0.270803,0.290662,0
认识(1949),认识,notion,0,2,2,0,5,5,0.035424,4,0.311254,0.348987,1146.378704
讨论(1949),讨论,notion,0,1,1,0,1,1,0.01351,6,0.270803,0.290662,0
议员(1949),议员,notion,0,1,1,0,1,1,0.046099,4,0.322366,0.362378,0
访问记(1949),访问记,notion,0,1,1,0,1,1,0.012962,4,0.272566,0.291531,0
评张子(1949),评张子,notion,0,1,1,0,1,1,0.046099,4,0.322366,0.362378,0
诗人(1949),诗人,notion,0,1,1,0,1,1,0.046099,4,0.322366,0.362378,0
诚意(1949),诚意,notion,0,2,2,0,2,2,0.05961,4,0.35193,0.395404,1365.756329
说明(1949),说明,notion,0,1,1,0,1,1,0.012962,4,0.272566,0.291531,0
读者(1949),读者,notion,0,1,1,0,9,9,0.012962,4,0.272566,0.291531,0
谈起(1949),谈起,notion,0,1,1,0,1,1,0.046099,4,0.322366,0.362378,0
谋战(1949),谋战,notion,0,1,1,0,1,1,0.046099,4,0.322366,0.362378,0
谎言(1949),谎言,notion,0,2,2,0,2,2,0.068561,4,0.368843,0.41169,1235.781665
财金(1949),财金,notion,0,1,1,0,1,1,0.01351,6,0.270803,0.290662,0
贬乎(1949),贬乎,notion,0,1,1,0,1,1,0.046099,4,0.322366,0.362378,0
贸易(1949),贸易,notion,0,1,1,0,1,1,0.022462,4,0.286114,0.313246,0
贺新(1949),贺新,notion,0,1,1,0,1,1,0.022462,4,0.286114,0.313246,0
资望(1949),资望,notion,0,1,1,0,1,1,0.022462,4,0.286114,0.313246,0
资本主义(1949),资本主义,notion,0,1,1,0,1,1,0.022462,4,0.286114,0.313246,0
赖债(1949),赖债,notion,0,1,1,0,1,1,0.046099,4,0.322366,0.362378,0
走到(1949),走到,notion,0,1,1,0,1,1,0.012962,4,0.272566,0.291531,0
走向(1949),走向,notion,0,1,1,0,1,1,0.01351,6,0.270803,0.290662,0
起源(1949),起源,notion,0,2,2,0,2,2,0.028622,4,0.298929,0.332429,1412.40337
距离(1949),距离,notion,0,1,1,0,1,1,0.046099,4,0.322366,0.362378,0
转形期(1949),转形期,notion,0,1,1,0,1,1,0.01351,6,0.270803,0.290662,0
轮船(1949),轮船,notion,0,1,1,0,1,1,0.00616,4,0.261277,0.271716,0
边缘(1949),边缘,notion,0,1,1,0,1,1,0.046099,4,0.322366,0.362378,0
迅速(1949),迅速,notion,0,1,1,0,1,1,0.022462,4,0.286114,0.313246,0
过程(1949),过程,notion,0,1,1,0,1,1,0.012962,4,0.272566,0.291531,0
迎着(1949),迎着,notion,0,1,1,0,1,1,0.001647,6,0.238292,0.245422,0
运动(1949),运动,notion,0,1,1,0,1,1,0.046099,4,0.322366,0.362378,0
运用(1949),运用,notion,0,1,1,0,1,1,0.022462,4,0.286114,0.313246,0
近视(1949),近视,notion,0,1,1,0,1,1,0.046099,4,0.322366,0.362378,0
近貌(1949),近貌,notion,0,1,1,0,1,1,0.046099,4,0.322366,0.362378,0
还好(1949),还好,notion,0,1,1,0,1,1,0.046099,4,0.322366,0.362378,0
还是(1949),还是,notion,0,1,1,0,1,1,0.01351,6,0.270803,0.290662,0
还给(1949),还给,notion,0,1,1,0,1,1,0.012962,4,0.272566,0.291531,0
这是(1949),这是,notion,0,1,1,0,1,1,0.046099,4,0.322366,0.362378,0
进一言(1949),进一言,notion,0,1,1,0,1,1,0.046099,4,0.322366,0.362378,0
进行(1949),进行,notion,0,1,1,0,1,1,0.022462,4,0.286114,0.313246,0
送死(1949),送死,notion,0,1,1,0,1,1,0.01351,6,0.270803,0.290662,0
逮捕(1949),逮捕,notion,0,1,1,0,1,1,0.046099,4,0.322366,0.362378,0
逻辑(1949),逻辑,notion,0,1,1,0,1,1,0.046099,4,0.322366,0.362378,0
道德(1949),道德,notion,0,1,1,0,1,1,0.046099,4,0.322366,0.362378,0
道路(1949),道路,notion,0,1,1,0,1,1,0.022462,4,0.286114,0.313246,0
遗言(1949),遗言,notion,0,1,1,0,1,1,0.022462,4,0.286114,0.313246,0
遭劫(1949),遭劫,notion,0,1,1,0,1,1,0.046099,4,0.322366,0.362378,0
鄞奉(1949),鄞奉,notion,0,1,1,0,2,2,0.046099,4,0.322366,0.362378,0
酝酿(1949),酝酿,notion,0,2,2,0,2,2,0.052259,4,0.337982,0.380746,2005.708087
释放(1949),释放,notion,0,1,1,0,1,1,0.046099,4,0.322366,0.362378,0
释而(1949),释而,notion,0,1,1,0,1,1,0.046099,4,0.322366,0.362378,0
重庆(1949),重庆,notion,0,1,1,0,1,1,0.046099,4,0.322366,0.362378,0
重弹(1949),重弹,notion,0,1,1,0,1,1,0.046099,4,0.322366,0.362378,0
重新认识(1949),重新认识,notion,0,1,1,0,1,1,0.003163,4,0.255337,0.260586,0
金圆券(1949),金圆券,notion,0,1,1,0,1,1,0.046099,4,0.322366,0.362378,0
钢铁(1949),钢铁,notion,0,2,2,0,2,2,0.035424,4,0.311254,0.348987,1146.378704
钱端升(1949),钱端升,notion,0,1,1,0,1,1,0.012962,4,0.272566,0.291531,0
银圆(1949),银圆,notion,0,1,1,0,1,1,0.00616,4,0.261277,0.271716,0
错觉(1949),错觉,notion,0,1,1,0,1,1,0.01351,6,0.270803,0.290662,0
长安(1949),长安,notion,0,1,1,0,1,1,0.046099,4,0.322366,0.362378,0
长江(1949),长江,notion,0,1,1,0,1,1,0.046099,4,0.322366,0.362378,0
长沙(1949),长沙,notion,0,1,1,0,1,1,0.022462,4,0.286114,0.313246,0
阴谋(1949),阴谋,notion,0,2,2,0,3,3,0.035424,4,0.311254,0.348987,1146.378704
阴魂不散(1949),阴魂不散,notion,0,1,1,0,1,1,0.01351,6,0.270803,0.290662,0
阶段(1949),阶段,notion,0,2,2,0,3,3,0.059062,4,0.354095,0.397575,2009.864835
陈仪(1949),陈仪,notion,0,1,1,0,2,2,0.046099,4,0.322366,0.362378,0
陈嘉庚(1949),陈嘉庚,notion,0,1,1,0,1,1,0.022462,4,0.286114,0.313246,0
陈纳德(1949),陈纳德,notion,0,1,1,0,1,1,0.01351,6,0.270803,0.290662,0
陈诚(1949),陈诚,notion,0,1,1,0,1,1,0.046099,4,0.322366,0.362378,0
障碍(1949),障碍,notion,0,1,1,0,2,2,0.046099,4,0.322366,0.362378,0
难关(1949),难关,notion,0,1,1,0,1,1,0.046099,4,0.322366,0.362378,0
集体(1949),集体,notion,0,1,1,0,1,1,0.003163,4,0.255337,0.260586,0
集团(1949),集团,notion,0,1,1,0,1,1,0.046099,4,0.322366,0.362378,0
雷雨(1949),雷雨,notion,0,1,1,0,1,1,0.046099,4,0.322366,0.362378,0
需要(1949),需要,notion,0,1,1,0,1,1,0.046099,4,0.322366,0.362378,0
震撼(1949),震撼,notion,0,1,1,0,1,1,0.022462,4,0.286114,0.313246,0
青团(1949),青团,notion,0,1,1,0,1,1,0.022462,4,0.286114,0.313246,0
青岛(1949),青岛,notion,0,2,2,0,2,2,0.068561,4,0.368843,0.41169,1235.781665
青年(1949),青年,notion,0,1,1,0,1,1,0.001647,6,0.238292,0.245422,0
非可(1949),非可,notion,0,1,1,0,1,1,0.01351,6,0.270803,0.290662,0
面子(1949),面子,notion,0,1,1,0,1,1,0.01351,6,0.270803,0.290662,0
面面观(1949),面面观,notion,0,1,1,0,1,1,0.046099,4,0.322366,0.362378,0
革命(1949),革命,notion,0,3,3,0,4,4,0.082071,4,0.406264,0.443359,3824.945501
须知(1949),须知,notion,0,1,1,0,1,1,0.046099,4,0.322366,0.362378,0
预算案(1949),预算案,notion,0,1,1,0,1,1,0.046099,4,0.322366,0.362378,0
领导(1949),领导,notion,0,1,1,0,1,1,0.012962,4,0.272566,0.291531,0
题词(1949),题词,notion,0,1,1,0,1,1,0.022462,4,0.286114,0.313246,0
风光(1949),风光,notion,0,1,1,0,1,1,0.022462,4,0.286114,0.313246,0
风声(1949),风声,notion,0,1,1,0,1,1,0.046099,4,0.322366,0.362378,0
风暴(1949),风暴,notion,0,1,1,0,1,1,0.046099,4,0.322366,0.362378,0
风雨飘摇(1949),风雨飘摇,notion,0,1,1,0,1,1,0.046099,4,0.322366,0.362378,0
风雪(1949),风雪,notion,0,1,1,0,1,1,0.046099,4,0.322366,0.362378,0
首倡(1949),首倡,notion,0,1,1,0,1,1,0.046099,4,0.322366,0.362378,0
马尔萨斯(1949),马尔萨斯,notion,0,1,1,0,1,1,0.012962,4,0.272566,0.291531,0
马鸿逵(1949),马鸿逵,notion,0,1,1,0,1,1,0.046099,4,0.322366,0.362378,0
骄躁(1949),骄躁,notion,0,1,1,0,1,1,0.022462,4,0.286114,0.313246,0
骤然(1949),骤然,notion,0,1,1,0,1,1,0.046099,4,0.322366,0.362378,0
高呼(1949),高呼,notion,0,1,1,0,1,1,0.012962,4,0.272566,0.291531,0
鬼影(1949),鬼影,notion,0,1,1,0,1,1,0.022462,4,0.286114,0.313246,0
鬼火(1949),鬼火,notion,0,1,1,0,1,1,0.022462,4,0.286114,0.313246,0
魂兮归来(1949),魂兮归来,notion,0,1,1,0,1,1,0.022462,4,0.286114,0.313246,0
魔手(1949),魔手,notion,0,1,1,0,1,1,0.046099,4,0.322366,0.362378,0
魔掌(1949),魔掌,notion,0,1,1,0,1,1,0.022462,4,0.286114,0.313246,0
鲁斯周(1949),鲁斯周,notion,0,1,1,0,1,1,0.046099,4,0.322366,0.362378,0
鹤泪(1949),鹤泪,notion,0,1,1,0,1,1,0.046099,4,0.322366,0.362378,0
麦克阿瑟(1949),麦克阿瑟,notion,0,2,2,0,2,2,0.068561,4,0.368843,0.41169,1235.781665
麦帅(1949),麦帅,notion,0,1,1,0,1,1,0.046099,4,0.322366,0.362378,0
黾勉(1949),黾勉,notion,0,1,1,0,1,1,0.046099,4,0.322366,0.362378,0
鼓舞(1949),鼓舞,notion,0,1,1,0,1,1,0.022462,4,0.286114,0.313246,0
龙云(1949),龙云,notion,0,1,1,0,1,1,0.046099,4,0.322366,0.362378,0
