Id,Label,timeset,type,indegree,outdegree,Degree,Weighted Degree,eigencentrality,Eccentricity,closnesscentrality,harmonicclosnesscentrality,betweenesscentrality
杜衡(1948),杜衡,,author,0,17,109,3917,0.244859,4,0.48777,0.518744,690.225639
张肖梅(1948),张肖梅,,author,0,28,58,9444,0.101874,4,0.46201,0.487525,1054.000936
杨博如(1948),杨博如,,author,0,28,58,9444,0.101874,4,0.46201,0.487525,1054.000936
波光(1948),波光,,author,0,76,153,3664,0.197716,4,0.500369,0.538102,13813.436121
叶新华(1948),叶新华,,author,0,22,299,2613,0.669718,4,0.537882,0.597161,2883.232699
丁蕾(1948),丁蕾,,author,0,64,317,4972,0.582252,4,0.543269,0.604658,9613.440118
王亚南(1948),王亚南,,author,0,29,224,3388,0.508676,4,0.519739,0.567908,3046.351921
柏苍(1948),柏苍,,author,0,37,252,3978,0.439356,4,0.528037,0.579769,8762.316741
M.H.(1948),M.H.,,author,0,352,738,6100,1,4,0.672619,0.767085,118667.034296
曾昭抡(1948),曾昭抡,,author,0,48,196,4829,0.409735,4,0.512085,0.55617,5525.141006
潮声(1948),潮声,,author,0,37,99,729,0.137703,4,0.478307,0.509894,2610.139585
张绍贤(1948),张绍贤,,author,0,39,197,2559,0.364484,4,0.513053,0.557153,4397.485755
文青(1948),文青,,author,0,34,174,3168,0.344433,4,0.503154,0.545293,6265.193247
陈振汉(1948),陈振汉,,author,0,53,246,2174,0.429571,4,0.522543,0.575037,5642.404755
陈达(1948),陈达,,author,0,43,267,551,0.541274,4,0.531348,0.585546,6248.751248
蔡尚思(1948),蔡尚思,,author,0,42,320,1159,0.570744,4,0.542834,0.605027,9745.945746
赵志华(1948),赵志华,,author,0,13,181,2275,0.411252,4,0.502408,0.546337,1172.484314
章明(1948),章明,,author,0,21,162,2017,0.31054,4,0.503341,0.542281,2304.754926
蒋硕傑(1948),蒋硕傑,,author,0,32,155,1077,0.304344,4,0.49471,0.535091,2894.560041
微明(1948),微明,,author,0,1,0,0,0,0,0,0,0
程梯云(1948),程梯云,,author,0,12,61,84,0.087837,4,0.456258,0.484083,870.765652
余园(1948),余园,,author,0,16,146,614,0.350641,4,0.490061,0.529621,590.566643
周公南(1948),周公南,,author,0,13,58,168,0.06918,5,0.448709,0.477348,332.070554
费孝通(1948),费孝通,,author,0,80,433,2609,0.815372,4,0.577513,0.651303,21927.640537
郭泉(1948),郭泉,,author,0,45,207,516,0.341764,4,0.512665,0.559304,5231.157949
凯玲(1948),凯玲,,author,0,4,136,1285,0.30377,4,0.490061,0.526979,1822.483648
吴景超(1948),吴景超,,author,0,77,366,2380,0.695733,4,0.555738,0.623587,14838.514658
朱树锦(1948),朱树锦,,author,0,35,220,597,0.433028,4,0.517755,0.56588,7902.174315
林海(1948),林海,,author,0,16,67,108,0.124629,4,0.47067,0.49619,712.864934
欧阳春(1948),欧阳春,,author,0,29,384,1345,0.796102,4,0.562656,0.631637,9696.045658
段连城(1948),段连城,,author,0,9,113,1246,0.289397,4,0.479491,0.514012,201.349422
甄斯(1948),甄斯,,author,0,21,114,1232,0.28724,4,0.481705,0.515855,417.340556
陆志韦(1948),陆志韦,,author,0,26,115,1100,0.183807,4,0.476961,0.51266,2735.466009
黄撼石(1948),黄撼石,,author,0,9,158,996,0.389842,4,0.500739,0.539639,972.333163
仲亨(1948),仲亨,,author,0,99,335,696,0.589872,4,0.547215,0.611234,25914.166083
牛纵(1948),牛纵,,author,0,20,47,101,0.054262,4,0.450798,0.476094,1136.352918
王一冰(1948),王一冰,,author,0,8,14,43,0.031334,5,0.400709,0.42339,115.522347
负生(1948),负生,,author,0,14,208,818,0.376467,4,0.512472,0.559427,3942.501362
金志文(1948),金志文,,author,0,22,75,316,0.093626,4,0.460598,0.49072,752.730332
伟夫(1948),伟夫,,author,0,5,36,77,0.049371,4,0.445466,0.469088,1063.247944
何永佶(1948),何永佶,,author,0,21,176,299,0.432471,4,0.504089,0.546276,3748.275845
刘大中(1948),刘大中,,author,0,68,361,1918,0.691326,4,0.557795,0.623402,9974.384001
刘子健(1948),刘子健,,author,0,21,312,1142,0.72233,4,0.543052,0.603368,5572.635183
卓仁(1948),卓仁,,author,0,15,249,1624,0.529932,4,0.519341,0.573931,4519.602291
喻凎邨(1948),喻凎邨,,author,0,3,12,17,0.021413,5,0.400946,0.422652,6.519854
张君劢(1948),张君劢,,author,0,116,503,2637,0.854749,4,0.597357,0.678097,43019.013262
慕真(1948),慕真,,author,0,8,249,1742,0.539195,4,0.521739,0.575221,2794.895508
施复亮(1948),施复亮,,author,0,32,346,1064,0.667985,4,0.553018,0.617134,9609.152916
李广田(1948),李广田,,author,0,32,163,890,0.27091,4,0.50185,0.541482,4754.902996
杨人楩(1948),杨人楩,,author,0,13,144,291,0.294107,4,0.490949,0.529683,1353.44384
杨卫玉(1948),杨卫玉,,author,0,45,233,522,0.430361,4,0.520737,0.570796,10739.981318
林一荣(1948),林一荣,,author,0,27,180,558,0.287502,4,0.502967,0.54646,3777.931126
林焕平(1948),林焕平,,author,0,62,404,1935,0.786887,4,0.565943,0.638397,14118.852165
梅朶(1948),梅朶,,author,0,31,112,158,0.177352,4,0.477801,0.51266,2994.293206
炳章(1948),炳章,,author,0,11,92,447,0.168097,5,0.472639,0.504019,1128.947066
燕然(1948),燕然,,author,0,6,39,141,0.05667,4,0.449602,0.473206,135.792605
王道乾(1948),王道乾,,author,0,7,0,0,0,0,0,0,0
胡光(1948),胡光,,author,0,46,296,901,0.541849,4,0.539165,0.597161,9142.445014
蒙若(1948),蒙若,,author,0,9,26,49,0.035011,4,0.398472,0.424041,2524.540886
袁翰青(1948),袁翰青,,author,0,28,299,879,0.585708,4,0.538523,0.597529,7726.300275
费雯(1948),费雯,,author,0,49,294,1183,0.637324,4,0.539165,0.596669,7858.32669
严绍端(1948),严绍端,,author,0,9,116,168,0.303314,4,0.482906,0.517146,374.366716
储安平(1948),储安平,,author,0,40,170,457,0.301429,4,0.50185,0.543449,6362.559793
冠__(1948),冠__,,author,0,38,67,203,0.08808,4,0.464861,0.492011,3523.093796
凌华(1948),凌华,,author,0,28,92,247,0.125887,4,0.472474,0.50381,1484.136606
刘毅(1948),刘毅,,author,0,8,42,61,0.078516,5,0.449751,0.474398,286.086331
刘绪贻(1948),刘绪贻,,author,0,51,279,602,0.573566,4,0.535122,0.590585,6530.051867
吴仲持(1948),吴仲持,,author,0,8,34,44,0.068158,4,0.431435,0.456981,165.237608
吴允曾(1948),吴允曾,,author,0,11,228,883,0.54075,4,0.517755,0.567662,2089.064875
吴思毅(1948),吴思毅,,author,0,4,127,795,0.323251,4,0.483595,0.520526,237.741588
吴恩裕(1948),吴恩裕,,author,0,28,190,402,0.357355,4,0.506916,0.551438,3617.527291
吴泽(1948),吴泽,,author,0,3,45,184,0.053763,5,0.421249,0.450369,1627.026567
夔公(1948),夔公,,author,0,8,160,470,0.358528,4,0.492912,0.534968,1229.627546
孙起孟(1948),孙起孟,,author,0,3,38,179,0.048666,5,0.412911,0.44115,0
孟宪章(1948),孟宪章,,author,0,34,301,1688,0.62585,4,0.538951,0.598144,5433.645804
宋宝山(1948),宋宝山,,author,0,15,64,106,0.057712,5,0.443572,0.474766,3599.838857
岳铎(1948),岳铎,,author,0,43,310,1490,0.659382,4,0.542183,0.602323,6105.035558
张东荪(1948),张东荪,,author,0,46,388,1697,0.750532,4,0.565,0.633788,9734.522934
张仁光(1948),张仁光,,author,0,126,354,1037,0.500403,4,0.557337,0.621497,27239.621117
彭定颐(1948),彭定颐,,author,0,4,31,166,0.062296,5,0.41066,0.437463,18.027166
徐毓枬(1948),徐毓枬,,author,0,45,206,1074,0.371712,4,0.506159,0.555064,4674.154642
徐铸成(1948),徐铸成,,author,0,5,38,179,0.048666,5,0.412911,0.44115,0
微生(1948),微生,,author,0,19,89,157,0.178555,5,0.476458,0.506232,1646.383961
方建民(1948),方建民,,author,0,24,288,1105,0.644266,4,0.535757,0.593228,5651.740267
景明(1948),景明,,author,0,8,89,293,0.162865,5,0.469854,0.501561,702.950175
杨庆堃(1948),杨庆堃,,author,0,13,216,817,0.517129,4,0.513248,0.561947,2269.857436
杨微(1948),杨微,,author,0,116,456,1604,0.690376,4,0.582224,0.659292,29016.455499
林莽(1948),林莽,,author,0,10,29,136,0.052005,4,0.438551,0.461406,153.872322
梦觉(1948),梦觉,,author,0,12,87,230,0.178587,4,0.476291,0.505101,355.352671
沈志远(1948),沈志远,,author,0,11,196,362,0.431893,4,0.508627,0.554019,1835.810238
焦尾琴(1948),焦尾琴,,author,0,17,149,395,0.317499,4,0.490416,0.53042,1533.149002
王厚生(1948),王厚生,,author,0,46,332,1322,0.608107,4,0.545674,0.609698,12329.732601
田汝康(1948),田汝康,,author,0,11,148,241,0.374822,4,0.49471,0.53337,1340.201353
石华(1948),石华,,author,0,7,1,6,0.000086,6,0.254361,0.259661,0
石闻(1948),石闻,,author,0,22,263,481,0.566088,4,0.525378,0.581059,6710.912049
秦越(1948),秦越,,author,0,17,21,56,0.025185,4,0.406475,0.430433,51.074591
红柳(1948),红柳,,author,0,21,77,286,0.134202,4,0.469204,0.497603,715.252793
罗梦册(1948),罗梦册,,author,0,44,235,560,0.477212,4,0.51954,0.570674,12224.112463
艾扬(1948),艾扬,,author,0,13,13,53,0.013465,5,0.415823,0.437586,2728.265789
莫邪(1948),莫邪,,author,0,14,28,98,0.03013,4,0.427087,0.451143,1223.174822
萧客(1948),萧客,,author,0,14,44,66,0.058114,4,0.44227,0.468412,1849.026283
蒋匀田(1948),蒋匀田,,author,0,10,231,836,0.567277,4,0.515393,0.567171,1097.456627
补斋(1948),补斋,,author,0,19,45,63,0.060334,4,0.453057,0.477446,2690.569729
郑昕(1948),郑昕,,author,0,13,192,630,0.445019,4,0.509583,0.553712,1379.658296
郑铁邨(1948),郑铁邨,,author,0,17,80,225,0.126609,4,0.472803,0.501106,1000.588462
陆养浩(1948),陆养浩,,author,0,23,77,203,0.120888,4,0.462325,0.49238,3334.31699
陈涛(1948),陈涛,,author,0,22,97,170,0.140078,5,0.481363,0.511578,3000.25683
黄炎培(1948),黄炎培,,author,0,74,281,951,0.511312,4,0.536817,0.591999,7757.869748
黄非(1948),黄非,,author,0,9,25,50,0.036916,5,0.427356,0.451069,936.762257
Cole，G.D.H.(1948),Cole，G.D.H.,,author,0,1,30,112,0.0621,5,0.410536,0.437094,0
Lanne，D.Y.(1948),Lanne，D.Y.,,author,0,5,54,137,0.076177,4,0.453512,0.479966,447.857625
丁汀(1948),丁汀,,author,0,6,10,18,0.024472,4,0.411908,0.433382,33.208374
丁洪範(1948),丁洪範,,author,0,8,155,400,0.381979,4,0.49725,0.536627,1812.367655
不已(1948),不已,,author,0,12,68,152,0.088913,4,0.456412,0.485558,473.578753
丘山(1948),丘山,,author,0,12,175,417,0.371314,4,0.501109,0.544063,1597.079039
业同(1948),业同,,author,0,4,27,40,0.029497,5,0.43034,0.454179,1108.018117
严仁赓(1948),严仁赓,,author,0,18,209,490,0.420178,4,0.513442,0.560288,3268.74447
严信民(1948),严信民,,author,0,3,20,58,0.027621,4,0.389767,0.413471,0
严冬(1948),严冬,,author,0,19,69,156,0.107258,4,0.47018,0.49662,2458.590323
严庄(1948),严庄,,author,0,7,48,159,0.069475,4,0.432398,0.461099,591.121295
严涵温(1948),严涵温,,author,0,6,24,29,0.01888,5,0.387983,0.412389,66.970651
乃德(1948),乃德,,author,0,5,125,456,0.308766,4,0.485326,0.520956,276.580029
仲子(1948),仲子,,author,0,20,272,791,0.599971,4,0.531348,0.586713,3191.619412
何慢(1948),何慢,,author,0,20,275,573,0.552964,4,0.5326,0.588127,7181.405945
何敏(1948),何敏,,author,0,5,125,456,0.308766,4,0.485326,0.520956,276.580029
何肫林(1948),何肫林,,author,0,12,69,120,0.138195,4,0.469367,0.495514,868.622298
俞寰澄(1948),俞寰澄,,author,0,18,142,329,0.260567,4,0.487419,0.526856,1150.416874
俞铭传(1948),俞铭传,,author,0,4,91,197,0.191351,4,0.475623,0.505838,99.126673
全慰天(1948),全慰天,,author,0,19,226,463,0.479059,4,0.514806,0.565573,4304.473519
冀民(1948),冀民,,author,0,17,102,417,0.162258,4,0.48034,0.511738,1985.29444
凌卓(1948),凌卓,,author,0,16,32,69,0.055967,5,0.449007,0.470833,604.803816
划大中(1948),划大中,,author,0,11,102,376,0.205348,4,0.475456,0.508542,719.859376
刘尊棋(1948),刘尊棋,,author,0,12,207,987,0.511516,4,0.510734,0.558137,1345.363758
刘涤源(1948),刘涤源,,author,0,7,19,40,0.030545,5,0.424015,0.446743,64.156405
励刚(1948),励刚,,author,0,1,30,112,0.0621,5,0.410536,0.437094,0
华农(1948),华农,,author,0,13,227,974,0.551906,4,0.51954,0.568584,1087.915603
华莱士(1948),华莱士,,author,0,17,166,943,0.389162,4,0.498713,0.540376,1275.341992
南星(1948),南星,,author,0,5,7,15,0.016023,5,0.411283,0.432117,0.844965
却斯探·鲍尔斯(1948),却斯探·鲍尔斯,,author,0,2,42,128,0.090507,4,0.449007,0.473328,93.351032
史明(1948),史明,,author,0,3,1,2,0.000096,6,0.256721,0.262328,0
史特朗(1948),史特朗,,author,0,3,86,195,0.18751,5,0.46646,0.498181,259.036553
史班(1948),史班,,author,0,5,14,37,0.014205,5,0.382187,0.403786,24.527013
叶君健(1948),叶君健,,author,0,12,41,59,0.061776,4,0.434476,0.460792,970.819857
司马天籁(1948),司马天籁,,author,0,28,193,459,0.419725,4,0.506726,0.552114,2704.193109
同父(1948),同父,,author,0,19,227,427,0.557437,4,0.518349,0.567847,1387.706095
吕拙文(1948),吕拙文,,author,0,14,172,303,0.418634,4,0.501479,0.543572,1251.805566
吕漠(1948),吕漠,,author,0,18,71,110,0.074935,4,0.456105,0.486295,3095.423284
吕煊(1948),吕煊,,author,0,7,64,218,0.157712,5,0.463748,0.490499,99.916367
吴晗(1948),吴晗,,author,0,14,167,541,0.338642,4,0.500924,0.541912,2774.079553
吴荷景(1948),吴荷景,,author,0,6,40,110,0.050082,5,0.441838,0.467392,54.556383
吴诚夫(1948),吴诚夫,,author,0,9,124,350,0.272489,5,0.478138,0.516126,422.951083
呆夫(1948),呆夫,,author,0,17,33,54,0.032086,5,0.407697,0.434882,189.506651
周叔厚(1948),周叔厚,,author,0,5,11,20,0.03028,5,0.429794,0.45,1.082788
周新民(1948),周新民,,author,0,20,158,241,0.284863,4,0.501109,0.539823,2641.56611
周纳(1948),周纳,,author,0,5,17,44,0.022591,5,0.4,0.423537,172.472411
周良彦(1948),周良彦,,author,0,2,102,412,0.276395,4,0.47479,0.507866,0
周行健(1948),周行健,,author,0,7,44,53,0.089506,5,0.44227,0.468621,239.58265
周锡卿(1948),周锡卿,,author,0,7,118,235,0.296609,4,0.482048,0.517023,252.706455
唐行南(1948),唐行南,,author,0,1,3,6,0.009955,5,0.368578,0.38632,0
唐龙(1948),唐龙,,author,0,10,133,383,0.319081,4,0.489177,0.525627,930.66729
喀尘(1948),喀尘,,author,0,2,5,14,0.001237,5,0.321479,0.331268,0
夏康农(1948),夏康农,,author,0,12,203,638,0.404038,4,0.509966,0.5566,2146.096764
夏永忠(1948),夏永忠,,author,0,10,49,95,0.095979,4,0.460285,0.484145,195.154321
夏炎德(1948),夏炎德,,author,0,15,112,297,0.203873,4,0.482391,0.515733,1373.007586
夏骏骑(1948),夏骏骑,,author,0,9,21,41,0.02565,5,0.400946,0.425172,78.573401
大木(1948),大木,,author,0,12,5,7,0.006034,5,0.3593,0.375356,2.052836
孙克宽(1948),孙克宽,,author,0,6,29,107,0.067051,5,0.427625,0.452827,1413.228125
孙孺(1948),孙孺,,author,0,5,41,107,0.091603,4,0.454728,0.477753,89.169822
孙敏(1948),孙敏,,author,0,13,227,974,0.551906,4,0.51954,0.568584,1087.915603
孙晓村(1948),孙晓村,,author,0,6,215,407,0.554843,4,0.511505,0.560779,538.381985
宋宝尊(1948),宋宝尊,,author,0,1,0,0,0,0,0,0,0
宋远(1948),宋远,,author,0,12,55,228,0.094062,4,0.451098,0.478306,0
定一(1948),定一,,author,0,3,14,27,0.0233,5,0.414933,0.437365,18.598416
宜闲(1948),宜闲,,author,0,5,113,226,0.254775,4,0.484979,0.517699,463.008269
小草(1948),小草,,author,0,4,10,26,0.003863,5,0.349125,0.364319,0
小詹(1948),小詹,,author,0,7,29,36,0.065095,4,0.429114,0.453724,45.707304
尤思纯(1948),尤思纯,,author,0,12,148,260,0.371774,4,0.50185,0.537918,917.034171
巴客(1948),巴客,,author,0,10,38,82,0.036868,4,0.426281,0.452987,508.339615
常能明(1948),常能明,,author,0,5,89,334,0.200909,4,0.473795,0.503872,168.500073
康瑞丰(1948),康瑞丰,,author,0,3,48,146,0.122308,5,0.455034,0.479744,46.828592
张志让(1948),张志让,,author,0,19,273,959,0.50796,4,0.529894,0.586222,6287.066101
张成(1948),张成,,author,0,9,71,214,0.117662,4,0.464543,0.492502,111.454151
张明养(1948),张明养,,author,0,2,44,126,0.057598,5,0.420596,0.449693,163.036837
张正邦(1948),张正邦,,author,0,11,30,34,0.049603,5,0.440403,0.463643,219.534584
张絅伯(1948),张絅伯,,author,0,8,93,281,0.153715,4,0.459817,0.494715,1194.464297
张西曼(1948),张西曼,,author,0,55,159,252,0.289583,4,0.501479,0.540376,6223.847602
张述祖(1948),张述祖,,author,0,5,8,21,0.017313,5,0.382943,0.403786,0
彭德汉(1948),彭德汉,,author,0,4,23,39,0.01942,5,0.406719,0.431502,223.586501
彭慧(1948),彭慧,,author,0,6,64,160,0.103492,5,0.453663,0.48294,245.421708
徐中玉(1948),徐中玉,,author,0,22,146,222,0.244715,4,0.497067,0.534108,3500.391596
德明(1948),德明,,author,0,5,14,22,0.018977,5,0.387097,0.408727,22.793886
念慈(1948),念慈,,author,0,4,135,280,0.363171,4,0.488473,0.525873,337.037194
怡波(1948),怡波,,author,0,3,9,14,0.021737,4,0.427356,0.44678,77.356847
戈歌(1948),戈歌,,author,0,2,4,8,0.000456,6,0.288143,0.297345,0
戴世光(1948),戴世光,,author,0,42,245,642,0.533496,4,0.526398,0.577249,3623.663434
戴文赛(1948),戴文赛,,author,0,9,23,44,0.050326,4,0.427625,0.45059,27.234304
文琪(1948),文琪,,author,0,27,132,369,0.189492,4,0.48637,0.523845,4918.589091
新黎(1948),新黎,,author,0,3,43,105,0.066428,5,0.442703,0.468744,418.375193
方与严(1948),方与严,,author,0,6,101,251,0.206204,4,0.47983,0.511185,332.000364
方显廷(1948),方显廷,,author,0,5,152,280,0.377975,4,0.494169,0.533985,882.602329
方锦(1948),方锦,,author,0,14,243,510,0.531236,4,0.519739,0.57264,3473.952917
方静(1948),方静,,author,0,6,91,180,0.217619,4,0.478645,0.507743,256.982952
景宋(1948),景宋,,author,0,13,101,324,0.200786,4,0.478645,0.510509,824.611443
更生(1948),更生,,author,0,9,79,225,0.165209,4,0.465021,0.495145,132.90784
木尊(1948),木尊,,author,0,10,133,383,0.319081,4,0.489177,0.525627,930.66729
朱方(1948),朱方,,author,0,23,21,32,0.037923,4,0.404293,0.428528,7.029978
朱绍文(1948),朱绍文,,author,0,6,171,507,0.374416,4,0.498346,0.541359,3791.563564
朱自清(1948),朱自清,,author,0,3,74,116,0.15393,4,0.457953,0.488385,0
朱若华(1948),朱若华,,author,0,8,114,151,0.305186,4,0.481534,0.515671,209.217821
李丹(1948),李丹,,author,0,9,118,162,0.29943,4,0.482906,0.517761,1024.329259
李乡朴(1948),李乡朴,,author,0,18,88,168,0.12337,5,0.473464,0.504019,2111.424847
李伯球(1948),李伯球,,author,0,9,198,349,0.513005,4,0.508246,0.554449,584.582956
李兆琏(1948),李兆琏,,author,0,8,165,480,0.388269,4,0.497615,0.539393,1412.734805
李桦(1948),李桦,,author,0,11,140,227,0.357792,4,0.493091,0.530236,1738.527108
李浩培(1948),李浩培,,author,0,29,78,256,0.157627,4,0.469529,0.497972,847.29057
李相符(1948),李相符,,author,0,22,137,367,0.231842,4,0.488825,0.526487,5850.874981
李维林(1948),李维林,,author,0,15,52,73,0.109728,4,0.457953,0.4831,970.291303
李超(1948),李超,,author,0,6,164,337,0.403387,4,0.499632,0.540499,462.55376
杜任之(1948),杜任之,,author,0,3,51,92,0.085595,4,0.448413,0.475111,436.328063
杜渐(1948),杜渐,,author,0,34,41,141,0.041451,4,0.446346,0.471116,887.231868
杨戎(1948),杨戎,,author,0,15,117,325,0.226657,4,0.487945,0.520956,1102.369394
杨珉华(1948),杨珉华,,author,0,16,151,352,0.340456,4,0.494349,0.533677,5766.921991
杨祖之(1948),杨祖之,,author,0,26,110,195,0.139923,4,0.47797,0.512168,4452.953544
杨诚(1948),杨诚,,author,0,3,20,23,0.023421,4,0.428978,0.451205,121.097206
杨震羽(1948),杨震羽,,author,0,6,47,73,0.09756,4,0.452755,0.477569,713.562438
林志纯(1948),林志纯,,author,0,6,119,178,0.25034,4,0.486545,0.52028,475.344282
林柏苍(1948),林柏苍,,author,0,4,121,418,0.2458,4,0.483078,0.518498,712.061616
林沧白(1948),林沧白,,author,0,20,213,786,0.488882,4,0.511119,0.560042,2397.330592
树锦(1948),树锦,,author,0,5,33,55,0.049619,5,0.428707,0.454302,172.531058
梁朝琳(1948),梁朝琳,,author,0,6,60,96,0.091538,5,0.456105,0.484046,512.162172
楼邦彦(1948),楼邦彦,,author,0,49,365,1301,0.745077,4,0.55551,0.623218,15763.590918
樊弘(1948),樊弘,,author,0,60,345,1743,0.676464,4,0.552117,0.616396,11629.332378
欧阳山(1948),欧阳山,,author,0,5,27,68,0.038682,5,0.435034,0.458419,138.00488
欧阳革辛(1948),欧阳革辛,,author,0,31,259,551,0.603091,4,0.529894,0.582719,3795.976224
毕基初(1948),毕基初,,author,0,5,3,4,0.003742,5,0.340704,0.353011,0.646632
水平(1948),水平,,author,0,1,3,6,0.0099,5,0.408926,0.428859,0
江沙(1948),江沙,,author,0,6,28,51,0.057281,5,0.433504,0.45719,206.54704
江漪(1948),江漪,,author,0,1,15,46,0.012981,5,0.385885,0.408112,0
汪迪民(1948),汪迪民,,author,0,8,79,231,0.14321,4,0.471981,0.5,316.051093
沈体兰(1948),沈体兰,,author,0,12,148,347,0.337436,4,0.491126,0.530666,1003.736407
沈嗣庄(1948),沈嗣庄,,author,0,5,148,273,0.355932,4,0.492017,0.531527,1695.063592
沈定一(1948),沈定一,,author,0,9,60,115,0.11213,4,0.461538,0.487832,656.834419
法斯特(1948),法斯特,,author,0,5,125,456,0.308766,4,0.485326,0.520956,276.580029
浮生(1948),浮生,,author,0,5,31,99,0.052966,4,0.447525,0.469641,128.574947
海尼(1948),海尼,,author,0,4,34,81,0.073014,5,0.44723,0.470342,55.002645
温肇桐(1948),温肇桐,,author,0,8,59,76,0.119694,4,0.462483,0.488262,4003.583585
漾兮(1948),漾兮,,author,0,3,91,263,0.191351,4,0.475623,0.505838,99.126673
潘光旦(1948),潘光旦,,author,0,30,177,295,0.407099,4,0.503528,0.546276,3640.592138
潘星照(1948),潘星照,,author,0,4,17,44,0.017335,5,0.415314,0.437893,0
潘震亚(1948),潘震亚,,author,0,5,38,122,0.048666,5,0.412911,0.44115,0
火凤(1948),火凤,,author,0,5,21,68,0.022556,5,0.421249,0.444346,50.032449
王岑(1948),王岑,,author,0,12,198,494,0.451768,4,0.515002,0.55869,3344.352422
王必章(1948),王必章,,author,0,9,15,25,0.01364,5,0.387983,0.410324,97.13538
王思曙(1948),王思曙,,author,0,9,169,399,0.399354,4,0.500924,0.542404,3032.780997
王昆生(1948),王昆生,,author,0,10,137,223,0.303422,4,0.482219,0.522124,1563.450039
王民(1948),王民,,author,0,37,277,665,0.438967,4,0.533648,0.589294,20777.220261
王铁崖(1948),王铁崖,,author,0,14,295,893,0.701121,4,0.536605,0.59544,2170.219259
田心源(1948),田心源,,author,0,5,202,628,0.454282,4,0.509966,0.556354,1004.590055
由元(1948),由元,,author,0,4,9,14,0.005942,5,0.34796,0.362906,468.588765
申铭(1948),申铭,,author,0,21,70,93,0.135981,5,0.468718,0.49603,927.909476
白苎(1948),白苎,,author,0,17,125,225,0.240542,4,0.486196,0.521694,871.236289
矛林(1948),矛林,,author,0,4,13,25,0.009,5,0.386105,0.407952,75.144835
石火(1948),石火,,author,0,9,69,124,0.118418,4,0.461068,0.489614,662.164406
碧遥(1948),碧遥,,author,0,12,30,52,0.059206,5,0.436996,0.460755,73.74867
秦京(1948),秦京,,author,0,15,85,199,0.154777,4,0.46807,0.499017,1415.477007
程家骐(1948),程家骐,,author,0,9,2,6,0.003194,5,0.338155,0.349471,0.086284
竞辉(1948),竞辉,,author,0,5,20,52,0.024178,5,0.401897,0.42591,28.366963
章秦(1948),章秦,,author,0,8,62,145,0.092358,4,0.470507,0.494838,1140.158761
笪移今(1948),笪移今,,author,0,25,324,765,0.675072,4,0.547215,0.60853,7697.416376
维哲(1948),维哲,,author,0,4,109,426,0.287016,4,0.476961,0.511185,62.070415
绿韵(1948),绿韵,,author,0,9,26,65,0.028335,5,0.42243,0.447259,1211.403043
罗君(1948),罗君,,author,0,10,133,383,0.319081,4,0.489177,0.525627,930.66729
罗子为(1948),罗子为,,author,0,17,172,324,0.390108,4,0.503715,0.544985,2480.885887
翁独健(1948),翁独健,,author,0,22,284,863,0.583063,4,0.532391,0.590278,4091.178221
翦伯赞(1948),翦伯赞,,author,0,3,20,41,0.028172,5,0.408557,0.432547,33.5926
翰墨(1948),翰墨,,author,0,2,3,12,0.004343,5,0.349394,0.36368,0
胡宣之(1948),胡宣之,,author,0,26,197,371,0.445947,4,0.510158,0.555494,4448.378669
胡寄牕(1948),胡寄牕,,author,0,7,82,300,0.190905,5,0.457027,0.489823,92.229221
胡庆钧(1948),胡庆钧,,author,0,17,92,143,0.108764,4,0.468556,0.500922,3000.230022
胡私(1948),胡私,,author,0,7,17,24,0.043281,5,0.434894,0.455654,61.106078
艾原(1948),艾原,,author,0,17,217,438,0.373936,4,0.515589,0.563545,4413.65746
芝英(1948),芝英,,author,0,3,104,434,0.277771,4,0.475123,0.508604,21.05194
苏枫(1948),苏枫,,author,0,3,0,0,0,0,0,0,0
范家骅(1948),范家骅,,author,0,10,48,118,0.059519,5,0.448264,0.474582,235.534219
范谦衷(1948),范谦衷,,author,0,8,88,348,0.202338,4,0.470997,0.501659,215.19128
萧乾(1948),萧乾,,author,0,17,228,591,0.523172,4,0.51736,0.567416,1498.472401
蒋恩钿(1948),蒋恩钿,,author,0,2,104,434,0.277771,4,0.475123,0.508604,21.05194
蔡维藩(1948),蔡维藩,,author,0,5,32,65,0.068784,5,0.433088,0.458051,85.208518
蕴平(1948),蕴平,,author,0,3,18,37,0.021408,5,0.396723,0.420133,178.760905
虞人(1948),虞人,,author,0,6,63,189,0.100399,4,0.44782,0.47763,470.731585
裴仁(1948),裴仁,,author,0,32,257,590,0.517764,4,0.528243,0.581244,9582.006177
讷庵(1948),讷庵,,author,0,31,11,23,0.019607,5,0.403451,0.425356,35.190426
讷菴(1948),讷菴,,author,0,39,76,120,0.170475,5,0.46518,0.494678,1781.611419
许杰(1948),许杰,,author,0,6,112,212,0.223926,4,0.488649,0.519973,887.184272
谢定(1948),谢定,,author,0,17,126,251,0.273086,4,0.489707,0.524336,1559.09254
谷春帆(1948),谷春帆,,author,0,6,221,656,0.555052,4,0.513248,0.56336,1299.522572
谷苞(1948),谷苞,,author,0,7,35,44,0.047417,5,0.437843,0.46266,215.149331
费善通(1948),费善通,,author,0,11,50,89,0.118644,4,0.46534,0.487955,96.496713
费祥俊(1948),费祥俊,,author,0,6,36,50,0.042786,5,0.434615,0.460411,330.644926
贾观仁(1948),贾观仁,,author,0,3,40,122,0.05423,4,0.416974,0.445243,10.388932
赵德洁(1948),赵德洁,,author,0,12,29,110,0.058624,4,0.437843,0.46073,102.841714
赵超构(1948),赵超构,,author,0,5,116,313,0.185574,4,0.480851,0.515671,1470.502787
辛斤(1948),辛斤,,author,0,21,181,665,0.389935,4,0.503528,0.547136,2890.957179
邓初民(1948),邓初民,,author,0,21,238,423,0.497883,4,0.525378,0.574853,6166.124711
邵循正(1948),邵循正,,author,0,10,60,136,0.116886,4,0.465499,0.490597,277.446489
郑诚章(1948),郑诚章,,author,0,5,27,50,0.017946,5,0.376667,0.400713,69.690777
郭沫若(1948),郭沫若,,author,0,20,180,469,0.398374,4,0.503715,0.547198,3354.508415
金治泰(1948),金治泰,,author,0,23,110,214,0.242412,4,0.48637,0.517945,3305.530619
金苗(1948),金苗,,author,0,19,150,486,0.239833,4,0.497797,0.535644,1748.909091
钱暄(1948),钱暄,,author,0,4,110,330,0.243329,4,0.484979,0.516962,1469.151943
陆志群(1948),陆志群,,author,0,9,55,235,0.094062,4,0.451098,0.478306,0
陆麟勋(1948),陆麟勋,,author,0,13,107,197,0.192757,5,0.471488,0.50703,1091.568079
陈一(1948),陈一,,author,0,3,14,24,0.028696,4,0.431985,0.452372,8.680814
陈仁炳(1948),陈仁炳,,author,0,49,349,1066,0.625963,4,0.552792,0.61781,11295.469094
陈君葆(1948),陈君葆,,author,0,7,64,218,0.157712,5,0.463748,0.490499,99.916367
陈思卓(1948),陈思卓,,author,0,9,82,133,0.170265,4,0.473133,0.501721,183.80118
陈望道(1948),陈望道,,author,0,1,38,120,0.048666,5,0.412911,0.44115,0
陈林(1948),陈林,,author,0,4,43,210,0.054016,4,0.433781,0.460976,135.312458
陈辉(1948),陈辉,,author,0,4,68,151,0.151892,4,0.471488,0.496927,141.664235
陈陆(1948),陈陆,,author,0,1,19,44,0.027396,5,0.428843,0.450922,0
集纳者(1948),集纳者,,author,0,8,195,413,0.494349,4,0.504652,0.551561,1178.66732
霖萍(1948),霖萍,,author,0,4,21,32,0.027695,4,0.390216,0.414147,237.90928
非言(1948),非言,,author,0,4,69,313,0.118513,5,0.459817,0.488655,258.881444
顾秉之(1948),顾秉之,,author,0,7,42,91,0.062046,4,0.439119,0.465339,389.049734
颜衡余(1948),颜衡余,,author,0,8,25,43,0.04607,5,0.434198,0.457129,180.834436
马寅初(1948),马寅初,,author,0,16,87,223,0.15377,5,0.470833,0.501807,2039.091806
马汀(1948),马汀,,author,0,11,101,217,0.144903,4,0.477297,0.509218,2013.772785
马逢华(1948),马逢华,,author,0,5,142,272,0.293922,4,0.49327,0.530789,911.246828
高澜(1948),高澜,,author,0,17,182,342,0.350295,5,0.503341,0.547591,3437.923332
鱼木(1948),鱼木,,author,0,10,52,77,0.055496,4,0.453663,0.47929,1403.578804
黄一裳(1948),黄一裳,,author,0,12,126,176,0.35754,4,0.488297,0.523292,1383.344938
黄药眠(1948),黄药眠,,author,0,17,177,377,0.405147,4,0.505404,0.547321,1299.789736
黄野雄(1948),黄野雄,,author,0,8,51,168,0.082653,4,0.456258,0.481256,429.673448
龙正大(1948),龙正大,,author,0,5,49,88,0.097589,4,0.459661,0.483346,450.170546
龚祥瑞(1948),龚祥瑞,,author,0,11,86,314,0.207488,4,0.47797,0.506207,122.044627
（苏）Galin，A.(1948),（苏）Galin，A.,,author,0,5,21,68,0.022556,5,0.421249,0.444346,50.032449
（英）林赛(1948),（英）林赛,,author,0,5,12,47,0.007803,5,0.373245,0.39324,216.632426
Aldous_Huxley(1948),Aldous_Huxley,,author,0,3,40,52,0.09079,4,0.449304,0.473144,279.71871
Arnold_Toynbee(1948),Arnold_Toynbee,,author,0,3,11,16,0.019137,5,0.400946,0.422554,5.98641
BP(1948),BP,,author,0,1,4,4,0.00166,5,0.335229,0.346214,0
Barnes，H.(1948),Barnes，H.,,author,0,4,21,30,0.018407,4,0.419425,0.442478,75.05208
Beanal，J.D.(1948),Beanal，J.D.,,author,0,3,19,20,0.03832,4,0.416206,0.439651,38.602227
Brinton，C.(1948),Brinton，C.,,author,0,5,6,13,0.00549,5,0.349755,0.364872,0.820732
Burke，J.(1948),Burke，J.,,author,0,3,5,7,0.004199,5,0.354788,0.370096,0
Cath，J.(1948),Cath，J.,,author,0,3,11,14,0.00528,5,0.365007,0.383739,0
Commaga，H.S.(1948),Commaga，H.S.,,author,0,3,5,9,0.009502,5,0.405867,0.426487,0
David_Ramsey(1948),David_Ramsey,,author,0,5,41,67,0.082377,5,0.455339,0.479007,86.166831
Deane，H.(1948),Deane，H.,,author,0,3,7,14,0.017965,5,0.417359,0.437856,0
Dritt，D.N.(1948),Dritt，D.N.,,author,0,2,21,31,0.034737,4,0.431298,0.453355,34.68155
Einstein.A(1948),Einstein.A,,author,0,2,14,14,0.036779,5,0.40868,0.431195,4.892662
Fritz_Sternberg(1948),Fritz_Sternberg,,author,0,3,153,330,0.403322,4,0.493989,0.533923,209.975735
Fuller，H.(1948),Fuller，H.,,author,0,3,125,338,0.313257,4,0.483767,0.520034,133.397184
GM(1948),GM,,author,0,1,4,4,0.00166,5,0.335229,0.346214,0
Goh，S.Y.(1948),Goh，S.Y.,,author,0,2,4,5,0.006078,5,0.342165,0.354695,6.691229
Henry_J._Taylor(1948),Henry_J._Taylor,,author,0,5,67,89,0.127046,4,0.463431,0.491028,249.456282
Howard_K._Smith(1948),Howard_K._Smith,,author,0,4,13,25,0.038708,4,0.434337,0.453786,20.101311
Hugh，D.(1948),Hugh，D.,,author,0,3,7,14,0.017965,5,0.417359,0.437856,0
Ivanov，K.(1948),Ivanov，K.,,author,0,2,9,11,0.009147,5,0.37376,0.393092,8.471559
Karra，V.(1948),Karra，V.,,author,0,3,7,8,0.011676,5,0.406597,0.427778,0.802008
Kingsley_Martin(1948),Kingsley_Martin,,author,0,8,78,137,0.193272,4,0.473133,0.500676,151.643144
Lee，F.(1948),Lee，F.,,author,0,2,5,6,0.003977,5,0.350659,0.365155,28.676529
Leonards，C.(1948),Leonards，C.,,author,0,2,4,8,0.002871,5,0.33432,0.345833,0
Lyon，J.(1948),Lyon，J.,,author,0,4,48,142,0.05733,4,0.437843,0.465647,545.489694
Mark_Gayn(1948),Mark_Gayn,,author,0,4,124,250,0.319801,4,0.483422,0.519543,89.466976
Martin，K.(1948),Martin，K.,,author,0,4,57,174,0.119792,4,0.462641,0.487586,155.475496
Maxwell_S._Stewart(1948),Maxwell_S._Stewart,,author,0,4,202,369,0.539716,4,0.507295,0.55488,581.32225
Michael_Straight(1948),Michael_Straight,,author,0,4,45,63,0.083918,4,0.456566,0.479904,111.997871
Nathaniel_Peffer(1948),Nathaniel_Peffer,,author,0,3,104,215,0.277984,4,0.475456,0.50885,13.713485
Roth，A.(1948),Roth，A.,,author,0,2,6,7,0.006213,5,0.352849,0.367699,0
Russell，B.(1948),Russell，B.,,author,0,2,34,46,0.078283,5,0.453057,0.474644,26.436706
S.Y.(1948),S.Y.,,author,0,4,9,10,0.008503,5,0.408188,0.429744,73.197845
SY(1948),SY,,author,0,3,18,27,0.030085,5,0.431572,0.453134,280.849488
Schlesinger，A.M.(1948),Schlesinger，A.M.,,author,0,4,4,7,0.003733,5,0.348586,0.362107,2.136211
Schoyer，B.P.(1948),Schoyer，B.P.,,author,0,2,1,2,0.002826,5,0.348049,0.361308,0
Shah，H.(1948),Shah，H.,,author,0,3,8,16,0.017049,5,0.415696,0.436382,22.262079
Shih，H.P.F.(1948),Shih，H.P.F.,,author,0,3,50,70,0.114092,4,0.457644,0.482055,490.334671
Sternberg，F.(1948),Sternberg，F.,,author,0,3,106,218,0.280326,4,0.476793,0.510324,76.040627
Toynbee，A.F.(1948),Toynbee，A.F.,,author,0,2,24,50,0.062393,5,0.424945,0.44914,0.795981
Victor_Perlo(1948),Victor_Perlo,,author,0,5,41,67,0.082377,5,0.455339,0.479007,86.166831
William_W._Lockwood(1948),William_W._Lockwood,,author,0,8,161,315,0.340351,4,0.494891,0.536382,1129.433174
William_Winter(1948),William_Winter,,author,0,1,0,0,0,0,0,0,0
Winkle，H.(1948),Winkle，H.,,author,0,2,6,8,0.004424,5,0.350932,0.365855,0
Yougn，E.P.(1948),Yougn，E.P.,,author,0,2,49,69,0.114887,4,0.457181,0.481502,71.650246
Zinder，H.(1948),Zinder，H.,,author,0,3,2,4,0.004367,5,0.352574,0.366839,0
一公(1948),一公,,author,0,2,0,0,0,0,0,0,0
一真(1948),一真,,author,0,3,74,101,0.15393,4,0.457953,0.488385,0
一续(1948),一续,,author,0,1,0,0,0,0,0,0,0
丁二(1948),丁二,,author,0,3,22,27,0.028276,5,0.424679,0.448242,42.554668
丁克山(1948),丁克山,,author,0,2,7,7,0.016382,5,0.400473,0.421362,0
丁尊(1948),丁尊,,author,0,3,14,17,0.038365,5,0.424945,0.44619,1.581182
丁忱(1948),丁忱,,author,0,6,178,267,0.484889,4,0.502595,0.54603,647.37405
丁日(1948),丁日,,author,0,1,1,1,0.000825,5,0.316231,0.325098,0
丁枫华(1948),丁枫华,,author,0,8,176,262,0.412105,4,0.503715,0.545969,1900.180867
丁求眞(1948),丁求眞,,author,0,2,2,2,0.002603,5,0.331865,0.342343,0
丁溪阳(1948),丁溪阳,,author,0,10,12,13,0.014516,5,0.419036,0.440536,199.679718
丁芸(1948),丁芸,,author,0,2,9,9,0.011711,4,0.384899,0.406096,3.416708
丁驌(1948),丁驌,,author,0,3,25,30,0.050785,5,0.432122,0.455924,0
万×(1948),万×,,author,0,2,6,8,0.005576,5,0.345214,0.35928,0
上官芳(1948),上官芳,,author,0,3,6,7,0.010891,5,0.381649,0.401413,4.25932
世贤(1948),世贤,,author,0,2,8,8,0.007403,5,0.367281,0.385472,67.310102
丘克辉(1948),丘克辉,,author,0,3,101,139,0.272317,4,0.473133,0.506699,92.631275
丘陵(1948),丘陵,,author,0,12,58,96,0.106457,5,0.460285,0.486443,651.085849
东方明(1948),东方明,,author,0,4,35,39,0.054254,5,0.426013,0.452335,61.934426
东旭(1948),东旭,,author,0,3,11,16,0.025561,5,0.404535,0.42661,1.759501
东阳(1948),东阳,,author,0,4,55,82,0.128819,5,0.45935,0.484907,113.751712
严中平(1948),严中平,,author,0,4,39,54,0.066224,4,0.424413,0.451758,130.810357
严凌(1948),严凌,,author,0,3,24,29,0.027195,4,0.408311,0.432399,108.050373
严景耀(1948),严景耀,,author,0,5,23,70,0.034165,4,0.418131,0.441618,59.946766
严经文(1948),严经文,,author,0,4,74,101,0.15393,4,0.457953,0.488385,0
严钟杰(1948),严钟杰,,author,0,9,23,31,0.033298,4,0.424945,0.448316,309.400271
之万(1948),之万,,author,0,4,18,22,0.045754,5,0.431435,0.452704,23.169554
之谷(1948),之谷,,author,0,11,35,44,0.035303,4,0.440689,0.464786,2130.941062
乐希(1948),乐希,,author,0,2,2,3,0.001205,5,0.32448,0.333309,0
乐知先(1948),乐知先,,author,0,8,103,222,0.211839,4,0.47983,0.511861,286.224768
乡少(1948),乡少,,author,0,4,30,38,0.02105,4,0.402613,0.428466,343.782508
于人(1948),于人,,author,0,4,4,4,0.000379,6,0.282382,0.291433,0
于彦威(1948),于彦威,,author,0,4,28,45,0.06292,5,0.440689,0.463397,17.655217
于文(1948),于文,,author,0,3,4,4,0.006748,5,0.364027,0.380887,0
云仙(1948),云仙,,author,0,4,18,23,0.025189,5,0.424413,0.446804,1369.727218
云峰(1948),云峰,,author,0,6,23,30,0.047452,5,0.427356,0.450615,45.221587
云庸(1948),云庸,,author,0,2,0,0,0,0,0,0,0
亚尔撲提（Gordon_W._Allport）(1948),亚尔撲提（Gordon_W._Allport）,,author,0,6,25,41,0.036524,4,0.419554,0.443768,19.453569
从心(1948),从心,,author,0,4,8,10,0.010494,5,0.373143,0.393056,534.909327
仲臬(1948),仲臬,,author,0,2,35,49,0.054783,5,0.435873,0.461,0
仲鲁(1948),仲鲁,,author,0,5,62,106,0.103314,5,0.452452,0.481404,232.779743
任自涛(1948),任自涛,,author,0,10,36,57,0.070813,5,0.445906,0.469666,398.538357
伍丹戈(1948),伍丹戈,,author,0,2,4,4,0.004552,5,0.35854,0.375197,0
伯恺(1948),伯恺,,author,0,3,44,70,0.116594,5,0.45336,0.477409,0
伯骆(1948),伯骆,,author,0,5,19,29,0.032662,5,0.419165,0.442195,347.263842
似彭(1948),似彭,,author,0,4,28,39,0.046254,4,0.416974,0.442048,69.904689
似潜(1948),似潜,,author,0,2,3,3,0.00727,5,0.35166,0.366187,0
伽赐(1948),伽赐,,author,0,3,3,5,0.00781,5,0.36738,0.384575,0.142282
佑黄(1948),佑黄,,author,0,2,0,0,0,0,0,0,0
何仪(1948),何仪,,author,0,2,20,30,0.027621,4,0.389767,0.413471,0
何其丰(1948),何其丰,,author,0,6,31,40,0.05166,4,0.439974,0.463373,104.709671
何国樑(1948),何国樑,,author,0,4,117,168,0.303961,4,0.482219,0.517146,355.519745
何孝达(1948),何孝达,,author,0,7,58,99,0.097112,4,0.451699,0.479535,491.513011
何安民(1948),何安民,,author,0,4,22,38,0.015704,5,0.391116,0.415241,52.595148
何少逸(1948),何少逸,,author,0,3,10,10,0.030966,5,0.429522,0.449201,58.42733
何泛(1948),何泛,,author,0,5,20,26,0.052393,5,0.417102,0.440905,1358.409175
何爱芬(1948),何爱芬,,author,0,12,93,187,0.122388,4,0.462799,0.496927,668.932803
何畏之(1948),何畏之,,author,0,4,20,20,0.051294,4,0.416974,0.440204,121.461816
何经(1948),何经,,author,0,8,63,111,0.07524,4,0.454271,0.483038,254.941265
何荷(1948),何荷,,author,0,3,37,55,0.048058,5,0.419944,0.447542,35.244229
何锺斌(1948),何锺斌,,author,0,11,128,200,0.210828,4,0.492196,0.526364,3665.953564
余介邦(1948),余介邦,,author,0,2,3,3,0.007169,5,0.371914,0.390327,0
余信华(1948),余信华,,author,0,2,0,0,0,0,0,0,0
余友才(1948),余友才,,author,0,3,49,71,0.05934,5,0.441982,0.469481,164.905867
余友直(1948),余友直,,author,0,3,8,10,0.017451,5,0.385666,0.405998,0.401437
余宁旺(1948),余宁旺,,author,0,2,15,24,0.012981,5,0.385885,0.408112,0
余思文(1948),余思文,,author,0,2,10,10,0.028664,5,0.402972,0.424619,0
余才友(1948),余才友,,author,0,6,78,120,0.132459,4,0.46614,0.495329,1598.753788
余望之(1948),余望之,,author,0,13,207,344,0.466749,4,0.513442,0.559796,1608.26877
余鑫年(1948),余鑫年,,author,0,3,12,16,0.023646,5,0.391342,0.413311,0
佚名(1948),佚名,,author,0,2,29,38,0.065563,5,0.438977,0.462537,1.258253
侯国聪(1948),侯国聪,,author,0,5,141,227,0.357537,4,0.489707,0.528147,1036.738956
侯外庐(1948),侯外庐,,author,0,2,21,31,0.024047,5,0.381435,0.404794,45.562802
侯庭督(1948),侯庭督,,author,0,6,84,147,0.184732,4,0.475123,0.503626,520.543625
侯玉文(1948),侯玉文,,author,0,1,5,7,0.000706,6,0.300266,0.30987,0
俞元程(1948),俞元程,,author,0,2,2,2,0.000829,6,0.316601,0.325098,0
俞平伯(1948),俞平伯,,author,0,3,0,0,0,0,0,0,0
倍原(1948),倍原,,author,0,3,6,7,0.001734,5,0.328012,0.338373,0
健民(1948),健民,,author,0,3,6,8,0.008024,5,0.405018,0.425688,60.92618
健飞(1948),健飞,,author,0,3,13,17,0.037319,5,0.433227,0.453441,8.377681
傅理门(1948),傅理门,,author,0,2,0,0,0,0,0,0,0
傅菊人(1948),傅菊人,,author,0,6,42,70,0.042931,5,0.435313,0.462353,62.894833
光·谟(1948),光·谟,,author,0,3,14,15,0.035601,4,0.434615,0.454523,6.443988
光夫(1948),光夫,,author,0,4,11,16,0.007734,5,0.365597,0.384206,16.313126
克萍(1948),克萍,,author,0,3,1,1,0.001097,6,0.317564,0.326278,0
全一毛(1948),全一毛,,author,0,3,63,89,0.108685,5,0.459039,0.486504,123.722093
公盾(1948),公盾,,author,0,4,8,9,0.022588,5,0.409668,0.430949,0.876406
公羽(1948),公羽,,author,0,5,36,90,0.044624,4,0.435873,0.460792,276.1506
再珠(1948),再珠,,author,0,4,0,0,0,0,0,0,0
冯一民(1948),冯一民,,author,0,6,143,283,0.35491,4,0.489884,0.528515,310.201354
冯友兰(1948),冯友兰,,author,0,2,42,51,0.074446,5,0.45336,0.476794,64.834092
冯启康(1948),冯启康,,author,0,3,36,89,0.071476,5,0.426683,0.45338,16.245525
冯善基(1948),冯善基,,author,0,5,8,72,0.014383,5,0.395451,0.417023,4.541555
冯契(1948),冯契,,author,0,7,101,141,0.205258,4,0.469529,0.503749,1542.461657
冯宾符(1948),冯宾符,,author,0,2,107,136,0.290378,4,0.48,0.513151,112.486724
冯法禩(1948),冯法禩,,author,0,3,1,4,0.000072,6,0.240426,0.244174,0
冯秀凡(1948),冯秀凡,,author,0,10,51,100,0.066736,4,0.449155,0.475602,253.595242
冯至(1948),冯至,,author,0,8,75,226,0.154212,4,0.458728,0.489245,32.249818
冰兄(1948),冰兄,,author,0,9,5,6,0.008026,5,0.363929,0.381686,4.752845
冰若(1948),冰若,,author,0,7,89,143,0.13054,4,0.470343,0.501598,481.554299
况自(1948),况自,,author,0,1,0,0,0,0,0,0,0
冷荻(1948),冷荻,,author,0,4,3,3,0.007878,5,0.369482,0.386971,2.333246
冷遹(1948),冷遹,,author,0,3,38,63,0.048666,5,0.412911,0.44115,0
凌之上(1948),凌之上,,author,0,2,6,6,0.004424,5,0.331865,0.343105,95.075418
凌冰(1948),凌冰,,author,0,8,118,217,0.230346,5,0.482048,0.517416,709.875252
凌雪(1948),凌雪,,author,0,5,4,4,0.004884,5,0.361407,0.378245,63.637744
凡人(1948),凡人,,author,0,2,10,11,0.009833,4,0.380685,0.40118,2636.973747
凤子(1948),凤子,,author,0,8,6,14,0.013638,5,0.377506,0.396743,0.934665
刃锋(1948),刃锋,,author,0,4,4,4,0.003025,5,0.34425,0.357153,204.750954
刘世海(1948),刘世海,,author,0,2,108,144,0.321554,4,0.48034,0.513397,7.458469
刘中定(1948),刘中定,,author,0,1,0,0,0,0,0,0,0
刘仁福(1948),刘仁福,,author,0,7,127,202,0.23878,4,0.486894,0.522616,590.494594
刘以德(1948),刘以德,,author,0,3,31,32,0.072828,5,0.445466,0.468006,58.531624
刘勉(1948),刘勉,,author,0,1,1,6,0.000446,5,0.306718,0.315093,0
刘培仁(1948),刘培仁,,author,0,2,11,16,0.005194,5,0.3593,0.377876,156.088621
刘大杰(1948),刘大杰,,author,0,6,132,237,0.254979,4,0.488825,0.524951,1447.855589
刘学濬(1948),刘学濬,,author,0,2,31,42,0.063875,5,0.419036,0.445206,0
刘弄潮(1948),刘弄潮,,author,0,3,11,11,0.017041,5,0.382403,0.403995,0
刘徵麟(1948),刘徵麟,,author,0,6,43,69,0.056705,5,0.452151,0.47618,482.22735
刘志钧(1948),刘志钧,,author,0,2,6,6,0.005383,5,0.360255,0.376893,0
刘思慕(1948),刘思慕,,author,0,8,89,166,0.229137,5,0.469367,0.500885,61.034078
刘文礼(1948),刘文礼,,author,0,5,19,32,0.046875,5,0.432812,0.454425,10.692487
刘昉(1948),刘昉,,author,0,4,1,1,0.004577,5,0.357218,0.372861,0
刘源(1948),刘源,,author,0,6,43,69,0.056705,5,0.452151,0.47618,482.22735
刘煌(1948),刘煌,,author,0,3,0,0,0,0,0,0,0
刘答中(1948),刘答中,,author,0,16,211,359,0.498072,4,0.515002,0.561947,1546.134706
刘良模(1948),刘良模,,author,0,3,13,13,0.029881,5,0.425879,0.446989,15.413341
刘超武(1948),刘超武,,author,0,9,135,231,0.364955,4,0.490771,0.527286,264.491527
刘迺诚(1948),刘迺诚,,author,0,4,40,51,0.083397,5,0.449751,0.473906,46.810897
刘郝稼(1948),刘郝稼,,author,0,2,3,3,0.004677,5,0.34796,0.362094,0
力扬(1948),力扬,,author,0,3,16,16,0.036996,5,0.43075,0.451844,52.534987
勉之(1948),勉之,,author,0,3,12,13,0.022036,5,0.381649,0.402987,3.035725
包安(1948),包安,,author,0,3,23,25,0.023493,4,0.400118,0.42441,48.249032
包庆生(1948),包庆生,,author,0,2,6,8,0.005576,5,0.345214,0.35928,0
包达三(1948),包达三,,author,0,3,38,61,0.048666,5,0.412911,0.44115,0
北人(1948),北人,,author,0,3,3,3,0.002149,5,0.340961,0.35279,0
北民(1948),北民,,author,0,5,73,122,0.116324,4,0.46614,0.494408,171.694989
北远(1948),北远,,author,0,2,3,3,0.007853,5,0.377926,0.396706,0
千家驹(1948),千家驹,,author,0,6,84,231,0.195658,4,0.468556,0.498955,201.95751
华人(1948),华人,,author,0,4,151,372,0.345713,4,0.490771,0.531342,715.101536
华岳高(1948),华岳高,,author,0,2,112,153,0.326201,4,0.481022,0.514934,96.367342
华廉(1948),华廉,,author,0,3,68,113,0.104582,4,0.460911,0.489307,146.02182
华文玲(1948),华文玲,,author,0,2,24,35,0.031069,4,0.396607,0.421399,70.300318
华生(1948),华生,,author,0,3,42,46,0.105872,5,0.444153,0.469604,17.896771
华萍(1948),华萍,,author,0,7,65,118,0.140039,5,0.463273,0.490376,507.576484
单于越(1948),单于越,,author,0,1,2,2,0.001598,5,0.328488,0.338852,0
单复(1948),单复,,author,0,2,0,0,0,0,0,0,0
南极(1948),南极,,author,0,11,57,94,0.105705,4,0.466621,0.49072,1412.752554
南郭一鸣(1948),南郭一鸣,,author,0,8,117,271,0.300543,4,0.478814,0.514503,85.489622
卜乙之(1948),卜乙之,,author,0,3,13,14,0.027039,4,0.402493,0.424779,15.442335
卢于道(1948),卢于道,,author,0,2,57,97,0.099523,4,0.456873,0.483346,13.370218
卫军(1948),卫军,,author,0,1,0,0,0,0,0,0,0
历寒(1948),历寒,,author,0,4,57,90,0.076297,5,0.421511,0.453933,175.968206
历民(1948),历民,,author,0,3,10,14,0.003743,5,0.345302,0.36057,219.773737
双玉(1948),双玉,,author,0,1,1,1,0.002715,5,0.341218,0.353085,0
古宋申肃(1948),古宋申肃,,author,0,2,9,14,0.006479,5,0.361986,0.379658,0
可扬(1948),可扬,,author,0,2,0,0,0,0,0,0,0
史超礼(1948),史超礼,,author,0,5,212,384,0.554015,4,0.508436,0.558075,901.657861
史靖(1948),史靖,,author,0,5,21,26,0.042009,4,0.419295,0.442539,2.491585
叶克嵎(1948),叶克嵎,,author,0,8,181,361,0.420828,4,0.503341,0.547075,2015.990394
叶圣陶(1948),叶圣陶,,author,0,3,40,63,0.056269,4,0.420465,0.448378,16.883327
叶平(1948),叶平,,author,0,3,2,3,0.000619,5,0.315276,0.3235,7.022935
叶幼麟(1948),叶幼麟,,author,0,2,2,5,0.002513,5,0.333088,0.343977,0
叶春萍(1948),叶春萍,,author,0,3,3,4,0.003407,5,0.341734,0.355261,0
叶景莘(1948),叶景莘,,author,0,3,12,12,0.024106,5,0.395105,0.417244,1371.446953
叶深(1948),叶深,,author,0,3,1,1,0.000149,6,0.294911,0.302114,0
叶源(1948),叶源,,author,0,3,22,24,0.054289,4,0.420987,0.444137,0.80987
叶烈诚(1948),叶烈诚,,author,0,7,67,89,0.105788,4,0.452,0.481994,281.577717
叶翰蜚(1948),叶翰蜚,,author,0,4,51,129,0.101523,4,0.454881,0.480519,103.774466
叶舟(1948),叶舟,,author,0,3,8,9,0.004778,5,0.353493,0.369543,1030.582522
叶良文(1948),叶良文,,author,0,1,1,1,0.000319,5,0.289806,0.298279,0
司天马籁(1948),司天马籁,,author,0,4,2,3,0.00633,5,0.36432,0.381096,0.012048
司徒聪(1948),司徒聪,,author,0,1,0,0,0,0,0,0,0
司田(1948),司田,,author,0,6,26,30,0.042125,4,0.419944,0.444506,120.563341
司马夫(1948),司马夫,,author,0,6,9,20,0.003832,5,0.345302,0.35971,1473.811349
司马怀(1948),司马怀,,author,0,9,135,251,0.289721,4,0.491482,0.527593,387.967846
司马怀冰(1948),司马怀冰,,author,0,4,22,27,0.027161,4,0.412409,0.436517,40.323235
司马观(1948),司马观,,author,0,1,8,9,0.008601,5,0.373863,0.392662,0
各家(1948),各家,,author,0,4,3,3,0.007232,5,0.367779,0.385681,0
向达(1948),向达,,author,0,5,3,8,0.004814,5,0.359205,0.375971,0.916849
吕克难(1948),吕克难,,author,0,18,185,314,0.436282,4,0.508246,0.551131,3691.415201
吕庆(1948),吕庆,,author,0,3,45,56,0.081279,5,0.457181,0.480605,86.375359
吕汉(1948),吕汉,,author,0,2,20,22,0.016618,5,0.400118,0.424004,107.721794
吕玉文(1948),吕玉文,,author,0,7,38,50,0.069372,4,0.433642,0.459501,100.637368
吕竹(1948),吕竹,,author,0,4,50,136,0.108053,4,0.449602,0.475848,342.001641
吕西林(1948),吕西林,,author,0,4,115,144,0.286657,4,0.478138,0.513705,628.2047
吴世昌(1948),吴世昌,,author,0,5,74,101,0.15393,4,0.457953,0.488385,0
吴伯渊(1948),吴伯渊,,author,0,3,25,99,0.045388,4,0.416206,0.440819,240.161363
吴侨(1948),吴侨,,author,0,2,1,1,0.003435,5,0.347603,0.360853,0
吴兰(1948),吴兰,,author,0,5,29,53,0.053,5,0.439546,0.462844,131.962033
吴刚(1948),吴刚,,author,0,2,5,10,0.014897,5,0.3935,0.414135,0.159118
吴名(1948),吴名,,author,0,1,0,0,0,0,0,0,0
吴国钧(1948),吴国钧,,author,0,6,12,21,0.030103,5,0.421118,0.442564,1.963565
吴基(1948),吴基,,author,0,5,7,7,0.012682,5,0.410163,0.430887,43.781639
吴宗文(1948),吴宗文,,author,0,6,15,26,0.03832,5,0.43392,0.454179,0.699698
吴庆生(1948),吴庆生,,author,0,2,5,5,0.003912,5,0.350932,0.365302,12.363413
吴惠芳(1948),吴惠芳,,author,0,2,1,1,0.002175,5,0.334815,0.345612,0
吴敏(1948),吴敏,,author,0,3,2,6,0.000342,6,0.295554,0.304339,0
吴明德(1948),吴明德,,author,0,6,27,34,0.053109,4,0.4499,0.47001,20.815407
吴洛(1948),吴洛,,author,0,1,0,0,0,0,0,0,0
吴绎(1948),吴绎,,author,0,5,158,258,0.388107,4,0.497615,0.537795,1328.671309
吴谧赓(1948),吴谧赓,,author,0,4,1,1,0.000171,5,0.27561,0.283616,0
吴辉宗(1948),吴辉宗,,author,0,4,102,230,0.173321,4,0.476458,0.509341,766.623567
吴道(1948),吴道,,author,0,3,1,1,0.000075,6,0.24141,0.245772,0
吴铎(1948),吴铎,,author,0,4,131,190,0.341451,4,0.488825,0.525135,236.917377
吴铸基(1948),吴铸基,,author,0,4,0,0,0,0,0,0,0
吴靓云(1948),吴靓云,,author,0,11,65,90,0.114177,4,0.45005,0.480088,327.396086
吴鹤飞(1948),吴鹤飞,,author,0,1,0,0,0,0,0,0,0
呈炽(1948),呈炽,,author,0,3,4,4,0.000379,6,0.282382,0.291433,0
周一志(1948),周一志,,author,0,11,209,444,0.467734,4,0.51035,0.558567,1878.064871
周东郊(1948),周东郊,,author,0,3,23,25,0.054351,4,0.43392,0.456121,17.967314
周伯棣(1948),周伯棣,,author,0,9,58,125,0.109979,4,0.443282,0.472775,697.953364
周佑文(1948),周佑文,,author,0,4,3,3,0.001808,5,0.332109,0.342441,0
周作仁(1948),周作仁,,author,0,5,74,218,0.166595,5,0.458883,0.48927,208.865801
周其晋(1948),周其晋,,author,0,2,17,22,0.02491,5,0.421511,0.444248,62.244005
周太玄(1948),周太玄,,author,0,3,6,8,0.005178,5,0.352299,0.367871,29.646831
周子豪(1948),周子豪,,author,0,3,49,61,0.08586,4,0.450948,0.477016,156.422296
周建人(1948),周建人,,author,0,11,78,277,0.189894,5,0.469204,0.498119,119.992771
周景星(1948),周景星,,author,0,4,6,11,0.003126,5,0.339085,0.352212,0
周有光(1948),周有光,,author,0,4,24,40,0.038378,4,0.409791,0.434181,34.08019
周炳琳(1948),周炳琳,,author,0,8,40,45,0.06058,4,0.446935,0.471485,141.132274
周玲(1948),周玲,,author,0,4,4,4,0.002208,5,0.325727,0.335841,2.51211
周禾生(1948),周禾生,,author,0,5,19,31,0.038695,4,0.439689,0.460238,87.756116
周维明(1948),周维明,,author,0,1,2,2,0.001598,5,0.328488,0.338852,0
周绶章(1948),周绶章,,author,0,7,171,283,0.447374,4,0.502967,0.544248,392.392421
周至诚(1948),周至诚,,author,0,6,139,183,0.357127,4,0.489531,0.527532,1972.62151
周荣为(1948),周荣为,,author,0,8,83,156,0.194726,5,0.465021,0.496214,448.209704
周谷城(1948),周谷城,,author,0,7,88,350,0.15213,4,0.469529,0.500492,192.464627
周钢鸣(1948),周钢鸣,,author,0,2,0,0,0,0,0,0,0
咏源(1948),咏源,,author,0,2,8,9,0.022944,5,0.411908,0.432977,0.247256
唐奇格(1948),唐奇格,,author,0,4,29,55,0.062793,5,0.43392,0.458112,5.126554
唐思礼(1948),唐思礼,,author,0,2,1,1,0.000517,5,0.311152,0.320133,0
唐挚(1948),唐挚,,author,0,3,2,2,0.004278,5,0.349035,0.363766,0.022222
唐纳文(1948),唐纳文,,author,0,4,29,53,0.073411,5,0.448413,0.469973,11.508886
商翼(1948),商翼,,author,0,6,78,124,0.176781,4,0.471816,0.499693,560.786229
喩淦邨(1948),喩淦邨,,author,0,3,6,7,0.004424,5,0.350932,0.365855,0
喻淦邨(1948),喻淦邨,,author,0,14,142,251,0.362454,4,0.491661,0.529621,699.844771
四百零四个大学生(1948),四百零四个大学生,,author,0,3,20,25,0.021841,4,0.403331,0.427176,58.25025
坎侯(1948),坎侯,,author,0,5,23,34,0.035218,5,0.388873,0.413311,8.066545
坚璧(1948),坚璧,,author,0,3,9,21,0.006227,5,0.365794,0.384882,122.79075
城北(1948),城北,,author,0,7,66,139,0.101608,4,0.460129,0.488078,358.49174
士心(1948),士心,,author,0,4,29,36,0.049902,4,0.434615,0.458333,278.81705
复康(1948),复康,,author,0,1,5,5,0.007817,5,0.405988,0.426672,0
夏子(1948),夏子,,author,0,3,4,5,0.003519,5,0.33581,0.347419,1.328564
夏棉(1948),夏棉,,author,0,3,6,6,0.004758,5,0.347692,0.362684,0
夏笃(1948),夏笃,,author,0,2,5,5,0.014054,5,0.412785,0.432915,0
夏鼐(1948),夏鼐,,author,0,3,1,4,0.000097,6,0.268302,0.274951,0
大均(1948),大均,,author,0,3,19,27,0.023879,5,0.401183,0.424988,20.262543
夷康(1948),夷康,,author,0,4,11,11,0.027254,5,0.403451,0.425602,3.300783
奇虹(1948),奇虹,,author,0,4,1,1,0.000066,1,1,1,0
奋生(1948),奋生,,author,0,2,8,8,0.014827,5,0.41066,0.431527,43.424649
奚永伟(1948),奚永伟,,author,0,3,17,24,0.040346,4,0.437278,0.457719,11.191867
如蕾(1948),如蕾,,author,0,2,59,99,0.095563,4,0.451699,0.479781,111.042104
如鸥(1948),如鸥,,author,0,2,3,4,0.000526,5,0.304993,0.313594,0
姚志英(1948),姚志英,,author,0,2,1,1,0.001922,5,0.331865,0.340991,0
姚理(1948),姚理,,author,0,5,43,63,0.063971,4,0.424546,0.452925,352.375681
姚雪垠(1948),姚雪垠,,author,0,9,127,200,0.356814,4,0.489177,0.524398,249.177541
娄立斋(1948),娄立斋,,author,0,4,33,37,0.054119,4,0.417488,0.444014,124.429017
子久(1948),子久,,author,0,1,57,98,0.146604,4,0.453663,0.480765,0
子良(1948),子良,,author,0,2,27,50,0.05856,5,0.433365,0.457067,3.533652
子规(1948),子规,,author,0,1,0,0,0,0,0,0,0
孔孝天(1948),孔孝天,,author,0,5,21,46,0.036751,5,0.405988,0.43042,152.186774
孙保仁(1948),孙保仁,,author,0,5,8,14,0.014993,5,0.417359,0.437955,125.217396
孙国华(1948),孙国华,,author,0,2,1,4,0.000066,1,1,1,0
孙国萧(1948),孙国萧,,author,0,2,1,4,0.000066,1,1,1,0
孙宪辉(1948),孙宪辉,,author,0,7,69,86,0.134341,4,0.46534,0.492871,1488.246436
孙楷弟(1948),孙楷弟,,author,0,4,4,8,0.003822,5,0.350841,0.365241,2.615238
孙殿伟(1948),孙殿伟,,author,0,5,21,33,0.04033,5,0.431847,0.454056,20.94328
孙毓棠(1948),孙毓棠,,author,0,1,9,9,0.023676,5,0.394301,0.415647,0
孙甲(1948),孙甲,,author,0,3,8,12,0.004778,5,0.356654,0.374004,0
孙蕴(1948),孙蕴,,author,0,7,181,283,0.485237,4,0.500924,0.545661,856.74066
孟南(1948),孟南,,author,0,4,25,31,0.058399,5,0.414806,0.44029,2.501611
孟启予(1948),孟启予,,author,0,2,7,7,0.013499,5,0.412409,0.433223,0
孟坚(1948),孟坚,,author,0,4,101,146,0.205406,4,0.474126,0.506944,245.159702
孟永之(1948),孟永之,,author,0,5,119,260,0.303467,4,0.47966,0.51561,113.541991
孟起(1948),孟起,,author,0,8,74,123,0.134623,4,0.468556,0.496313,169.291434
孟超(1948),孟超,,author,0,3,129,262,0.325677,4,0.484286,0.521386,148.307792
季向阳(1948),季向阳,,author,0,4,8,8,0.011941,5,0.4,0.420895,57.820827
季振平(1948),季振平,,author,0,4,14,14,0.030735,5,0.434615,0.454855,102.26923
季明(1948),季明,,author,0,13,64,135,0.093691,4,0.467747,0.493301,761.048193
季羡林(1948),季羡林,,author,0,5,9,11,0.021176,5,0.400354,0.421878,1103.345046
季陶达(1948),季陶达,,author,0,3,16,18,0.019315,5,0.383159,0.405592,0
季青(1948),季青,,author,0,3,14,19,0.02729,5,0.385446,0.407473,15.758314
宁静(1948),宁静,,author,0,5,42,66,0.056488,5,0.437843,0.464565,113.783869
宋××(1948),宋××,,author,0,2,26,32,0.049002,4,0.43392,0.457043,0
宋友洪(1948),宋友洪,,author,0,4,30,105,0.054877,4,0.431435,0.456121,109.351806
宋曼(1948),宋曼,,author,0,10,135,221,0.359396,4,0.487594,0.525258,557.999954
宋藜野(1948),宋藜野,,author,0,3,56,77,0.127211,4,0.462641,0.487217,439.021271
宏基(1948),宏基,,author,0,2,5,5,0.00443,5,0.34139,0.35488,6.906687
宗白华(1948),宗白华,,author,0,5,11,12,0.022439,4,0.397887,0.419678,222.382902
宝善(1948),宝善,,author,0,1,3,3,0.007366,5,0.348049,0.362439,0
宦乡(1948),宦乡,,author,0,7,28,34,0.045348,5,0.43075,0.454855,151.295805
宫恺(1948),宫恺,,author,0,4,4,7,0.003733,5,0.348586,0.362107,2.136211
容肇祖(1948),容肇祖,,author,0,3,3,6,0.004833,5,0.343726,0.357645,0
宾符(1948),宾符,,author,0,2,6,10,0.018419,5,0.379726,0.399324,0
密特尔(1948),密特尔,,author,0,3,49,61,0.08586,4,0.450948,0.477016,156.422296
富苪叶（Gilberts_Freyre）(1948),富苪叶（Gilberts_Freyre）,,author,0,6,25,41,0.036524,4,0.419554,0.443768,19.453569
封叔(1948),封叔,,author,0,1,0,0,0,0,0,0,0
封淑(1948),封淑,,author,0,8,31,47,0.043083,5,0.410536,0.437463,224.916024
小市民(1948),小市民,,author,0,4,28,44,0.073677,5,0.438693,0.462045,1.786883
小燕(1948),小燕,,author,0,2,11,11,0.022306,5,0.417874,0.439122,0
小石(1948),小石,,author,0,12,51,138,0.088073,4,0.453967,0.479535,1898.985966
小莊(1948),小莊,,author,0,4,18,21,0.019478,5,0.386876,0.409673,15.774239
小诃(1948),小诃,,author,0,4,10,12,0.015329,5,0.38765,0.409341,132.660686
小谢(1948),小谢,,author,0,1,0,0,0,0,0,0,0
少若(1948),少若,,author,0,5,122,168,0.337746,4,0.48325,0.51899,259.41335
尙吕(1948),尙吕,,author,0,4,92,142,0.183507,4,0.478983,0.508235,929.573414
尹颖默(1948),尹颖默,,author,0,2,11,17,0.020906,5,0.419295,0.440597,16.938213
尼尔·史塔福(1948),尼尔·史塔福,,author,0,3,1,3,0.001541,5,0.327299,0.33589,0
岑砧(1948),岑砧,,author,0,11,43,67,0.073501,5,0.446493,0.47194,2096.747791
崔毅然(1948),崔毅然,,author,0,4,108,146,0.320651,4,0.48,0.513213,622.600986
巩韦(1948),巩韦,,author,0,8,17,18,0.026745,5,0.396375,0.419789,59.872268
巴什基洛夫(1948),巴什基洛夫,,author,0,4,5,8,0.012705,5,0.400236,0.42028,1.861035
巴甫洛夫(1948),巴甫洛夫,,author,0,4,14,15,0.032946,5,0.422693,0.444469,16.906044
市隐(1948),市隐,,author,0,4,11,11,0.022306,5,0.417874,0.439122,0
希蓝(1948),希蓝,,author,0,2,39,62,0.049275,5,0.413163,0.441642,8.733996
常守琦(1948),常守琦,,author,0,4,29,55,0.062793,5,0.43392,0.458112,5.126554
常寿之(1948),常寿之,,author,0,3,18,22,0.017018,5,0.378559,0.401069,91.933342
平伯(1948),平伯,,author,0,5,8,16,0.010407,5,0.377506,0.397382,0
平凡(1948),平凡,,author,0,9,88,122,0.133852,4,0.472309,0.502581,1024.788481
平子(1948),平子,,author,0,4,28,31,0.049255,4,0.43392,0.457412,585.288942
幼华(1948),幼华,,author,0,3,14,34,0.018079,5,0.396839,0.419543,25.237846
庆德苇(1948),庆德苇,,author,0,2,3,4,0.003509,5,0.348855,0.362537,0
庚夫(1948),庚夫,,author,0,3,85,149,0.128766,4,0.46359,0.495452,266.787393
廖冰(1948),廖冰,,author,0,3,18,42,0.036289,5,0.42993,0.451782,0
开滦一份子(1948),开滦一份子,,author,0,14,84,118,0.162828,4,0.463431,0.495022,3799.046509
异戈(1948),异戈,,author,0,3,6,8,0.011175,5,0.374482,0.393756,1.96558
张一文(1948),张一文,,author,0,1,3,7,0.00046,5,0.286863,0.296436,0
张一知(1948),张一知,,author,0,3,1,1,0.000314,6,0.29607,0.305113,0
张云平(1948),张云平,,author,0,1,0,0,0,0,0,0,0
张云横(1948),张云横,,author,0,3,55,97,0.094062,4,0.451098,0.478306,0
张元济(1948),张元济,,author,0,8,3,7,0.005186,5,0.366586,0.383714,2709
张光华(1948),张光华,,author,0,2,4,4,0.007255,5,0.356842,0.372247,1.15338
张卖君(1948),张卖君,,author,0,3,5,6,0.014135,5,0.393957,0.414602,0
张啸虎(1948),张啸虎,,author,0,2,5,6,0.014528,5,0.368178,0.386418,0
张国昌(1948),张国昌,,author,0,4,114,146,0.303877,4,0.48034,0.515118,140.573456
张坚(1948),张坚,,author,0,2,0,0,0,0,0,0,0
张培刚(1948),张培刚,,author,0,5,25,33,0.047841,4,0.413667,0.438606,18.109461
张大军(1948),张大军,,author,0,2,2,2,0.00041,6,0.293824,0.30263,0
张大庸(1948),张大庸,,author,0,3,2,2,0.000302,6,0.290551,0.299127,1.939283
张子龄(1948),张子龄,,author,0,6,71,120,0.123883,4,0.465499,0.493486,190.501243
张孟闻(1948),张孟闻,,author,0,5,10,10,0.015838,5,0.389879,0.41159,6.338355
张孤(1948),张孤,,author,0,3,6,7,0.01104,5,0.378877,0.398464,4.275632
张寰(1948),张寰,,author,0,3,31,58,0.062969,5,0.410785,0.437586,3.711356
张山川(1948),张山川,,author,0,5,20,25,0.035985,4,0.413667,0.43707,48.873866
张帆(1948),张帆,,author,0,2,6,8,0.001082,5,0.318909,0.329671,17.900039
张平(1948),张平,,author,0,1,1,1,0.001943,5,0.334237,0.344936,0
张弢(1948),张弢,,author,0,3,78,191,0.141172,4,0.467103,0.496251,164.713633
张弦(1948),张弦,,author,0,3,26,34,0.038593,5,0.434755,0.457928,0
张振鵾(1948),张振鵾,,author,0,2,36,48,0.043469,5,0.433088,0.458911,9.350025
张授(1948),张授,,author,0,4,12,17,0.014055,5,0.391003,0.412537,513.276026
张敏(1948),张敏,,author,0,14,119,172,0.17364,5,0.482391,0.517908,2316.383841
张明琴(1948),张明琴,,author,0,2,36,50,0.056325,5,0.436153,0.461492,4.389984
张曼筠(1948),张曼筠,,author,0,2,0,0,0,0,0,0,0
张曼西(1948),张曼西,,author,0,3,19,20,0.025298,4,0.404535,0.427729,0
张源(1948),张源,,author,0,2,2,2,0.000476,5,0.301066,0.310767,5.320996
张炯伯(1948),张炯伯,,author,0,4,122,197,0.31159,4,0.479491,0.516409,189.629219
张献祖(1948),张献祖,,author,0,2,4,4,0.003972,5,0.345302,0.35869,0
张申府(1948),张申府,,author,0,2,35,47,0.073082,5,0.449602,0.472124,112.974315
张知一(1948),张知一,,author,0,4,5,5,0.006036,5,0.35873,0.374963,0
张老西(1948),张老西,,author,0,1,0,0,0,0,0,0,0
张誉闻(1948),张誉闻,,author,0,4,125,181,0.333826,4,0.489177,0.523906,154.125079
张谦(1948),张谦,,author,0,8,36,50,0.065915,4,0.411533,0.439098,399.079357
张达僧(1948),张达僧,,author,0,1,0,0,0,0,0,0,0
张霞飞(1948),张霞飞,,author,0,18,115,215,0.213984,5,0.482906,0.517171,3591.28142
张青萍(1948),张青萍,,author,0,2,17,19,0.024818,4,0.42776,0.449422,0
张静野(1948),张静野,,author,0,1,0,0,0,0,0,0,0
张高志(1948),张高志,,author,0,2,8,9,0.009732,5,0.372016,0.391003,0
张麟书(1948),张麟书,,author,0,6,141,293,0.348901,4,0.488649,0.527348,373.468645
强华(1948),强华,,author,0,3,17,26,0.013346,5,0.369181,0.389774,2.246729
彭兰生(1948),彭兰生,,author,0,7,20,47,0.048022,5,0.438977,0.459894,38.575695
彭庆修(1948),彭庆修,,author,0,5,24,33,0.035389,4,0.409297,0.43369,84.451167
徐博陵(1948),徐博陵,,author,0,6,124,172,0.352545,4,0.485326,0.520956,127.795053
徐卿(1948),徐卿,,author,0,3,12,16,0.004013,5,0.349755,0.36561,111.054618
徐学纯(1948),徐学纯,,author,0,3,50,91,0.07841,5,0.44723,0.47409,93.268825
徐家齐(1948),徐家齐,,author,0,5,10,12,0.022504,4,0.42375,0.444076,16.676222
徐平(1948),徐平,,author,0,2,57,96,0.094877,4,0.453663,0.480703,82.236717
徐悲鸿(1948),徐悲鸿,,author,0,3,2,6,0.00087,5,0.316453,0.324619,1355
徐成良(1948),徐成良,,author,0,10,52,78,0.069497,4,0.45749,0.482608,305.451158
徐晴(1948),徐晴,,author,0,6,74,99,0.129362,4,0.473629,0.500246,593.221671
徐毓枏(1948),徐毓枏,,author,0,16,211,359,0.498072,4,0.515002,0.561947,1546.134706
徐炎(1948),徐炎,,author,0,3,0,0,0,0,0,0,0
徐盈(1948),徐盈,,author,0,5,49,77,0.125807,5,0.459194,0.483186,21.557152
徐纫秋(1948),徐纫秋,,author,0,2,1,1,0.00328,5,0.341906,0.355334,0
徐良弼(1948),徐良弼,,author,0,2,4,4,0.005855,4,0.365893,0.382866,0
徐道邻(1948),徐道邻,,author,0,4,32,108,0.055283,4,0.422298,0.448439,282.339441
微甫(1948),微甫,,author,0,2,45,62,0.113168,4,0.456258,0.479781,0
微知(1948),微知,,author,0,7,61,92,0.132405,5,0.457953,0.485337,174.465515
心一(1948),心一,,author,0,2,9,9,0.013422,5,0.382187,0.402864,15.374512
必章(1948),必章,,author,0,2,1,1,0.003275,5,0.342079,0.355064,0
志家(1948),志家,,author,0,3,4,4,0.000678,5,0.307972,0.317244,0
志齐(1948),志齐,,author,0,2,1,1,0.000831,5,0.320113,0.328564,0
念福(1948),念福,,author,0,5,23,34,0.035218,5,0.388873,0.413311,8.066545
怀冰(1948),怀冰,,author,0,5,49,89,0.125902,5,0.454728,0.479744,23.241193
怀沙(1948),怀沙,,author,0,2,0,0,0,0,0,0,0
怀芷(1948),怀芷,,author,0,1,2,2,0.006048,5,0.364614,0.381379,0
怀蓝(1948),怀蓝,,author,0,4,15,16,0.029859,5,0.414046,0.436357,1.630011
思慕(1948),思慕,,author,0,5,0,0,0,0,0,0,0
思蓝(1948),思蓝,,author,0,2,2,2,0.003391,5,0.358446,0.373537,0
惠君(1948),惠君,,author,0,3,81,118,0.162602,4,0.468232,0.497849,335.248523
慧君(1948),慧君,,author,0,4,4,4,0.0015,5,0.323473,0.333481,0
憬之(1948),憬之,,author,0,7,36,45,0.072227,4,0.441406,0.465892,184.186209
戈龄(1948),戈龄,,author,0,2,5,8,0.001237,5,0.321479,0.331268,0
戴明(1948),戴明,,author,0,2,4,4,0.003739,5,0.339764,0.352507,0
戴镏龄(1948),戴镏龄,,author,0,1,0,0,0,0,0,0,0
扬弃(1948),扬弃,,author,0,2,22,28,0.024723,5,0.419814,0.443301,78.808885
拂晓(1948),拂晓,,author,0,3,22,64,0.036497,4,0.440976,0.461775,17.354172
拉斯基(1948),拉斯基,,author,0,11,156,300,0.36522,4,0.496703,0.53632,1847.851232
拉铁摩尔(1948),拉铁摩尔,,author,0,3,120,164,0.346736,4,0.48637,0.520526,101.433704
振声(1948),振声,,author,0,4,14,14,0.02895,5,0.422298,0.4441,12.782348
摩尼(1948),摩尼,,author,0,2,4,4,0.003739,5,0.339764,0.352507,0
敦一(1948),敦一,,author,0,6,36,124,0.061735,4,0.41826,0.445612,58.790315
文其昌(1948),文其昌,,author,0,9,50,155,0.083948,4,0.453512,0.479044,683.033951
文抄公(1948),文抄公,,author,0,4,109,146,0.323046,4,0.48017,0.513582,96.711419
文杏(1948),文杏,,author,0,2,55,94,0.094062,4,0.451098,0.478306,0
文津生(1948),文津生,,author,0,4,11,15,0.01228,5,0.387539,0.409255,105.831436
文海晏(1948),文海晏,,author,0,4,57,99,0.146604,4,0.453663,0.480765,0
文骊(1948),文骊,,author,0,4,153,246,0.411842,4,0.49634,0.535398,2021.551457
斯特罗加脑夫(1948),斯特罗加脑夫,,author,0,2,4,6,0.004053,5,0.34425,0.357092,0
方一陵(1948),方一陵,,author,0,21,157,306,0.320685,4,0.5,0.538778,1585.60387
方东旭(1948),方东旭,,author,0,28,229,366,0.531558,4,0.516178,0.566986,3739.145291
方亮(1948),方亮,,author,0,6,12,27,0.016891,5,0.418519,0.440106,36.161646
方兴严(1948),方兴严,,author,0,3,64,93,0.097051,4,0.454881,0.483469,431.362236
方志祥(1948),方志祥,,author,0,5,7,16,0.013213,5,0.376981,0.396989,451.011364
方旦(1948),方旦,,author,0,4,12,13,0.021063,5,0.400473,0.422923,13.280661
方朗(1948),方朗,,author,0,3,4,4,0.000399,6,0.300399,0.309009,30.03215
方瑛(1948),方瑛,,author,0,4,2,2,0.002207,5,0.330974,0.341593,0
方秋苇(1948),方秋苇,,author,0,7,32,41,0.045833,5,0.440117,0.464073,318.521193
方芳(1948),方芳,,author,0,8,38,60,0.081088,4,0.454119,0.476401,67.451853
方菶(1948),方菶,,author,0,8,119,161,0.329726,4,0.482562,0.517761,2003.544973
方金(1948),方金,,author,0,2,1,1,0.000213,6,0.283267,0.29131,0
方钧(1948),方钧,,author,0,2,3,3,0.008176,5,0.377716,0.396128,0
旋锋(1948),旋锋,,author,0,3,16,25,0.013072,5,0.386105,0.408604,45.733384
无声(1948),无声,,author,0,2,20,25,0.039884,4,0.418389,0.441433,0
无患子(1948),无患子,,author,0,3,0,0,0,0,0,0,0
明义(1948),明义,,author,0,2,10,10,0.034746,5,0.427221,0.447112,0
明光(1948),明光,,author,0,2,18,24,0.017681,5,0.41659,0.439184,6.068519
春生(1948),春生,,author,0,5,116,243,0.234811,4,0.473629,0.510509,600.346809
昨非(1948),昨非,,author,0,2,4,4,0.002492,5,0.336059,0.347665,0
昶明(1948),昶明,,author,0,1,0,0,0,0,0,0,0
晏公侠(1948),晏公侠,,author,0,7,122,175,0.341744,4,0.485152,0.52028,166.055662
晏生(1948),晏生,,author,0,3,16,25,0.013486,5,0.387983,0.410447,4.992794
晓瞻(1948),晓瞻,,author,0,7,91,180,0.210004,4,0.476124,0.506084,156.676958
智明(1948),智明,,author,0,3,0,0,0,0,0,0,0
曹孟白(1948),曹孟白,,author,0,6,82,156,0.187333,4,0.47067,0.499816,494.34192
曹文羣(1948),曹文羣,,author,0,5,31,68,0.064277,5,0.411533,0.438139,1.663987
曹立名(1948),曹立名,,author,0,2,13,14,0.027087,5,0.406719,0.429412,0
曹觉民(1948),曹觉民,,author,0,1,0,0,0,0,0,0,0
曾乾(1948),曾乾,,author,0,3,46,75,0.066573,5,0.444299,0.470895,74.208321
曾国屏(1948),曾国屏,,author,0,10,144,272,0.342537,4,0.49471,0.53208,488.376944
曾审思(1948),曾审思,,author,0,1,3,3,0.005597,5,0.354695,0.37028,0
曾忆萍(1948),曾忆萍,,author,0,5,40,48,0.068959,4,0.444008,0.468842,353.238935
曾抡昭(1948),曾抡昭,,author,0,1,0,0,0,0,0,0,0
曾明理(1948),曾明理,,author,0,2,60,128,0.149923,5,0.442992,0.472984,45.137581
曾玺发(1948),曾玺发,,author,0,1,0,0,0,0,0,0,0
曾镜澄(1948),曾镜澄,,author,0,6,141,337,0.352187,4,0.491482,0.52913,193.635859
望月(1948),望月,,author,0,21,242,466,0.492766,4,0.521739,0.573562,2944.485423
木人(1948),木人,,author,0,2,12,20,0.028544,5,0.426952,0.447603,14.262135
木艮(1948),木艮,,author,0,3,12,13,0.010713,5,0.377926,0.398857,2821.406498
朱今吾(1948),朱今吾,,author,0,2,34,87,0.068989,5,0.421249,0.447911,1.680928
朱仲琴(1948),朱仲琴,,author,0,9,10,14,0.003863,5,0.349125,0.364319,0
朱光潜(1948),朱光潜,,author,0,1,5,5,0.005336,5,0.349845,0.364909,0
朱均衡(1948),朱均衡,,author,0,5,16,25,0.014195,5,0.386986,0.409587,7.844425
朱守一(1948),朱守一,,author,0,3,6,6,0.013955,5,0.384136,0.404486,10.199302
朱性谦(1948),朱性谦,,author,0,4,67,108,0.143421,4,0.472309,0.497296,145.417435
朱托天(1948),朱托天,,author,0,2,0,0,0,0,0,0,0
朱柏(1948),朱柏,,author,0,3,22,72,0.015704,5,0.391116,0.415241,52.595148
朱正六(1948),朱正六,,author,0,2,0,0,0,0,0,0,0
朱绛(1948),朱绛,,author,0,1,11,11,0.017041,5,0.382403,0.403995,0
李一民(1948),李一民,,author,0,1,0,0,0,0,0,0,0
李中严(1948),李中严,,author,0,4,45,51,0.099425,4,0.445613,0.471423,321.605243
李之显(1948),李之显,,author,0,3,4,4,0.013906,5,0.418131,0.437709,1355
李如凝(1948),李如凝,,author,0,3,20,22,0.014675,4,0.380471,0.402962,41.566131
李子静(1948),李子静,,author,0,4,13,16,0.014429,5,0.393157,0.415401,44.537161
李孝友(1948),李孝友,,author,0,4,35,47,0.078169,5,0.440976,0.465302,39.336997
李平明(1948),李平明,,author,0,2,2,2,0.001064,5,0.32386,0.333051,0
李惠林(1948),李惠林,,author,0,6,0,0,0,0,0,0,0
李承晚(1948),李承晚,,author,0,5,90,126,0.190284,4,0.478814,0.50762,231.317509
李振华(1948),李振华,,author,0,6,59,88,0.063474,5,0.425479,0.457743,654.993071
李文宜(1948),李文宜,,author,0,2,0,0,0,0,0,0,0
李日中(1948),李日中,,author,0,4,3,3,0.001209,5,0.31816,0.328024,1429.334604
李有义(1948),李有义,,author,0,4,4,4,0.008877,5,0.376249,0.395022,0
李正文(1948),李正文,,author,0,9,221,455,0.43815,4,0.509966,0.561455,2945.452464
李正椿(1948),李正椿,,author,0,6,8,8,0.017204,5,0.378137,0.398218,6.810295
李汉(1948),李汉,,author,0,5,8,9,0.010546,5,0.371711,0.390806,233.60749
李洛(1948),李洛,,author,0,5,23,37,0.045395,4,0.441694,0.46282,33.011394
李津彪(1948),李津彪,,author,0,6,18,22,0.01921,5,0.420335,0.443265,1423.586327
李浩然(1948),李浩然,,author,0,5,13,16,0.01886,5,0.402016,0.424152,168.680057
李烨(1948),李烨,,author,0,3,8,10,0.006664,5,0.367181,0.385251,22.109673
李琪(1948),李琪,,author,0,7,110,200,0.170204,4,0.478476,0.512353,747.874253
李瑛(1948),李瑛,,author,0,3,2,3,0.005902,5,0.363636,0.380519,0
李立岩(1948),李立岩,,author,0,5,71,121,0.114009,5,0.442414,0.475197,359.872598
李筠友(1948),李筠友,,author,0,8,155,277,0.35421,4,0.492912,0.533677,1597.767471
李素娥(1948),李素娥,,author,0,4,38,48,0.064402,5,0.449751,0.473353,58.792549
李继耳(1948),李继耳,,author,0,2,2,2,0.002765,5,0.334567,0.345293,0
李翰如(1948),李翰如,,author,0,5,106,143,0.285824,4,0.476291,0.51014,357.371668
李蕤(1948),李蕤,,author,0,1,0,0,0,0,0,0,0
李铮(1948),李铮,,author,0,4,15,20,0.016985,5,0.425078,0.446706,362.391432
李长之(1948),李长之,,author,0,11,83,116,0.118528,4,0.47067,0.5,3353.798261
李青(1948),李青,,author,0,3,0,0,0,0,0,0,0
李顺荣(1948),李顺荣,,author,0,6,141,337,0.352187,4,0.491482,0.52913,193.635859
村渔(1948),村渔,,author,0,4,20,24,0.039884,4,0.418389,0.441433,0
杜守素(1948),杜守素,,author,0,2,38,63,0.048666,5,0.412911,0.44115,0
杜审言(1948),杜审言,,author,0,1,7,8,0.020006,5,0.416462,0.43691,0
杜明(1948),杜明,,author,0,3,32,40,0.077865,4,0.433227,0.457842,124.607855
杜林(1948),杜林,,author,0,7,65,103,0.084657,4,0.455952,0.484452,700.530681
杨丑(1948),杨丑,,author,0,10,65,114,0.105554,4,0.459505,0.487402,313.468911
杨伯恺(1948),杨伯恺,,author,0,5,137,296,0.342573,4,0.487244,0.525442,173.747827
杨刚(1948),杨刚,,author,0,3,21,23,0.047578,4,0.443427,0.463496,23.240315
杨华(1948),杨华,,author,0,3,11,14,0.00528,5,0.365007,0.383739,0
杨可扬(1948),杨可扬,,author,0,1,7,8,0.021715,5,0.417874,0.437832,0
杨同芳(1948),杨同芳,,author,0,2,6,7,0.002973,5,0.337313,0.349164,8.004885
杨奇(1948),杨奇,,author,0,4,4,4,0.004458,5,0.350659,0.366003,2.380422
杨子涵(1948),杨子涵,,author,0,5,27,33,0.035,5,0.433781,0.457313,234.452947
杨导之(1948),杨导之,,author,0,4,30,50,0.050339,4,0.424945,0.450098,299.647314
杨微辑(1948),杨微辑,,author,0,4,15,22,0.034257,5,0.427356,0.448771,35.367206
杨思愼(1948),杨思愼,,author,0,3,19,20,0.025298,4,0.404535,0.427729,0
杨承懋(1948),杨承懋,,author,0,2,3,5,0.000281,6,0.277926,0.286738,0
杨振声(1948),杨振声,,author,0,7,93,373,0.198332,4,0.475956,0.506576,100.682523
杨文华(1948),杨文华,,author,0,4,18,86,0.018674,4,0.398824,0.422075,24.661848
杨易(1948),杨易,,author,0,2,7,14,0.002443,5,0.330329,0.341667,348.667013
杨星森(1948),杨星森,,author,0,6,19,21,0.029423,4,0.429794,0.451635,7.099271
杨晦(1948),杨晦,,author,0,6,179,292,0.37288,4,0.502408,0.545907,1498.406788
杨泽中(1948),杨泽中,,author,0,7,184,326,0.453718,4,0.506726,0.549902,1487.301919
杨玉卿(1948),杨玉卿,,author,0,3,8,13,0.004598,5,0.34539,0.360632,14.897782
杨生茂(1948),杨生茂,,author,0,3,47,71,0.108331,4,0.460129,0.4831,66.367049
杨白俊(1948),杨白俊,,author,0,10,51,100,0.066736,4,0.449155,0.475602,253.595242
杨繁(1948),杨繁,,author,0,3,101,139,0.272317,4,0.473133,0.506699,92.631275
杨绍舜(1948),杨绍舜,,author,0,1,0,0,0,0,0,0,0
杨绛(1948),杨绛,,author,0,2,3,4,0.001167,5,0.32209,0.330248,0
杨群(1948),杨群,,author,0,4,34,48,0.077847,4,0.451548,0.473144,13.060553
杨苍(1948),杨苍,,author,0,3,59,98,0.094957,4,0.452452,0.480334,789.519155
杨间墨(1948),杨间墨,,author,0,1,20,25,0.056555,5,0.426818,0.44957,0
杨高(1948),杨高,,author,0,2,74,102,0.15393,4,0.457953,0.488385,0
杭引(1948),杭引,,author,0,3,58,97,0.098117,4,0.456719,0.483407,281.063727
林之东(1948),林之东,,author,0,2,17,23,0.017335,5,0.415314,0.437893,0
林其仁(1948),林其仁,,author,0,6,22,24,0.03996,5,0.425746,0.449263,1383.902507
林其民(1948),林其民,,author,0,12,48,81,0.095187,5,0.446787,0.473845,597.818411
林冲(1948),林冲,,author,0,1,5,5,0.007553,5,0.358446,0.374889,0
林图复(1948),林图复,,author,0,3,5,5,0.003077,5,0.34139,0.353995,8.475839
林布(1948),林布,,author,0,4,107,196,0.226501,4,0.481022,0.513582,342.383654
林庚(1948),林庚,,author,0,2,74,200,0.15393,4,0.457953,0.488385,0
林建勳(1948),林建勳,,author,0,3,46,64,0.070476,4,0.449602,0.475049,265.540847
林明(1948),林明,,author,0,4,20,30,0.027621,4,0.389767,0.413471,0
林木(1948),林木,,author,0,5,4,5,0.00108,5,0.323937,0.333026,10.101708
林植夫(1948),林植夫,,author,0,2,1,1,0.000076,6,0.223762,0.228343,0
林璜(1948),林璜,,author,0,6,63,106,0.101023,4,0.454728,0.483223,317.15343
林百荣(1948),林百荣,,author,0,6,89,165,0.13055,4,0.467586,0.499385,310.746006
林笙(1948),林笙,,author,0,4,1,1,0.001324,5,0.319585,0.329314,0
林耀华(1948),林耀华,,author,0,3,18,27,0.021851,5,0.376562,0.398587,10.195521
林血(1948),林血,,author,0,5,4,8,0.00816,5,0.378032,0.397357,0.421995
林达(1948),林达,,author,0,7,40,51,0.084354,5,0.449007,0.473046,405.377984
林达懋(1948),林达懋,,author,0,4,3,3,0.005598,5,0.360351,0.3772,0.409745
林达薇(1948),林达薇,,author,0,5,10,10,0.009917,5,0.373966,0.394223,450.939429
柏万(1948),柏万,,author,0,7,13,30,0.039263,5,0.411658,0.433469,1.677968
柏戈(1948),柏戈,,author,0,3,3,3,0.006172,5,0.376144,0.394776,1.823845
查化(1948),查化,,author,0,4,74,200,0.092192,5,0.456105,0.487119,644.183302
柳京(1948),柳京,,author,0,7,36,62,0.04896,5,0.442126,0.466654,645.011514
柳逢仙(1948),柳逢仙,,author,0,5,32,40,0.055391,4,0.451699,0.47296,155.576109
柴汉诗(1948),柴汉诗,,author,0,5,33,48,0.046763,4,0.431847,0.456858,171.302631
梁士(1948),梁士,,author,0,1,0,0,0,0,0,0,0
梁子奇(1948),梁子奇,,author,0,3,10,12,0.01108,5,0.369382,0.388631,52.005703
梁崇辅(1948),梁崇辅,,author,0,4,7,10,0.008993,5,0.371711,0.390622,18.452416
梁文元(1948),梁文元,,author,0,2,4,4,0.000678,5,0.307972,0.317244,0
梁梦觉(1948),梁梦觉,,author,0,15,136,264,0.306329,4,0.496521,0.531342,2516.148883
梅碧华(1948),梅碧华,,author,0,2,123,164,0.340156,4,0.485152,0.520588,264.540573
梅邨(1948),梅邨,,author,0,3,15,26,0.036057,5,0.431161,0.452028,11.174065
梓晃(1948),梓晃,,author,0,4,35,44,0.078277,5,0.445174,0.468621,3.201431
楼__彦(1948),楼__彦,,author,0,2,1,1,0.004577,5,0.357218,0.372861,0
楼邦彦等(1948),楼邦彦等,,author,0,1,9,9,0.023676,5,0.394301,0.415647,0
樊际昌(1948),樊际昌,,author,0,1,5,5,0.005336,5,0.349845,0.364909,0
欧阳健(1948),欧阳健,,author,0,3,3,4,0.00413,5,0.346981,0.360202,0.129555
欧阳思漫(1948),欧阳思漫,,author,0,2,7,7,0.010196,5,0.37263,0.391458,4.361292
正翁(1948),正翁,,author,0,8,49,64,0.089124,4,0.431435,0.4603,423.96595
殷僕(1948),殷僕,,author,0,2,1,1,0.000157,6,0.293761,0.301512,0
毋己(1948),毋己,,author,0,4,10,14,0.003743,5,0.345302,0.36057,219.773737
民声(1948),民声,,author,0,1,3,3,0.011961,5,0.410536,0.430543,0
水嘉明(1948),水嘉明,,author,0,8,103,222,0.211839,4,0.47983,0.511861,286.224768
江仁弘(1948),江仁弘,,author,0,5,24,32,0.015778,5,0.396723,0.421239,150.990977
江南燕(1948),江南燕,,author,0,1,4,4,0.000563,6,0.296978,0.30719,0
江天(1948),江天,,author,0,2,0,0,0,0,0,0,0
江汉(1948),江汉,,author,0,4,23,35,0.042398,4,0.440976,0.462021,71.995439
江问渔(1948),江问渔,,author,0,1,0,0,0,0,0,0,0
汤克友(1948),汤克友,,author,0,3,2,2,0.000285,6,0.286741,0.295243,1.300332
汤德明(1948),汤德明,,author,0,8,210,383,0.549034,4,0.509966,0.558382,1116.131171
汪元亮(1948),汪元亮,,author,0,5,71,98,0.146436,4,0.469692,0.496436,468.948282
汪可珍(1948),汪可珍,,author,0,1,0,0,0,0,0,0,0
汪家厚(1948),汪家厚,,author,0,3,93,109,0.265123,4,0.470997,0.503134,0
汪曾祺(1948),汪曾祺,,author,0,3,0,0,0,0,0,0,0
汪瑄(1948),汪瑄,,author,0,4,127,262,0.324799,4,0.484805,0.521264,111.338227
汪铭(1948),汪铭,,author,0,5,0,0,0,0,0,0,0
汪铭德(1948),汪铭德,,author,0,21,62,101,0.073869,4,0.451699,0.480396,614.912811
沈从文(1948),沈从文,,author,0,2,2,2,0.003579,5,0.343465,0.356441,0
沈依新(1948),沈依新,,author,0,6,32,45,0.036497,5,0.432536,0.457522,221.431884
沈宗澂(1948),沈宗澂,,author,0,2,3,3,0.005982,5,0.376144,0.39453,0
沈新民(1948),沈新民,,author,0,1,0,0,0,0,0,0,0
沈珏(1948),沈珏,,author,0,3,9,21,0.006227,5,0.365794,0.384882,122.79075
沈直重(1948),沈直重,,author,0,2,3,3,0.006485,5,0.349755,0.364344,0
沈立钧(1948),沈立钧,,author,0,2,126,243,0.321121,4,0.484979,0.521079,141.44321
沈蔼春(1948),沈蔼春,,author,0,2,0,0,0,0,0,0,0
沈钧儒(1948),沈钧儒,,author,0,5,20,29,0.044154,5,0.434059,0.455838,54.309123
沈音(1948),沈音,,author,0,4,11,12,0.005516,5,0.359205,0.376794,1646.721262
沙平(1948),沙平,,author,0,1,0,0,0,0,0,0,0
沙行(1948),沙行,,author,0,4,13,16,0.023676,5,0.419295,0.441175,0
沙鸥(1948),沙鸥,,author,0,5,20,22,0.044994,4,0.442126,0.462021,25.198321
沛雨(1948),沛雨,,author,0,9,4,10,0.003015,5,0.341046,0.354081,1355.7708
沱水(1948),沱水,,author,0,2,15,18,0.015766,4,0.394186,0.416667,0
法珠(1948),法珠,,author,0,2,23,25,0.032908,5,0.425345,0.449164,1418.800494
洁流(1948),洁流,,author,0,4,113,154,0.327207,4,0.484805,0.517638,226.777759
洛林(1948),洛林,,author,0,4,48,75,0.063493,4,0.448709,0.474619,203.6506
洪步蟾(1948),洪步蟾,,author,0,2,2,2,0.001457,5,0.326197,0.336664,0
洪涛(1948),洪涛,,author,0,8,48,77,0.07089,4,0.457027,0.481379,1505.707799
洪荒(1948),洪荒,,author,0,7,5,5,0.002493,5,0.341648,0.354031,14.078007
流涛(1948),流涛,,author,0,2,8,8,0.006557,5,0.359396,0.376561,11.151536
流金(1948),流金,,author,0,2,15,28,0.032708,5,0.404414,0.427139,0
浦文斌(1948),浦文斌,,author,0,10,36,63,0.073248,5,0.452,0.474459,167.985623
浦熙修(1948),浦熙修,,author,0,9,23,25,0.052736,4,0.430476,0.453417,112.845281
浩然(1948),浩然,,author,0,8,66,98,0.143653,4,0.467103,0.49324,541.402884
涤森(1948),涤森,,author,0,9,91,156,0.162023,4,0.469529,0.501536,443.281089
涤源(1948),涤源,,author,0,3,17,20,0.019485,5,0.384572,0.40719,11.677759
淘粪(1948),淘粪,,author,0,2,2,2,0.001874,5,0.327378,0.337807,0
清园(1948),清园,,author,0,2,37,51,0.056455,5,0.436715,0.46223,14.496839
渐离(1948),渐离,,author,0,5,75,228,0.154017,4,0.458108,0.488754,317.908335
渔父(1948),渔父,,author,0,3,93,110,0.265123,4,0.470997,0.503134,0
游国恩(1948),游国恩,,author,0,2,74,200,0.15393,4,0.457953,0.488385,0
滕茂桐(1948),滕茂桐,,author,0,16,208,372,0.48487,4,0.511505,0.558813,3025.123219
潘光祖(1948),潘光祖,,author,0,3,14,17,0.023005,4,0.42243,0.443707,137.488096
潘公昭(1948),潘公昭,,author,0,2,16,19,0.04013,4,0.441406,0.460914,39.230431
潘子平(1948),潘子平,,author,0,10,28,38,0.046451,4,0.429658,0.453663,234.926722
潘静(1948),潘静,,author,0,10,63,100,0.066709,4,0.451548,0.480826,2845.720527
潜乾(1948),潜乾,,author,0,6,16,19,0.030627,5,0.395335,0.418682,884.040773
炳若(1948),炳若,,author,0,3,10,10,0.020632,5,0.405502,0.427262,0
熊光(1948),熊光,,author,0,2,11,11,0.022306,5,0.417874,0.439122,0
爽任(1948),爽任,,author,0,2,26,66,0.038593,5,0.434755,0.457928,0
牟赞平(1948),牟赞平,,author,0,4,22,28,0.018605,5,0.416462,0.440229,962.313324
牧野(1948),牧野,,author,0,1,0,0,0,0,0,0,0
狄超白(1948),狄超白,,author,0,6,188,299,0.49604,4,0.505404,0.550147,415.11555
狄雯(1948),狄雯,,author,0,4,3,3,0.005939,5,0.328727,0.339049,0
王之轩(1948),王之轩,,author,0,6,12,27,0.016891,5,0.418519,0.440106,36.161646
王了一(1948),王了一,,author,0,2,4,7,0.004381,5,0.34796,0.362291,0
王介之(1948),王介之,,author,0,2,7,7,0.010386,5,0.385118,0.405863,26.988311
王任重(1948),王任重,,author,0,8,136,227,0.363059,4,0.487244,0.525258,317.588896
王传纶(1948),王传纶,,author,0,2,6,12,0.012827,5,0.36908,0.387463,10.083263
王兆和(1948),王兆和,,author,0,12,32,36,0.027011,5,0.420465,0.446743,1861.036692
王冀民(1948),王冀民,,author,0,7,19,29,0.053523,4,0.415568,0.43836,3.259046
王大衞(1948),王大衞,,author,0,3,3,5,0.00528,5,0.365499,0.382891,0
王奇文(1948),王奇文,,author,0,3,105,212,0.279773,4,0.475789,0.509341,74.974694
王希和(1948),王希和,,author,0,6,153,329,0.400468,4,0.493809,0.5338,236.487881
王怡白(1948),王怡白,,author,0,2,3,3,0.003962,5,0.354788,0.370379,21.577628
王成组(1948),王成组,,author,0,9,60,97,0.119147,4,0.46518,0.490352,233.634289
王扬(1948),王扬,,author,0,7,91,182,0.208374,4,0.475289,0.50547,158.901941
王毅芬(1948),王毅芬,,author,0,2,1,1,0.005054,5,0.36619,0.382731,0
王渡之(1948),王渡之,,author,0,3,11,14,0.022002,5,0.399646,0.421694,1207.123103
王琦(1948),王琦,,author,0,6,9,9,0.019992,5,0.41066,0.431957,5.851522
王瑶(1948),王瑶,,author,0,4,74,116,0.15393,4,0.457953,0.488385,0
王璧岑(1948),王璧岑,,author,0,4,4,4,0.012467,5,0.410785,0.430887,0.041667
王由(1948),王由,,author,0,7,25,29,0.051753,4,0.439119,0.460976,145.496423
王缅(1948),王缅,,author,0,3,37,55,0.048167,4,0.425212,0.452188,67.683857
王艮仲(1948),王艮仲,,author,0,3,41,56,0.051399,5,0.437137,0.463582,35.255451
王金铭(1948),王金铭,,author,0,6,12,27,0.016891,5,0.418519,0.440106,36.161646
珍·戴林波(1948),珍·戴林波,,author,0,2,1,1,0.006443,5,0.402255,0.421878,0
甬民(1948),甬民,,author,0,6,47,65,0.059301,4,0.445906,0.472038,750.130228
田夫之(1948),田夫之,,author,0,4,6,6,0.005383,5,0.360255,0.376893,0
田泉山(1948),田泉山,,author,0,2,2,2,0.004529,5,0.368178,0.385681,0
申庆璧(1948),申庆璧,,author,0,9,12,13,0.015757,5,0.390216,0.41159,118.194648
白凡(1948),白凡,,author,0,1,0,0,0,0,0,0,0
白华生(1948),白华生,,author,0,5,7,16,0.013213,5,0.376981,0.396989,451.011364
白坚石(1948),白坚石,,author,0,13,183,326,0.43484,4,0.502408,0.54689,1292.13889
白澄(1948),白澄,,author,0,3,10,12,0.017935,5,0.389543,0.410669,22.88508
白莽(1948),白莽,,author,0,9,44,60,0.09644,4,0.449155,0.474189,315.96058
白衣(1948),白衣,,author,0,4,25,52,0.054962,5,0.444736,0.465917,18.139471
皇甫玉(1948),皇甫玉,,author,0,1,35,49,0.054783,5,0.435873,0.461,0
益人(1948),益人,,author,0,1,0,0,0,0,0,0,0
盘新(1948),盘新,,author,0,4,10,14,0.014392,5,0.399293,0.420833,31.04806
瞿家杰(1948),瞿家杰,,author,0,5,50,67,0.094701,4,0.436293,0.464786,79.436863
瞿康祖(1948),瞿康祖,,author,0,3,17,18,0.014192,5,0.373554,0.394875,11.082062
知无涯斋(1948),知无涯斋,,author,0,3,0,0,0,0,0,0,0
石仲子(1948),石仲子,,author,0,37,324,698,0.650991,4,0.548322,0.609329,11122.727412
石啸冲(1948),石啸冲,,author,0,17,188,475,0.412516,4,0.50597,0.550393,2129.322137
石在(1948),石在,,author,0,17,62,80,0.099616,4,0.461853,0.488631,2158.238903
石坪(1948),石坪,,author,0,4,13,16,0.009143,5,0.360255,0.377999,7.144979
石子(1948),石子,,author,0,4,59,88,0.127238,5,0.459973,0.48632,887.706864
石童(1948),石童,,author,0,3,9,13,0.006975,5,0.365302,0.38439,26.327056
石龙(1948),石龙,,author,0,2,6,6,0.00734,5,0.359777,0.377102,4.453006
磊风(1948),磊风,,author,0,13,144,345,0.359776,4,0.496521,0.53337,2182.260076
礼凡(1948),礼凡,,author,0,3,7,22,0.017965,5,0.417359,0.437856,0
祖海(1948),祖海,,author,0,3,8,10,0.005513,5,0.357124,0.373353,14.961105
祝公健(1948),祝公健,,author,0,1,3,4,0.0099,5,0.408926,0.428859,0
祥敬(1948),祥敬,,author,0,4,25,29,0.028518,4,0.434615,0.45735,144.521811
离萍(1948),离萍,,author,0,4,17,19,0.032414,5,0.414046,0.43691,13.17887
禾夫(1948),禾夫,,author,0,1,0,0,0,0,0,0,0
秋明(1948),秋明,,author,0,5,13,15,0.016253,5,0.398121,0.420071,42.835854
秋枫(1948),秋枫,,author,0,4,16,81,0.02309,4,0.405624,0.42865,36.370939
秋蝉(1948),秋蝉,,author,0,4,24,29,0.049811,4,0.436856,0.458948,80.440729
秦柳方(1948),秦柳方,,author,0,8,182,245,0.422323,4,0.50484,0.548365,1421.226136
秦翰才(1948),秦翰才,,author,0,3,74,101,0.15393,4,0.457953,0.488385,0
程伫(1948),程伫,,author,0,4,12,14,0.020848,5,0.419036,0.440868,16.875318
程厚之(1948),程厚之,,author,0,4,124,166,0.336929,4,0.486894,0.52194,640.868789
程子汶(1948),程子汶,,author,0,3,21,23,0.037672,5,0.431161,0.453564,9.183414
程桯(1948),程桯,,author,0,3,124,172,0.352545,4,0.485326,0.520956,127.795053
程清英(1948),程清英,,author,0,3,7,7,0.017889,5,0.415951,0.436418,22.678844
程雨民(1948),程雨民,,author,0,2,2,4,0.000539,6,0.307413,0.31738,0
稼汉(1948),稼汉,,author,0,12,35,48,0.037325,5,0.420465,0.447505,2435.169541
穗人(1948),穗人,,author,0,4,11,12,0.00528,5,0.365007,0.383739,0
立心(1948),立心,,author,0,3,36,50,0.056688,5,0.436013,0.461369,2.440626
章之朗(1948),章之朗,,author,0,6,218,381,0.550053,4,0.5092,0.560042,2780.227964
章伯钧(1948),章伯钧,,author,0,12,62,77,0.144852,4,0.459973,0.48691,513.175351
章祖海(1948),章祖海,,author,0,3,17,21,0.017487,5,0.382943,0.405125,10.689657
章英(1948),章英,,author,0,3,6,8,0.000576,5,0.288143,0.297923,0
童乃器(1948),童乃器,,author,0,2,8,8,0.013875,5,0.413163,0.434206,1.99491
童继烈(1948),童继烈,,author,0,4,16,18,0.019315,5,0.383159,0.405592,0
竹风(1948),竹风,,author,0,3,16,18,0.010248,5,0.393843,0.41663,271.895236
筠友(1948),筠友,,author,0,13,193,343,0.470038,4,0.512085,0.555617,1924.056217
简贯三(1948),简贯三,,author,0,4,7,7,0.008364,5,0.366288,0.384206,3.950841
箫乾(1948),箫乾,,author,0,4,114,155,0.326241,4,0.483767,0.517392,257.562371
米谷(1948),米谷,,author,0,8,1,1,0.003435,5,0.347603,0.360853,0
粟寄沧(1948),粟寄沧,,author,0,11,65,295,0.128846,4,0.449751,0.479535,217.651477
粮商某君(1948),粮商某君,,author,0,3,3,4,0.003173,5,0.341906,0.353675,147.177229
素石(1948),素石,,author,0,2,4,4,0.005876,5,0.360351,0.376622,0
紫云(1948),紫云,,author,0,8,41,71,0.083877,5,0.435313,0.46223,74.884144
紫枫(1948),紫枫,,author,0,10,70,87,0.150944,5,0.458263,0.487795,204.978057
红花(1948),红花,,author,0,5,52,91,0.10967,5,0.452603,0.479314,93.394938
纪域(1948),纪域,,author,0,2,8,8,0.008619,5,0.378665,0.398341,33.604666
纪宏智(1948),纪宏智,,author,0,3,35,47,0.040927,5,0.432398,0.458051,0
纯刚(1948),纯刚,,author,0,4,38,56,0.071766,5,0.425479,0.453134,59.020922
纯青(1948),纯青,,author,0,1,5,5,0.013813,5,0.393271,0.414233,0
罗伦(1948),罗伦,,author,0,4,9,18,0.01599,5,0.396723,0.418412,6.355155
罗坚白(1948),罗坚白,,author,0,4,17,20,0.019485,5,0.384572,0.40719,11.677759
罗塔(1948),罗塔,,author,0,5,6,13,0.00549,5,0.349755,0.364872,0.820732
罗庆辉(1948),罗庆辉,,author,0,3,17,20,0.036803,5,0.416718,0.439368,21.506919
罗志如(1948),罗志如,,author,0,3,32,45,0.076269,5,0.437561,0.461799,26.598468
罗忠恕(1948),罗忠恕,,author,0,4,77,104,0.16012,4,0.459039,0.489983,186.963172
罗根(1948),罗根,,author,0,2,1,1,0.00186,5,0.334072,0.344088,0
罗琼英(1948),罗琼英,,author,0,3,12,13,0.023646,5,0.391342,0.413311,0
罗素(1948),罗素,,author,0,3,4,4,0.004905,5,0.347692,0.361308,0.540962
罗茵(1948),罗茵,,author,0,1,0,0,0,0,0,0,0
羊城彦(1948),羊城彦,,author,0,4,25,35,0.040288,4,0.405867,0.430863,56.481425
翁咏庆(1948),翁咏庆,,author,0,4,12,16,0.023646,5,0.391342,0.413311,0
翁碧鲜(1948),翁碧鲜,,author,0,3,1,1,0.004055,5,0.35166,0.365794,0
翰飞(1948),翰飞,,author,0,14,276,585,0.631058,4,0.532182,0.58825,3848.371555
老崇(1948),老崇,,author,0,2,0,0,0,0,0,0,0
聂犇(1948),聂犇,,author,0,4,14,15,0.029173,5,0.386105,0.408296,2.729496
胡一声(1948),胡一声,,author,0,6,41,55,0.069865,4,0.428165,0.455752,300.516148
胡友山(1948),胡友山,,author,0,3,108,146,0.320651,4,0.48,0.513213,622.600986
胡国安(1948),胡国安,,author,0,8,103,222,0.211839,4,0.47983,0.511861,286.224768
胡子婴(1948),胡子婴,,author,0,8,225,424,0.575312,4,0.512472,0.563852,1024.881307
胡家祜(1948),胡家祜,,author,0,2,1,1,0.006443,5,0.402255,0.421878,0
胡文山(1948),胡文山,,author,0,2,8,9,0.009732,5,0.372016,0.391003,0
胡杭生(1948),胡杭生,,author,0,1,0,0,0,0,0,0,0
胡林(1948),胡林,,author,0,5,20,35,0.028377,5,0.426415,0.449164,99.872314
胡爲柏(1948),胡爲柏,,author,0,4,15,16,0.020902,5,0.394415,0.417306,25.960482
胡私讲(1948),胡私讲,,author,0,7,20,47,0.048022,5,0.438977,0.459894,38.575695
胡笛(1948),胡笛,,author,0,2,34,51,0.043508,5,0.419295,0.44619,0
胡英民(1948),胡英民,,author,0,2,5,6,0.007812,5,0.405624,0.426241,0
胡麟(1948),胡麟,,author,0,3,11,13,0.021156,5,0.390104,0.411554,0
自莽(1948),自莽,,author,0,3,35,56,0.08196,5,0.453057,0.474951,50.15582
舒兴(1948),舒兴,,author,0,3,0,0,0,0,0,0,0
舒曼(1948),舒曼,,author,0,4,17,50,0.017465,5,0.395105,0.418375,26.358103
艾父(1948),艾父,,author,0,6,6,6,0.017524,5,0.419684,0.439798,18.709561
艾群(1948),艾群,,author,0,3,26,34,0.038593,5,0.434755,0.457928,0
艾芜(1948),艾芜,,author,0,1,3,7,0.004343,5,0.349394,0.36368,0
艾迟(1948),艾迟,,author,0,7,7,8,0.010168,5,0.376144,0.395391,560.44415
芮沐(1948),芮沐,,author,0,18,78,184,0.161738,4,0.469204,0.497849,707.232164
芴章(1948),芴章,,author,0,3,63,156,0.147053,4,0.4663,0.492072,109.494776
苏代(1948),苏代,,author,0,2,12,14,0.008665,5,0.385227,0.40649,0
苏岚(1948),苏岚,,author,0,4,23,25,0.020674,5,0.408065,0.432301,293.026725
苏新(1948),苏新,,author,0,7,21,30,0.051822,4,0.43295,0.454646,36.266143
苏汝江(1948),苏汝江,,author,0,4,42,54,0.093889,4,0.441406,0.467121,71.882337
苏洞国(1948),苏洞国,,author,0,2,2,2,0.002517,5,0.339,0.349902,0
苏翰笙(1948),苏翰笙,,author,0,5,134,274,0.325403,4,0.487945,0.524951,595.202703
苗伯骆(1948),苗伯骆,,author,0,6,23,32,0.038081,5,0.425879,0.449201,675.312353
若苏(1948),若苏,,author,0,1,3,3,0.008702,5,0.379407,0.3985,0
苪沐(1948),苪沐,,author,0,6,11,19,0.018166,4,0.399882,0.42146,12.714155
范刚(1948),范刚,,author,0,3,0,0,0,0,0,0,0
范士宏(1948),范士宏,,author,0,4,140,320,0.348939,4,0.489884,0.527778,183.020143
范成之(1948),范成之,,author,0,2,11,12,0.027943,5,0.392248,0.413926,0
范承祥(1948),范承祥,,author,0,14,222,447,0.538308,4,0.515982,0.565143,2130.963336
范樸斋(1948),范樸斋,,author,0,13,92,125,0.179884,4,0.473629,0.504609,1004.267954
范泉(1948),范泉,,author,0,1,0,0,0,0,0,0,0
茅盾(1948),茅盾,,author,0,4,30,36,0.062849,5,0.438835,0.462746,43.535329
茅行健(1948),茅行健,,author,0,4,26,36,0.031519,5,0.413415,0.438692,101.646445
荒漠(1948),荒漠,,author,0,3,37,51,0.061513,5,0.438268,0.463459,7.509166
药知非(1948),药知非,,author,0,1,2,2,0.006114,5,0.378032,0.396374,0
莎屏(1948),莎屏,,author,0,9,1,1,0.000195,6,0.296005,0.304031,0
莘薇(1948),莘薇,,author,0,5,15,18,0.039534,4,0.429522,0.450651,26.781008
莫如俭(1948),莫如俭,,author,0,6,168,278,0.431042,4,0.500554,0.541912,894.819241
萍天(1948),萍天,,author,0,3,75,116,0.154756,4,0.458418,0.489,14.799295
萍庵(1948),萍庵,,author,0,3,21,24,0.033651,5,0.428978,0.451868,14.154648
萧文(1948),萧文,,author,0,3,130,173,0.349439,4,0.485499,0.522554,929.094602
萧望卿(1948),萧望卿,,author,0,2,0,0,0,0,0,0,0
萧梅(1948),萧梅,,author,0,2,1,1,0.000379,6,0.294399,0.302704,0
萧般吉(1948),萧般吉,,author,0,2,3,4,0.008034,5,0.363441,0.380027,0
萧觉天(1948),萧觉天,,author,0,5,5,5,0.004682,5,0.359968,0.376979,8.608506
萧贤(1948),萧贤,,author,0,14,61,88,0.130582,4,0.45935,0.486234,396.256572
萧辉楷(1948),萧辉楷,,author,0,1,0,0,0,0,0,0,0
葛汉民(1948),葛汉民,,author,0,3,28,36,0.05508,5,0.442992,0.465302,61.283241
葛维其（Georges_Gurvitch）(1948),葛维其（Georges_Gurvitch）,,author,0,6,25,41,0.036524,4,0.419554,0.443768,19.453569
董冰如(1948),董冰如,,author,0,15,53,61,0.094164,4,0.459505,0.484513,655.681941
董时进(1948),董时进,,author,0,2,0,0,0,0,0,0,0
董每戡(1948),董每戡,,author,0,6,179,292,0.37288,4,0.502408,0.545907,1498.406788
葵尚思(1948),葵尚思,,author,0,3,58,98,0.097307,4,0.455492,0.482424,86.762509
蒋修苗(1948),蒋修苗,,author,0,5,13,19,0.029662,4,0.428843,0.449238,58.35026
蒋学模(1948),蒋学模,,author,0,2,24,31,0.05417,5,0.425479,0.449631,7.256528
蒋尚思(1948),蒋尚思,,author,0,2,107,136,0.290378,4,0.48,0.513151,112.486724
蒋平(1948),蒋平,,author,0,3,9,21,0.006227,5,0.365794,0.384882,122.79075
蒋无逆(1948),蒋无逆,,author,0,2,32,39,0.07579,4,0.443863,0.466814,1.976446
蒋某(1948),蒋某,,author,0,2,46,62,0.052942,5,0.442559,0.469235,188.458112
蒋源(1948),蒋源,,author,0,5,4,8,0.00816,5,0.378032,0.397357,0.421995
蒋笃才(1948),蒋笃才,,author,0,5,27,29,0.020953,4,0.395797,0.420969,201.479423
蒋阿英(1948),蒋阿英,,author,0,2,1,1,0.00023,6,0.298022,0.305826,0
蒙毅(1948),蒙毅,,author,0,4,57,90,0.076297,5,0.421511,0.453933,175.968206
蒿目(1948),蒿目,,author,0,8,15,21,0.011385,4,0.416079,0.437992,166.338921
蓝悒(1948),蓝悒,,author,0,3,19,20,0.009605,5,0.384572,0.407498,4174.019687
蓝蒲珍(1948),蓝蒲珍,,author,0,2,0,0,0,0,0,0,0
蔚如(1948),蔚如,,author,0,2,20,30,0.027621,4,0.389767,0.413471,0
蔡侯(1948),蔡侯,,author,0,10,98,144,0.180531,4,0.481022,0.511308,990.379713
蔡壬侯(1948),蔡壬侯,,author,0,2,0,0,0,0,0,0,0
蔡尚钰(1948),蔡尚钰,,author,0,1,11,11,0.017041,5,0.382403,0.403995,0
蕴谛(1948),蕴谛,,author,0,4,1,1,0.006443,5,0.402255,0.421878,0
薛愚(1948),薛愚,,author,0,1,0,0,0,0,0,0,0
薛汕(1948),薛汕,,author,0,6,5,9,0.005733,5,0.35873,0.374926,394.717579
蜀人(1948),蜀人,,author,0,3,81,118,0.162602,4,0.468232,0.497849,335.248523
衣锦(1948),衣锦,,author,0,6,158,318,0.389858,4,0.496703,0.536873,500.760539
补齐(1948),补齐,,author,0,3,1,6,0.000457,5,0.311868,0.319567,0
袁可嘉(1948),袁可嘉,,author,0,4,54,96,0.083802,5,0.452,0.479191,179.789725
袁国弼(1948),袁国弼,,author,0,4,34,44,0.07118,4,0.419425,0.445981,38.382865
袁方(1948),袁方,,author,0,10,146,289,0.372557,4,0.491482,0.530605,650.564302
袁昌英(1948),袁昌英,,author,0,2,0,0,0,0,0,0,0
袁非愚(1948),袁非愚,,author,0,3,6,10,0.014694,5,0.417231,0.437402,0
裘审行(1948),裘审行,,author,0,2,95,112,0.268082,4,0.471488,0.503995,230.985278
裘思(1948),裘思,,author,0,3,35,96,0.054783,5,0.435873,0.461,0
裘文静(1948),裘文静,,author,0,2,3,5,0.000281,6,0.277926,0.286738,0
褚光明(1948),褚光明,,author,0,14,72,165,0.111451,4,0.470997,0.49748,2624.311828
见仁(1948),见仁,,author,0,4,37,133,0.070723,4,0.443863,0.468105,24.833421
许寂(1948),许寂,,author,0,7,53,88,0.089103,4,0.445174,0.473206,137.481293
许小花(1948),许小花,,author,0,6,95,145,0.180428,4,0.481534,0.510878,569.333933
许少甫(1948),许少甫,,author,0,3,28,100,0.063763,4,0.441838,0.464356,37.43534
许德珩(1948),许德珩,,author,0,17,260,638,0.593305,4,0.528449,0.582166,4389.850479
许文静(1948),许文静,,author,0,1,0,0,0,0,0,0,0
许斐(1948),许斐,,author,0,3,6,7,0.009223,5,0.371405,0.390474,10.538387
许明(1948),许明,,author,0,2,45,62,0.113168,4,0.456258,0.479781,0
谔士(1948),谔士,,author,0,4,151,372,0.345713,4,0.490771,0.531342,715.101536
谢东平(1948),谢东平,,author,0,14,232,403,0.567712,4,0.522543,0.571657,1419.294675
谢南阳(1948),谢南阳,,author,0,3,56,113,0.144716,4,0.466781,0.490536,33.9867
谢菁(1948),谢菁,,author,0,1,17,23,0.017335,5,0.415314,0.437893,0
谢静安(1948),谢静安,,author,0,3,8,12,0.009332,5,0.375415,0.394555,44.256129
谢默依(1948),谢默依,,author,0,7,187,335,0.46866,4,0.509774,0.552606,779.469992
谭崇台(1948),谭崇台,,author,0,7,143,212,0.359666,4,0.493989,0.531649,769.630895
谭无逸(1948),谭无逸,,author,0,8,55,67,0.068192,4,0.460754,0.485804,1329.917308
谭菠莉(1948),谭菠莉,,author,0,3,0,0,0,0,0,0,0
谷新(1948),谷新,,author,0,3,14,21,0.021992,5,0.422298,0.443854,108.858293
谷方(1948),谷方,,author,0,2,1,4,0.001187,5,0.323396,0.333088,0
谷林歌(1948),谷林歌,,author,0,3,38,50,0.071972,4,0.426013,0.452864,98.280031
费吴炯(1948),费吴炯,,author,0,1,1,1,0.000831,5,0.320113,0.328564,0
费正清(1948),费正清,,author,0,8,161,315,0.340351,4,0.494891,0.536382,1129.433174
费青(1948),费青,,author,0,6,74,141,0.168749,4,0.47067,0.498033,547.139801
贺明(1948),贺明,,author,0,3,11,14,0.008086,5,0.377191,0.397382,141.376146
贺毅(1948),贺毅,,author,0,10,51,100,0.066736,4,0.449155,0.475602,253.595242
贾子心(1948),贾子心,,author,0,4,6,8,0.000576,5,0.288143,0.297923,0
贾才(1948),贾才,,author,0,4,6,6,0.003323,5,0.343204,0.356822,27.447687
赵守愚(1948),赵守愚,,author,0,18,118,379,0.246317,4,0.481876,0.516777,2820.506169
赵心梅(1948),赵心梅,,author,0,10,125,177,0.335402,4,0.484459,0.520588,429.989742
赵瑞生(1948),赵瑞生,,author,0,3,1,1,0.000313,6,0.298678,0.306785,0
赵迺抟(1948),赵迺抟,,author,0,3,208,373,0.548414,4,0.510158,0.558198,403.843037
越人(1948),越人,,author,0,4,38,56,0.071766,5,0.425479,0.453134,59.020922
路人(1948),路人,,author,0,1,1,1,0.000779,5,0.320265,0.327987,0
路维宽(1948),路维宽,,author,0,1,7,7,0.013499,5,0.412409,0.433223,0
过客(1948),过客,,author,0,3,6,6,0.004741,5,0.358162,0.374594,1270.880902
进一(1948),进一,,author,0,4,37,51,0.058911,5,0.439404,0.464442,11.234578
远云岚(1948),远云岚,,author,0,2,4,4,0.005844,5,0.366387,0.38439,57.445884
远清(1948),远清,,author,0,3,5,9,0.009502,5,0.405867,0.426487,0
迟玉(1948),迟玉,,author,0,4,6,6,0.008282,5,0.408065,0.429007,7.392592
透云(1948),透云,,author,0,3,125,338,0.313257,4,0.483767,0.520034,133.397184
遇之(1948),遇之,,author,0,4,19,23,0.025888,5,0.413289,0.436726,1338.458555
道行(1948),道行,,author,0,5,115,160,0.332635,4,0.481363,0.515917,143.394183
邑文(1948),邑文,,author,0,5,3,3,0.001686,5,0.327062,0.337389,2.928517
邓威(1948),邓威,,author,0,5,20,22,0.014598,4,0.380365,0.402839,1355
邓钜经(1948),邓钜经,,author,0,2,3,5,0.000281,6,0.277926,0.286738,0
邢慕寰(1948),邢慕寰,,author,0,3,152,328,0.400034,4,0.493629,0.533432,205.193421
邱克勤(1948),邱克勤,,author,0,7,152,216,0.378801,4,0.491482,0.53208,532.284181
邱吾(1948),邱吾,,author,0,4,2,2,0.007268,5,0.405624,0.425504,0
邵循道(1948),邵循道,,author,0,7,120,235,0.303962,4,0.485499,0.519789,1760.768172
邵景圆(1948),邵景圆,,author,0,7,54,80,0.070121,5,0.451849,0.478884,333.73324
邵燕平(1948),邵燕平,,author,0,5,128,183,0.345533,4,0.487945,0.523599,744.840431
邵燕祥(1948),邵燕祥,,author,0,3,0,0,0,0,0,0,0
郁栀(1948),郁栀,,author,0,2,24,50,0.062742,5,0.427895,0.451659,1.117867
郑义(1948),郑义,,author,0,2,2,2,0.00026,6,0.278268,0.286418,0
郑伯彬(1948),郑伯彬,,author,0,4,34,46,0.071792,5,0.44155,0.46561,40.551844
郑侠(1948),郑侠,,author,0,3,35,44,0.03097,4,0.431024,0.456551,237.898901
郑克修(1948),郑克修,,author,0,4,20,26,0.020383,5,0.416718,0.439983,98.118484
郑愼山(1948),郑愼山,,author,0,7,22,27,0.041275,4,0.407942,0.432276,1356.868206
郑春泉(1948),郑春泉,,author,0,4,24,28,0.037855,5,0.411533,0.436173,0
郑森禹(1948),郑森禹,,author,0,5,63,131,0.152524,5,0.443863,0.474459,132.284018
郑若颖(1948),郑若颖,,author,0,1,0,0,0,0,0,0,0
郑道传(1948),郑道传,,author,0,2,9,11,0.009147,5,0.37376,0.393092,8.471559
郝稼(1948),郝稼,,author,0,7,82,116,0.15078,4,0.472968,0.501352,1190.183284
郭叔壬(1948),郭叔壬,,author,0,3,118,174,0.337124,4,0.482562,0.517515,85.344722
郭大力(1948),郭大力,,author,0,1,0,0,0,0,0,0,0
郭少川(1948),郭少川,,author,0,2,1,1,0.000616,5,0.312298,0.320256,0
郭根(1948),郭根,,author,0,2,0,0,0,0,0,0,0
郭梅荪(1948),郭梅荪,,author,0,6,32,36,0.047472,5,0.419295,0.445784,222.530778
郭森麒(1948),郭森麒,,author,0,5,12,12,0.027139,5,0.422167,0.443056,13.306138
郭正(1948),郭正,,author,0,3,18,20,0.024974,4,0.428707,0.450529,55.277464
郭绍虞(1948),郭绍虞,,author,0,2,4,7,0.004381,5,0.34796,0.362291,0
郭萍鸣(1948),郭萍鸣,,author,0,2,11,16,0.005194,5,0.3593,0.377876,156.088621
郭辛(1948),郭辛,,author,0,6,18,22,0.025126,5,0.396607,0.420256,476.805371
鄢从善(1948),鄢从善,,author,0,2,102,207,0.276395,4,0.47479,0.507866,0
野潮(1948),野潮,,author,0,2,1,1,0.003232,5,0.349394,0.362426,0
金大均(1948),金大均,,author,0,6,62,89,0.079595,5,0.450498,0.479929,505.266784
金易(1948),金易,,author,0,7,90,152,0.132854,4,0.470507,0.501844,477.422544
金源(1948),金源,,author,0,3,16,21,0.019442,5,0.402732,0.425627,62.516804
金石(1948),金石,,author,0,2,4,4,0.002573,5,0.329046,0.339848,0
金竟(1948),金竟,,author,0,3,3,3,0.006607,5,0.3654,0.382092,0.231454
金若(1948),金若,,author,0,3,7,8,0.00932,5,0.381649,0.40193,258.140022
金轮海(1948),金轮海,,author,0,2,1,1,0.001234,5,0.323011,0.332915,0
金重(1948),金重,,author,0,3,7,10,0.008601,5,0.377401,0.396804,72.535582
鉴清(1948),鉴清,,author,0,2,4,5,0.002871,5,0.33432,0.345833,0
钟唐(1948),钟唐,,author,0,4,103,202,0.263622,5,0.480681,0.5125,161.393469
钟敬文(1948),钟敬文,,author,0,3,12,14,0.015567,5,0.41506,0.437033,29.295765
钟杰(1948),钟杰,,author,0,2,1,1,0.00047,6,0.299602,0.308124,0
钱克新(1948),钱克新,,author,0,4,32,55,0.068722,5,0.440117,0.464012,36.352998
钱塘潮(1948),钱塘潮,,author,0,4,4,5,0.002659,5,0.338661,0.351672,1.983052
钱墨林(1948),钱墨林,,author,0,5,41,59,0.047369,5,0.439974,0.465855,326.266151
钱歌川(1948),钱歌川,,author,0,3,112,222,0.287862,4,0.48,0.514135,1056.911588
钱锺书(1948),钱锺书,,author,0,1,0,0,0,0,0,0,0
铁生(1948),铁生,,author,0,1,93,109,0.265123,4,0.470997,0.503134,0
银沐(1948),银沐,,author,0,2,11,11,0.022306,5,0.417874,0.439122,0
长之(1948),长之,,author,0,11,92,286,0.162808,4,0.478138,0.507989,2430.43477
长青(1948),长青,,author,0,3,96,119,0.269272,4,0.471981,0.504609,49.067115
闵思彦(1948),闵思彦,,author,0,2,5,6,0.007812,5,0.405624,0.426241,0
闻家驷(1948),闻家驷,,author,0,6,81,242,0.16315,4,0.464543,0.495084,122.991454
闻鼙(1948),闻鼙,,author,0,5,50,75,0.108172,4,0.459039,0.483038,112.217273
闽友(1948),闽友,,author,0,5,25,37,0.036546,4,0.43034,0.45311,65.500061
阮惠刚(1948),阮惠刚,,author,0,2,17,21,0.022361,4,0.403211,0.426438,18.75764
阿栅(1948),阿栅,,author,0,2,5,5,0.008213,5,0.405745,0.42618,2.405558
阿细(1948),阿细,,author,0,3,17,18,0.010583,5,0.38865,0.411369,193.338497
陆君平(1948),陆君平,,author,0,7,9,10,0.013043,5,0.380045,0.400615,5.216325
陆平强(1948),陆平强,,author,0,2,0,0,0,0,0,0,0
陆文兴(1948),陆文兴,,author,0,2,105,127,0.284716,4,0.48051,0.512783,99.550971
陆森(1948),陆森,,author,0,8,182,271,0.483986,4,0.500739,0.545784,667.448738
陆自成(1948),陆自成,,author,0,3,2,3,0.005743,5,0.375831,0.394039,1.050561
陆诒(1948),陆诒,,author,0,12,217,380,0.545731,4,0.517557,0.56502,2147.675561
陈××(1948),陈××,,author,0,1,0,0,0,0,0,0,0
陈仲期(1948),陈仲期,,author,0,3,2,4,0.000539,6,0.307413,0.31738,0
陈伯康(1948),陈伯康,,author,0,5,116,145,0.311283,4,0.482219,0.516839,1300.026424
陈伶(1948),陈伶,,author,0,4,1,1,0.006443,5,0.402255,0.421878,0
陈光(1948),陈光,,author,0,10,123,167,0.241832,4,0.479491,0.51647,1322.619229
陈啓达(1948),陈啓达,,author,0,3,4,5,0.004765,5,0.34636,0.360066,0
陈善(1948),陈善,,author,0,1,10,11,0.0148,5,0.379513,0.400061,0
陈士华(1948),陈士华,,author,0,7,95,117,0.268631,4,0.471816,0.50424,38.175482
陈子久(1948),陈子久,,author,0,6,56,79,0.104819,5,0.459817,0.485398,201.269485
陈实(1948),陈实,,author,0,5,258,485,0.609528,4,0.524768,0.579277,1602.79064
陈家澂(1948),陈家澂,,author,0,2,102,207,0.276395,4,0.47479,0.507866,0
陈宽之(1948),陈宽之,,author,0,4,26,32,0.044893,4,0.423618,0.447456,98.741277
陈微子(1948),陈微子,,author,0,5,29,34,0.023976,4,0.402972,0.428712,1619.856934
陈志清(1948),陈志清,,author,0,2,3,3,0.004991,5,0.349304,0.362414,0
陈志让(1948),陈志让,,author,0,4,43,55,0.093526,4,0.456412,0.479597,156.918189
陈执(1948),陈执,,author,0,2,0,0,0,0,0,0,0
陈旭麓(1948),陈旭麓,,author,0,1,1,1,0.00042,6,0.296458,0.305961,0
陈时臬(1948),陈时臬,,author,0,6,45,63,0.091022,4,0.450498,0.475602,115.828979
陈景茜(1948),陈景茜,,author,0,3,13,16,0.016018,5,0.385556,0.407473,2.867582
陈本端(1948),陈本端,,author,0,4,45,49,0.119837,5,0.44532,0.471325,5.607391
陈梅卿(1948),陈梅卿,,author,0,3,0,0,0,0,0,0,0
陈梦家(1948),陈梦家,,author,0,4,77,112,0.157657,4,0.459817,0.490597,26.252177
陈此生(1948),陈此生,,author,0,2,19,28,0.030087,4,0.407697,0.431293,52.99495
陈浩生(1948),陈浩生,,author,0,1,3,3,0.000437,6,0.273939,0.282104,0
陈痛(1948),陈痛,,author,0,3,23,34,0.016072,5,0.395105,0.419727,157.874578
陈石湘(1948),陈石湘,,author,0,3,108,215,0.284146,4,0.476793,0.510816,159.932099
陈石铭(1948),陈石铭,,author,0,2,4,4,0.004611,5,0.353955,0.369297,3.347351
陈砥平(1948),陈砥平,,author,0,3,37,53,0.057063,5,0.438126,0.463397,15.173908
陈章(1948),陈章,,author,0,4,18,22,0.025856,4,0.412911,0.436148,76.036075
陈筑山(1948),陈筑山,,author,0,4,4,9,0.004327,5,0.346183,0.360116,0
陈纪(1948),陈纪,,author,0,2,4,4,0.000379,6,0.282382,0.291433,0
陈翰笙(1948),陈翰笙,,author,0,2,114,155,0.328402,4,0.481534,0.515794,171.194155
陈荩民(1948),陈荩民,,author,0,3,38,46,0.081558,5,0.440117,0.465302,33.747667
陈行健(1948),陈行健,,author,0,10,219,389,0.557302,4,0.515393,0.564221,2060.544875
陈路(1948),陈路,,author,0,4,42,122,0.057111,4,0.429114,0.456613,37.624878
陈迟(1948),陈迟,,author,0,1,1,1,0.000097,6,0.268302,0.274951,0
陈述昆(1948),陈述昆,,author,0,4,62,198,0.159418,5,0.458573,0.486074,40.431206
陈选善(1948),陈选善,,author,0,4,127,240,0.309301,4,0.481363,0.518805,313.779701
陈镜善(1948),陈镜善,,author,0,11,124,151,0.301318,4,0.485152,0.520772,1437.707139
陈际(1948),陈际,,author,0,4,69,85,0.141085,4,0.466621,0.493854,249.214739
陈际云(1948),陈际云,,author,0,3,9,9,0.016524,5,0.414933,0.435988,157.542362
陶大镛(1948),陶大镛,,author,0,7,66,88,0.147666,4,0.467264,0.493486,294.029677
陶永芳(1948),陶永芳,,author,0,2,7,8,0.000641,5,0.288204,0.298292,1355
陶砌(1948),陶砌,,author,0,4,5,5,0.011454,5,0.391003,0.41116,0.760792
陶维大(1948),陶维大,,author,0,3,6,10,0.01094,5,0.404293,0.425135,1.323268
雁心(1948),雁心,,author,0,1,1,1,0.002319,5,0.332679,0.34383,0
雅茜(1948),雅茜,,author,0,7,18,19,0.01518,5,0.404655,0.428454,218.268182
雨巖(1948),雨巖,,author,0,2,1,1,0.000066,1,1,1,0
雨沛(1948),雨沛,,author,0,2,1,1,0.003306,5,0.341132,0.352839,0
雨沬(1948),雨沬,,author,0,3,13,16,0.008732,5,0.385337,0.406858,677
雪馥(1948),雪馥,,author,0,5,90,172,0.231289,5,0.469529,0.501254,62.981693
雷海宗(1948),雷海宗,,author,0,2,17,21,0.022361,4,0.403211,0.426438,18.75764
雷遇春(1948),雷遇春,,author,0,3,2,2,0.003649,5,0.343639,0.356268,0.035714
雷锐军(1948),雷锐军,,author,0,2,13,16,0.008732,5,0.385337,0.406858,677
青争(1948),青争,,author,0,2,7,7,0.014401,5,0.388205,0.408665,0
青见(1948),青见,,author,0,6,23,38,0.031582,5,0.429794,0.453134,110.716778
青锋(1948),青锋,,author,0,7,4,4,0.004181,5,0.35377,0.368535,8.972647
静之(1948),静之,,author,0,8,44,138,0.070254,4,0.433781,0.461222,218.498912
静怀(1948),静怀,,author,0,10,120,233,0.292938,4,0.481022,0.516839,807.412119
静涵(1948),静涵,,author,0,3,31,40,0.042696,4,0.440546,0.463803,51.179292
静观(1948),静观,,author,0,17,174,285,0.380876,4,0.502595,0.544801,1596.475663
非邮人(1948),非邮人,,author,0,3,27,42,0.069986,5,0.434337,0.457989,0
靳巩(1948),靳巩,,author,0,3,39,112,0.082685,4,0.445613,0.470317,54.256954
韦仲儒(1948),韦仲儒,,author,0,1,3,4,0.00932,5,0.387761,0.407129,0
韦文(1948),韦文,,author,0,4,44,124,0.06559,4,0.442848,0.469088,225.253435
韦武(1948),韦武,,author,0,3,54,93,0.066022,4,0.449304,0.476831,130.941517
韩万青(1948),韩万青,,author,0,4,19,25,0.042166,4,0.436293,0.457289,243.163874
韩兆鹗(1948),韩兆鹗,,author,0,3,75,104,0.154017,4,0.458108,0.488754,317.908335
韩德培(1948),韩德培,,author,0,4,67,108,0.143421,4,0.472309,0.497296,145.417435
顾家本(1948),顾家本,,author,0,3,70,79,0.148271,5,0.461538,0.490376,171.981946
顾家标(1948),顾家标,,author,0,3,29,44,0.06411,5,0.421118,0.446681,48.031627
顾家樑(1948),顾家樑,,author,0,6,0,0,0,0,0,0,0
顾掌擎(1948),顾掌擎,,author,0,2,9,12,0.006508,5,0.354881,0.370379,0
顾轶人(1948),顾轶人,,author,0,4,25,29,0.031381,5,0.419425,0.443977,382.386997
顾颉钢(1948),顾颉钢,,author,0,2,13,14,0.012325,5,0.371609,0.391999,34.214376
颜子和(1948),颜子和,,author,0,4,39,56,0.056059,5,0.440689,0.466224,86.376532
颜钦善(1948),颜钦善,,author,0,1,0,0,0,0,0,0,0
马丁(1948),马丁,,author,0,3,20,27,0.021417,5,0.404414,0.428085,71.076821
马元青(1948),马元青,,author,0,3,27,33,0.059693,5,0.416206,0.441949,16.973146
马克敦(1948),马克敦,,author,0,4,12,15,0.008665,5,0.385227,0.40649,0
马叙伦(1948),马叙伦,,author,0,14,259,443,0.609469,4,0.525989,0.580506,1925.592851
马复生(1948),马复生,,author,0,5,132,176,0.365671,4,0.487244,0.524275,312.558208
马廷杰(1948),马廷杰,,author,0,6,110,165,0.153134,4,0.47479,0.509771,2160.635093
马正进(1948),马正进,,author,0,2,21,31,0.027689,4,0.390216,0.414086,616.768324
马碧莲(1948),马碧莲,,author,0,5,11,12,0.013786,5,0.397887,0.419912,67.879572
高向华(1948),高向华,,author,0,12,86,124,0.190007,4,0.475289,0.50424,1197.214062
高君(1948),高君,,author,0,5,3,8,0.00046,5,0.286863,0.296436,0
高天(1948),高天,,author,0,3,101,139,0.272317,4,0.473133,0.506699,92.631275
高植(1948),高植,,author,0,1,0,0,0,0,0,0,0
高祖文(1948),高祖文,,author,0,4,2,2,0.004445,5,0.348586,0.362893,0
高超(1948),高超,,author,0,27,80,139,0.093106,4,0.472968,0.501168,3115.935442
高迅(1948),高迅,,author,0,3,7,8,0.01189,5,0.379407,0.398746,2.300184
高鸿荣(1948),高鸿荣,,author,0,5,7,16,0.013213,5,0.376981,0.396989,451.011364
鱼忘(1948),鱼忘,,author,0,9,51,64,0.092602,4,0.459194,0.483469,486.709113
鲁健(1948),鲁健,,author,0,2,8,13,0.004778,5,0.356654,0.374004,0
鲁宾荪(1948),鲁宾荪,,author,0,3,8,22,0.004778,5,0.356654,0.374004,0
鲁生(1948),鲁生,,author,0,6,62,184,0.118394,4,0.454881,0.483038,308.372515
鲁铁民(1948),鲁铁民,,author,0,3,11,11,0.022095,4,0.419295,0.440265,7.779003
鲁闻(1948),鲁闻,,author,0,3,13,14,0.01854,5,0.386986,0.408788,31.182273
鲁靱(1948),鲁靱,,author,0,1,0,0,0,0,0,0,0
鸣歌(1948),鸣歌,,author,0,2,34,51,0.043508,5,0.419295,0.44619,0
麦杆(1948),麦杆,,author,0,5,91,151,0.191351,4,0.475623,0.505838,99.126673
黄元(1948),黄元,,author,0,3,10,12,0.017935,5,0.389543,0.410669,22.88508
黄公伟(1948),黄公伟,,author,0,2,0,0,0,0,0,0,0
黄嘉音(1948),黄嘉音,,author,0,3,8,16,0.006155,5,0.365696,0.384513,4.659486
黄宗汉(1948),黄宗汉,,author,0,6,124,243,0.301692,4,0.48777,0.52237,788.011034
黄家栋(1948),黄家栋,,author,0,2,0,0,0,0,0,0,0
黄康(1948),黄康,,author,0,6,27,41,0.040507,4,0.434615,0.45778,437.971148
黄志坚(1948),黄志坚,,author,0,4,12,12,0.022196,5,0.40611,0.428552,22.382843
黄文通(1948),黄文通,,author,0,2,17,23,0.023764,5,0.409297,0.432178,110.027546
黄河清(1948),黄河清,,author,0,21,200,399,0.477101,4,0.511891,0.557153,1632.774785
黄潮如(1948),黄潮如,,author,0,5,32,38,0.038226,4,0.427491,0.452618,995.314549
黄炎裔(1948),黄炎裔,,author,0,5,23,29,0.032182,5,0.433088,0.455654,23.892033
黄玉发(1948),黄玉发,,author,0,2,8,10,0.001292,5,0.320643,0.331662,122.961237
黄碧遥(1948),黄碧遥,,author,0,5,162,222,0.398757,4,0.498713,0.539393,447.68327
黄菲(1948),黄菲,,author,0,4,36,46,0.058445,4,0.444008,0.46792,91.782603
黄葆华(1948),黄葆华,,author,0,5,3,3,0.006727,5,0.379195,0.398378,4.996411
黄钧达(1948),黄钧达,,author,0,1,0,0,0,0,0,0,0
黄龙生(1948),黄龙生,,author,0,2,0,0,0,0,0,0,0
黎先慧(1948),黎先慧,,author,0,2,5,8,0.0036,5,0.348407,0.361971,0
黎宁(1948),黎宁,,author,0,1,0,0,0,0,0,0,0
黎深(1948),黎深,,author,0,6,35,52,0.05045,4,0.434337,0.459562,192.781386
黎玄(1948),黎玄,,author,0,13,195,419,0.444344,4,0.506348,0.552298,916.474149
鼎彝(1948),鼎彝,,author,0,2,0,0,0,0,0,0,0
齐家经(1948),齐家经,,author,0,6,141,337,0.352187,4,0.491482,0.52913,193.635859
齐星(1948),齐星,,author,0,1,19,26,0.025018,5,0.366387,0.388139,0
龙子(1948),龙子,,author,0,3,11,15,0.03028,5,0.429794,0.45,1.082788
龟溪(1948),龟溪,,author,0,4,78,156,0.187238,4,0.454271,0.486418,87.695336
（匈牙利）B·易澳士(1948),（匈牙利）B·易澳士,,author,0,1,0,0,0,0,0,0,0
（匈牙利）K·米克萨(1948),（匈牙利）K·米克萨,,author,0,2,2,2,0.004024,5,0.339679,0.35295,0
（匈牙利）Tabi(1948),（匈牙利）Tabi,,author,0,6,7,8,0.02109,5,0.389208,0.409808,0.289707
（美）马丁(1948),（美）马丁,,author,0,1,1,1,0.002826,5,0.348049,0.361308,0
（苏）皮德尔斯基(1948),（苏）皮德尔斯基,,author,0,3,16,22,0.03943,4,0.416462,0.439282,5.761581
（苏）麦里可夫(1948),（苏）麦里可夫,,author,0,5,90,172,0.231289,5,0.469529,0.501254,62.981693
（英）Crossman，R.H.S.(1948),（英）Crossman，R.H.S.,,author,0,3,13,17,0.037319,5,0.433227,0.453441,8.377681
（越）阮文化(1948),（越）阮文化,,author,0,4,10,11,0.014601,5,0.390553,0.411468,36.211203
