Id,Label,type,type2,Degree,Weighted Degree,eigencentrality,Eccentricity,closnesscentrality,harmonicclosnesscentrality,betweenesscentrality,color
黄炎培,黄炎培,author,author,538,40098,0.840083,2,0.773374,0.853482,2249.41411,"#B4B4B4"
努生,努生,author,author,124,3929,0.203388,2,0.544349,0.581472,41.547375,"#B4B4B4"
郑振铎,郑振铎,author,author,227,33345,0.4026,2,0.587645,0.649146,110.801674,"#B4B4B4"
阿尔古斯,阿尔古斯,author,author,274,10544,0.54276,2,0.609776,0.680026,88.027996,"#B4B4B4"
俞颂华,俞颂华,author,author,326,12165,0.530279,2,0.636288,0.714192,485.541432,"#B4B4B4"
陶行知,陶行知,author,author,347,5849,0.642576,2,0.64766,0.727989,266.578761,"#B4B4B4"
景宋,景宋,author,author,585,26203,0.906962,2,0.812166,0.884363,2628.569398,"#B4B4B4"
尊闻,尊闻,author,author,184,5985,0.339337,2,0.568759,0.620894,27.298711,"#B4B4B4"
秦柳方,秦柳方,author,author,389,7056,0.700721,2,0.671668,0.755585,455.783525,"#B4B4B4"
米谷,米谷,author,author,575,50058,0.908195,2,0.80359,0.877792,1962.046932,"#B4B4B4"
郭沫若,郭沫若,author,author,664,30489,1,2,0.886946,0.936268,3194.446946,"#B4B4B4"
周建人,周建人,author,author,504,18731,0.814539,2,0.747544,0.831143,1658.897986,"#B4B4B4"
平心,平心,author,author,249,6013,0.439494,2,0.5978,0.663601,124.032216,"#B4B4B4"
王新命,王新命,author,author,137,4820,0.209599,2,0.549458,0.590013,43.867331,"#B4B4B4"
董秋斯,董秋斯,author,author,220,10426,0.383706,2,0.584485,0.644547,124.343597,"#B4B4B4"
建人,建人,author,author,154,2997,0.237529,2,0.556287,0.601183,97.291794,"#B4B4B4"
石啸冲,石啸冲,author,author,529,33788,0.858857,2,0.766365,0.847569,1437.550641,"#B4B4B4"
伊戈斯,伊戈斯,author,author,274,5976,0.54276,2,0.609776,0.680026,88.027996,"#B4B4B4"
孟南,孟南,author,author,374,3430,0.64373,2,0.662892,0.745729,541.730262,"#B4B4B4"
杨明,杨明,author,author,156,3015,0.266735,2,0.557101,0.602497,69.083104,"#B4B4B4"
罗隆基,罗隆基,author,author,314,2236,0.579486,2,0.629967,0.706307,272.447802,"#B4B4B4"
胡春冰,胡春冰,author,author,274,2578,0.518567,2,0.609776,0.680026,242.252463,"#B4B4B4"
费孝通,费孝通,author,author,621,29712,0.92071,2,0.844617,0.908016,3295.129189,"#B4B4B4"
邓初民,邓初民,author,author,591,18110,0.904139,2,0.817401,0.888305,2393.87374,"#B4B4B4"
马叙伦,马叙伦,author,author,514,39910,0.848278,2,0.75496,0.837714,1329.124907,"#B4B4B4"
吴晗,吴晗,author,author,639,13271,0.947179,2,0.861835,0.919842,3402.586497,"#B4B4B4"
小鱼,小鱼,author,author,372,10164,0.656118,2,0.661739,0.744415,543.692645,"#B4B4B4"
思慕,思慕,author,author,420,7100,0.705509,2,0.690563,0.775953,860.918384,"#B4B4B4"
杨卫玉,杨卫玉,author,author,390,8171,0.609525,2,0.672261,0.756242,718.301343,"#B4B4B4"
翦伯赞,翦伯赞,author,author,422,2439,0.7304,2,0.691818,0.777267,707.937685,"#B4B4B4"
胡曲园,胡曲园,author,author,154,3025,0.281448,2,0.556287,0.601183,51.936278,"#B4B4B4"
光未然,光未然,author,author,80,876,0.125582,2,0.527739,0.552562,6.961669,"#B4B4B4"
克士,克士,author,author,184,4592,0.339337,2,0.568759,0.620894,27.298711,"#B4B4B4"
君山,君山,author,author,166,8709,0.276983,2,0.561209,0.609067,94.826634,"#B4B4B4"
张一凡,张一凡,author,author,261,5677,0.450664,2,0.603489,0.671485,194.284646,"#B4B4B4"
王立果,王立果,author,author,80,1028,0.125582,2,0.527739,0.552562,6.961669,"#B4B4B4"
百辞,百辞,author,author,250,1027,0.507119,2,0.59827,0.664258,68.245107,"#B4B4B4"
章伯钧,章伯钧,author,author,369,3949,0.645454,2,0.660017,0.742444,569.147578,"#B4B4B4"
索非,索非,author,author,184,2178,0.339337,2,0.568759,0.620894,27.298711,"#B4B4B4"
罗稷南,罗稷南,author,author,184,3705,0.339337,2,0.568759,0.620894,27.298711,"#B4B4B4"
罗西,罗西,author,author,273,1806,0.428129,2,0.609287,0.679369,370.276307,"#B4B4B4"
胡钊,胡钊,author,author,190,2245,0.309451,2,0.571321,0.624836,150.222977,"#B4B4B4"
茅盾,茅盾,author,author,589,15211,0.928111,2,0.815648,0.886991,2052.886921,"#B4B4B4"
陶大镛,陶大镛,author,author,334,4174,0.5447,2,0.640572,0.719448,450.164247,"#B4B4B4"
丁聪,丁聪,author,author,299,17772,0.587807,2,0.62224,0.696452,106.230698,"#B4B4B4"
严景耀,严景耀,author,author,265,4826,0.412015,2,0.60541,0.674113,511.299416,"#B4B4B4"
乔木,乔木,author,author,404,17994,0.69166,2,0.68068,0.76544,689.809528,"#B4B4B4"
周新民,周新民,author,author,132,2058,0.221121,2,0.547482,0.586728,48.761069,"#B4B4B4"
子冈,子冈,author,author,310,1555,0.493044,2,0.627888,0.703679,477.407876,"#B4B4B4"
师陀,师陀,author,author,249,2575,0.439494,2,0.5978,0.663601,124.032216,"#B4B4B4"
愚公,愚公,author,author,152,852,0.269946,2,0.555474,0.599869,50.399853,"#B4B4B4"
曾昭抡,曾昭抡,author,author,464,16055,0.706522,2,0.719282,0.804862,1470.369824,"#B4B4B4"
柳亚子,柳亚子,author,author,469,5899,0.784557,2,0.722697,0.808147,981.876853,"#B4B4B4"
楚图南,楚图南,author,author,359,2237,0.659592,2,0.654342,0.735874,411.837991,"#B4B4B4"
毅生,毅生,author,author,249,8087,0.496433,2,0.5978,0.663601,106.961537,"#B4B4B4"
求思,求思,author,author,249,14176,0.439494,2,0.5978,0.663601,124.032216,"#B4B4B4"
沈志远,沈志远,author,author,568,6574,0.869172,2,0.797694,0.873193,2189.625542,"#B4B4B4"
洪深,洪深,author,author,394,2891,0.721684,2,0.674645,0.75887,427.030828,"#B4B4B4"
爱伦堡,爱伦堡,author,author,316,9626,0.59837,2,0.631012,0.707622,180.785112,"#B4B4B4"
祝世康,祝世康,author,author,147,769,0.252477,2,0.553455,0.596583,34.298002,"#B4B4B4"
绀弩,绀弩,author,author,268,3089,0.536722,2,0.606858,0.676084,75.074908,"#B4B4B4"
罗涵先,罗涵先,author,author,172,1112,0.271171,2,0.563704,0.613009,96.293331,"#B4B4B4"
若愚,若愚,author,author,127,1153,0.17732,2,0.54552,0.583443,103.522638,"#B4B4B4"
荒烟,荒烟,author,author,274,1972,0.54276,2,0.609776,0.680026,88.027996,"#B4B4B4"
迈之,迈之,author,author,124,920,0.203388,2,0.544349,0.581472,41.547375,"#B4B4B4"
郭绍虞,郭绍虞,author,author,430,3338,0.665808,2,0.696886,0.782523,1382.547937,"#B4B4B4"
静远,静远,author,author,310,5339,0.493044,2,0.627888,0.703679,477.407876,"#B4B4B4"
马丁,马丁,author,author,276,2329,0.439366,2,0.610754,0.68134,406.934609,"#B4B4B4"
农慕之,农慕之,author,author,305,5545,0.575606,2,0.625308,0.700394,205.544223,"#B4B4B4"
冯玉祥,冯玉祥,author,author,309,2105,0.49769,2,0.62737,0.703022,488.488479,"#B4B4B4"
凤子,凤子,author,author,257,4011,0.454578,2,0.601581,0.668857,165.30486,"#B4B4B4"
刘铁华,刘铁华,author,author,184,1802,0.339337,2,0.568759,0.620894,27.298711,"#B4B4B4"
力扬,力扬,author,author,337,2777,0.532698,2,0.642194,0.721419,616.986253,"#B4B4B4"
叶圣陶,叶圣陶,author,author,458,5476,0.777873,2,0.715226,0.80092,853.263176,"#B4B4B4"
吴斐丹,吴斐丹,author,author,177,1622,0.262051,2,0.565799,0.616294,128.418343,"#B4B4B4"
吴清友,吴清友,author,author,350,2925,0.568353,2,0.649317,0.729961,514.3877,"#B4B4B4"
周伯棣,周伯棣,author,author,287,3935,0.470127,2,0.616194,0.688568,236.303984,"#B4B4B4"
周谷城,周谷城,author,author,409,1891,0.689558,2,0.683738,0.768725,1100.178286,"#B4B4B4"
夏衍,夏衍,author,author,457,6018,0.759855,2,0.714554,0.800263,936.566897,"#B4B4B4"
孙科,孙科,author,author,158,1388,0.234516,2,0.557918,0.603811,119.429499,"#B4B4B4"
宾符,宾符,author,author,295,1835,0.514722,2,0.620212,0.693824,251.625225,"#B4B4B4"
屠西,屠西,author,author,334,1250,0.623769,2,0.640572,0.719448,264.602099,"#B4B4B4"
巴金,巴金,author,author,214,2101,0.385602,2,0.581804,0.640604,75.745135,"#B4B4B4"
张子毅,张子毅,author,author,256,927,0.509655,2,0.601106,0.6682,92.39873,"#B4B4B4"
张澜,张澜,author,author,194,1177,0.333854,2,0.573042,0.627464,131.2829,"#B4B4B4"
张申府,张申府,author,author,478,3240,0.776164,2,0.728927,0.81406,1311.496494,"#B4B4B4"
张若达,张若达,author,author,299,2231,0.587807,2,0.62224,0.696452,106.230698,"#B4B4B4"
曹刚,曹刚,author,author,196,829,0.346196,2,0.573906,0.628778,87.150273,"#B4B4B4"
李公樸,李公樸,author,author,285,1631,0.5442,2,0.615198,0.687254,175.168676,"#B4B4B4"
李战林,李战林,author,author,108,1060,0.173492,2,0.53819,0.570959,38.418028,"#B4B4B4"
李玄伯,李玄伯,author,author,184,1375,0.339337,2,0.568759,0.620894,27.298711,"#B4B4B4"
杨刚,杨刚,author,author,433,5407,0.74828,2,0.698806,0.784494,732.710461,"#B4B4B4"
柏寒,柏寒,author,author,85,440,0.129274,2,0.529576,0.555848,25.182882,"#B4B4B4"
梁漱溟,梁漱溟,author,author,333,5939,0.51794,2,0.640034,0.718791,660.749047,"#B4B4B4"
王伯祥,王伯祥,author,author,184,1755,0.339337,2,0.568759,0.620894,27.298711,"#B4B4B4"
田汉,田汉,author,author,407,8796,0.720864,2,0.682511,0.767411,507.158686,"#B4B4B4"
秦牧,秦牧,author,author,350,3041,0.623032,2,0.649317,0.729961,368.762024,"#B4B4B4"
胡剑,胡剑,author,author,156,874,0.266735,2,0.557101,0.602497,69.083104,"#B4B4B4"
臧克家,臧克家,author,author,498,6682,0.83137,2,0.743164,0.827201,1063.447292,"#B4B4B4"
艾秋飙,艾秋飙,author,author,132,616,0.221121,2,0.547482,0.586728,48.761069,"#B4B4B4"
袁水拍,袁水拍,author,author,343,1878,0.643216,2,0.645462,0.725361,223.356082,"#B4B4B4"
袁西华,袁西华,author,author,124,528,0.203388,2,0.544349,0.581472,41.547375,"#B4B4B4"
许杰,许杰,author,author,524,2480,0.835446,2,0.762525,0.844284,1791.060372,"#B4B4B4"
赵兰坪,赵兰坪,author,author,137,1614,0.209599,2,0.549458,0.590013,43.867331,"#B4B4B4"
邵力子,邵力子,author,author,268,2601,0.438283,2,0.606858,0.676084,313.314943,"#B4B4B4"
郑森禹,郑森禹,author,author,301,5151,0.578548,2,0.62326,0.697766,168.574733,"#B4B4B4"
郭生,郭生,author,author,249,3378,0.439494,2,0.5978,0.663601,124.032216,"#B4B4B4"
金枫,金枫,author,author,184,1330,0.339337,2,0.568759,0.620894,27.298711,"#B4B4B4"
钱端升,钱端升,author,author,361,3663,0.638187,2,0.655469,0.737188,523.168663,"#B4B4B4"
陆钦墀,陆钦墀,author,author,196,1026,0.346196,2,0.573906,0.628778,87.150273,"#B4B4B4"
马哲民,马哲民,author,author,250,1306,0.507119,2,0.59827,0.664258,68.245107,"#B4B4B4"
黄药眠,黄药眠,author,author,389,7491,0.66189,2,0.671668,0.755585,582.61133,"#B4B4B4"
丁一,丁一,author,author,395,2106,0.684794,2,0.675244,0.759527,626.752381,"#B4B4B4"
丁易,丁易,author,author,371,2408,0.670697,2,0.661164,0.743758,483.383667,"#B4B4B4"
东方晦之,东方晦之,author,author,427,3882,0.729088,2,0.694977,0.780552,680.748454,"#B4B4B4"
严信民,严信民,author,author,101,1070,0.185616,2,0.535538,0.56636,17.449516,"#B4B4B4"
丹尼尔,丹尼尔,author,author,200,911,0.335941,2,0.575643,0.631406,102.76753,"#B4B4B4"
于右任,于右任,author,author,158,696,0.234516,2,0.557918,0.603811,119.429499,"#B4B4B4"
云彬,云彬,author,author,250,1379,0.509381,2,0.59827,0.664258,59.391582,"#B4B4B4"
任四维,任四维,author,author,184,903,0.339337,2,0.568759,0.620894,27.298711,"#B4B4B4"
伍启元,伍启元,author,author,256,1253,0.509655,2,0.601106,0.6682,92.39873,"#B4B4B4"
何其芳,何其芳,author,author,299,1383,0.587807,2,0.62224,0.696452,106.230698,"#B4B4B4"
何应钦,何应钦,author,author,158,696,0.234516,2,0.557918,0.603811,119.429499,"#B4B4B4"
何方,何方,author,author,91,171,0.150786,2,0.531796,0.55979,22.931631,"#B4B4B4"
何达,何达,author,author,195,687,0.294278,2,0.573474,0.628121,162.83081,"#B4B4B4"
余伯约,余伯约,author,author,349,8644,0.574188,2,0.648764,0.729304,491.501689,"#B4B4B4"
余剡溪,余剡溪,author,author,185,557,0.333198,2,0.569185,0.621551,59.866186,"#B4B4B4"
余所亚,余所亚,author,author,321,987,0.619506,2,0.633639,0.710907,218.165877,"#B4B4B4"
侯外庐,侯外庐,author,author,345,2027,0.523721,2,0.646559,0.726675,746.799865,"#B4B4B4"
傅彬然,傅彬然,author,author,303,1041,0.582361,2,0.624282,0.69908,199.313175,"#B4B4B4"
傅雷,傅雷,author,author,299,1816,0.491202,2,0.62224,0.696452,350.202422,"#B4B4B4"
冯乃超,冯乃超,author,author,230,1694,0.353739,2,0.589009,0.651117,180.457087,"#B4B4B4"
冯克,冯克,author,author,234,758,0.402134,2,0.590839,0.653745,168.26623,"#B4B4B4"
刘尊棋,刘尊棋,author,author,530,4378,0.854449,2,0.767137,0.848226,1600.751034,"#B4B4B4"
刘清扬,刘清扬,author,author,77,441,0.111768,2,0.526644,0.550591,30.58814,"#B4B4B4"
刘迺诚,刘迺诚,author,author,185,3116,0.257579,2,0.569185,0.621551,102.290689,"#B4B4B4"
北人,北人,author,author,298,1017,0.511129,2,0.621732,0.695795,302.984867,"#B4B4B4"
叶文雄,叶文雄,author,author,133,484,0.236657,2,0.547876,0.587385,30.83736,"#B4B4B4"
吉人,吉人,author,author,201,661,0.336011,2,0.576079,0.632063,144.279111,"#B4B4B4"
吕剑,吕剑,author,author,193,1815,0.290987,2,0.572611,0.626807,148.210633,"#B4B4B4"
吴世昌,吴世昌,author,author,492,12349,0.825338,2,0.738835,0.823259,1041.838723,"#B4B4B4"
吴大琨,吴大琨,author,author,224,1432,0.364004,2,0.586287,0.647175,182.661997,"#B4B4B4"
吴祖光,吴祖光,author,author,326,2984,0.61788,2,0.636288,0.714192,202.2391,"#B4B4B4"
周知,周知,author,author,108,409,0.173492,2,0.53819,0.570959,38.418028,"#B4B4B4"
周钢鸣,周钢鸣,author,author,335,1808,0.605489,2,0.641112,0.720105,283.853292,"#B4B4B4"
味橄,味橄,author,author,185,785,0.257579,2,0.569185,0.621551,102.290689,"#B4B4B4"
唐弢,唐弢,author,author,249,2624,0.439494,2,0.5978,0.663601,124.032216,"#B4B4B4"
夏康农,夏康农,author,author,505,6385,0.801385,2,0.748279,0.8318,2637.08113,"#B4B4B4"
夏炎德,夏炎德,author,author,408,3519,0.581318,2,0.683124,0.768068,1037.901709,"#B4B4B4"
夏迪蒙,夏迪蒙,author,author,108,409,0.173492,2,0.53819,0.570959,38.418028,"#B4B4B4"
姜庆湘,姜庆湘,author,author,306,1312,0.47787,2,0.625822,0.701051,416.545178,"#B4B4B4"
孙源,孙源,author,author,226,567,0.472154,2,0.587191,0.648489,40.904195,"#B4B4B4"
孙起孟,孙起孟,author,author,258,3635,0.427418,2,0.602057,0.669514,240.576059,"#B4B4B4"
孟昌,孟昌,author,author,133,484,0.236657,2,0.547876,0.587385,30.83736,"#B4B4B4"
宦乡,宦乡,author,author,429,6541,0.761238,2,0.696249,0.781866,602.943802,"#B4B4B4"
少之,少之,author,author,171,1154,0.28447,2,0.563286,0.612352,76.28684,"#B4B4B4"
尚钺,尚钺,author,author,264,1167,0.517864,2,0.604928,0.673456,119.250184,"#B4B4B4"
崔书琴,崔书琴,author,author,137,1323,0.209599,2,0.549458,0.590013,43.867331,"#B4B4B4"
左舜生,左舜生,author,author,299,956,0.587807,2,0.62224,0.696452,106.230698,"#B4B4B4"
张东荪,张东荪,author,author,659,19439,0.965552,2,0.881808,0.932983,3758.450216,"#B4B4B4"
张君劢,张君劢,author,author,303,17754,0.571492,2,0.624282,0.69908,230.327723,"#B4B4B4"
张庸,张庸,author,author,201,759,0.309,2,0.576079,0.632063,147.007439,"#B4B4B4"
张志让,张志让,author,author,574,2646,0.888769,2,0.802743,0.877135,2323.182549,"#B4B4B4"
张志龢,张志龢,author,author,250,1829,0.507119,2,0.59827,0.664258,68.245107,"#B4B4B4"
张恨水,张恨水,author,author,299,956,0.587807,2,0.62224,0.696452,106.230698,"#B4B4B4"
张明养,张明养,author,author,287,1665,0.470127,2,0.616194,0.688568,236.303984,"#B4B4B4"
张西曼,张西曼,author,author,398,6785,0.624762,2,0.677046,0.761498,736.154432,"#B4B4B4"
徐行,徐行,author,author,185,1082,0.257579,2,0.569185,0.621551,102.290689,"#B4B4B4"
徐调孚,徐调孚,author,author,184,1802,0.339337,2,0.568759,0.620894,27.298711,"#B4B4B4"
徐铸成,徐铸成,author,author,320,1177,0.491747,2,0.633111,0.71025,730.234209,"#B4B4B4"
戈宝权,戈宝权,author,author,274,5903,0.54276,2,0.609776,0.680026,88.027996,"#B4B4B4"
托尔斯泰,托尔斯泰,author,author,174,871,0.305903,2,0.56454,0.614323,50.982122,"#B4B4B4"
拉铁摩尔,拉铁摩尔,author,author,406,2039,0.706939,2,0.6819,0.766754,653.301822,"#B4B4B4"
斯诺,斯诺,author,author,268,1001,0.536722,2,0.606858,0.676084,75.074908,"#B4B4B4"
方与严,方与严,author,author,405,1808,0.691001,2,0.681289,0.766097,627.249213,"#B4B4B4"
方治平,方治平,author,author,330,2714,0.610613,2,0.638423,0.71682,279.878413,"#B4B4B4"
方秋苇,方秋苇,author,author,284,2080,0.418302,2,0.614701,0.686597,373.123827,"#B4B4B4"
施复亮,施复亮,author,author,592,16655,0.931184,2,0.81828,0.888962,1967.216233,"#B4B4B4"
施艾,施艾,author,author,269,742,0.529322,2,0.607342,0.676741,126.046687,"#B4B4B4"
易水,易水,author,author,199,2480,0.324293,2,0.575208,0.630749,153.06044,"#B4B4B4"
李健吾,李健吾,author,author,257,2674,0.422533,2,0.601581,0.668857,232.205666,"#B4B4B4"
李公朴,李公朴,author,author,161,899,0.292327,2,0.559148,0.605782,45.777824,"#B4B4B4"
李昂季叶夫,李昂季叶夫,author,author,178,2876,0.309146,2,0.56622,0.616951,84.174204,"#B4B4B4"
杜迈之,杜迈之,author,author,256,2816,0.509655,2,0.601106,0.6682,92.39873,"#B4B4B4"
杨荣国,杨荣国,author,author,54,127,0.093138,2,0.518392,0.53548,9.703574,"#B4B4B4"
林焕平,林焕平,author,author,503,17448,0.821024,2,0.746811,0.830486,1257.845141,"#B4B4B4"
林辰,林辰,author,author,250,1180,0.507119,2,0.59827,0.664258,68.245107,"#B4B4B4"
梁纯夫,梁纯夫,author,author,389,12323,0.675748,2,0.671668,0.755585,629.082367,"#B4B4B4"
欧阳予倩,欧阳予倩,author,author,274,924,0.54276,2,0.609776,0.680026,88.027996,"#B4B4B4"
汪叔棣,汪叔棣,author,author,76,4068,0.081369,2,0.526279,0.549934,17.465973,"#B4B4B4"
沈兹九,沈兹九,author,author,326,1084,0.61788,2,0.636288,0.714192,202.2391,"#B4B4B4"
沈若谷,沈若谷,author,author,250,655,0.507119,2,0.59827,0.664258,68.245107,"#B4B4B4"
沈钧儒,沈钧儒,author,author,396,2082,0.633566,2,0.675844,0.760184,807.220692,"#B4B4B4"
洪涛,洪涛,author,author,263,1241,0.382103,2,0.604448,0.672799,547.854805,"#B4B4B4"
清涟,清涟,author,author,268,7169,0.536722,2,0.606858,0.676084,75.074908,"#B4B4B4"
湘渔,湘渔,author,author,268,3341,0.536722,2,0.606858,0.676084,75.074908,"#B4B4B4"
潘光旦,潘光旦,author,author,371,11736,0.542349,2,0.661164,0.743758,1019.354141,"#B4B4B4"
潘大逵,潘大逵,author,author,80,1636,0.125582,2,0.527739,0.552562,6.961669,"#B4B4B4"
潘孑农,潘孑农,author,author,321,1901,0.619506,2,0.633639,0.710907,218.165877,"#B4B4B4"
焦敏之,焦敏之,author,author,332,1770,0.607597,2,0.639496,0.718134,385.234695,"#B4B4B4"
王琦,王琦,author,author,540,4345,0.867543,2,0.774949,0.854796,1621.259346,"#B4B4B4"
王赣愚,王赣愚,author,author,256,728,0.509655,2,0.601106,0.6682,92.39873,"#B4B4B4"
田禾,田禾,author,author,193,741,0.290987,2,0.572611,0.626807,148.210633,"#B4B4B4"
祝公健,祝公健,author,author,120,497,0.200542,2,0.542796,0.578844,50.331543,"#B4B4B4"
程启钧,程启钧,author,author,154,1070,0.237529,2,0.556287,0.601183,97.291794,"#B4B4B4"
穆欣,穆欣,author,author,278,1741,0.419828,2,0.611736,0.682654,501.087568,"#B4B4B4"
章乃器,章乃器,author,author,172,435,0.271171,2,0.563704,0.613009,96.293331,"#B4B4B4"
笪移今,笪移今,author,author,342,5889,0.513483,2,0.644915,0.724704,590.52411,"#B4B4B4"
简樸,简樸,author,author,192,668,0.300303,2,0.57218,0.62615,125.587324,"#B4B4B4"
翁文灏,翁文灏,author,author,154,773,0.237529,2,0.556287,0.601183,97.291794,"#B4B4B4"
胡绳,胡绳,author,author,527,3172,0.792445,2,0.764824,0.846255,2125.427995,"#B4B4B4"
艾芜,艾芜,author,author,258,966,0.433347,2,0.602057,0.669514,292.699153,"#B4B4B4"
花西里,花西里,author,author,256,1253,0.509655,2,0.601106,0.6682,92.39873,"#B4B4B4"
范樸斋,范樸斋,author,author,157,720,0.217694,2,0.557509,0.603154,241.915293,"#B4B4B4"
荃麟,荃麟,author,author,372,9080,0.646175,2,0.661739,0.744415,472.933384,"#B4B4B4"
萧公权,萧公权,author,author,233,3324,0.351361,2,0.59038,0.653088,175.301927,"#B4B4B4"
葛一虹,葛一虹,author,author,249,1300,0.439494,2,0.5978,0.663601,124.032216,"#B4B4B4"
葛琴,葛琴,author,author,313,1067,0.577311,2,0.629446,0.70565,223.02643,"#B4B4B4"
薛汕,薛汕,author,author,368,3601,0.66464,2,0.659445,0.741787,393.896377,"#B4B4B4"
许寿裳,许寿裳,author,author,334,4219,0.568253,2,0.640572,0.719448,405.45504,"#B4B4B4"
谢东平,谢东平,author,author,459,2723,0.766062,2,0.715898,0.801577,1041.14406,"#B4B4B4"
赛珍珠,赛珍珠,author,author,301,1806,0.463163,2,0.62326,0.697766,439.994137,"#B4B4B4"
赛菲洛夫,赛菲洛夫,author,author,274,924,0.54276,2,0.609776,0.680026,88.027996,"#B4B4B4"
邵冲霄,邵冲霄,author,author,177,813,0.262051,2,0.565799,0.616294,128.418343,"#B4B4B4"
邹鲁,邹鲁,author,author,274,826,0.518567,2,0.609776,0.680026,242.252463,"#B4B4B4"
郭沬若,郭沬若,author,author,178,1164,0.264801,2,0.56622,0.616951,148.892226,"#B4B4B4"
金风,金风,author,author,202,741,0.308931,2,0.576515,0.63272,140.785709,"#B4B4B4"
闻一多,闻一多,author,author,264,1167,0.517864,2,0.604928,0.673456,119.250184,"#B4B4B4"
闻家驷,闻家驷,author,author,275,1320,0.415353,2,0.610265,0.680683,657.478966,"#B4B4B4"
陆诒,陆诒,author,author,497,10954,0.815789,2,0.742439,0.826544,1191.938179,"#B4B4B4"
陈亦丹,陈亦丹,author,author,180,715,0.297007,2,0.567064,0.618265,121.730656,"#B4B4B4"
陈家康,陈家康,author,author,136,571,0.242288,2,0.549062,0.589356,44.375659,"#B4B4B4"
陈时臬,陈时臬,author,author,389,3854,0.693459,2,0.671668,0.755585,476.593346,"#B4B4B4"
陈翰伯,陈翰伯,author,author,250,655,0.507119,2,0.59827,0.664258,68.245107,"#B4B4B4"
陈达,陈达,author,author,301,6933,0.45074,2,0.62326,0.697766,384.604494,"#B4B4B4"
陈铨,陈铨,author,author,168,643,0.207093,2,0.562038,0.610381,332.089659,"#B4B4B4"
雪峰,雪峰,author,author,328,3668,0.615305,2,0.637353,0.715506,262.194429,"#B4B4B4"
韦康,韦康,author,author,249,808,0.496433,2,0.5978,0.663601,106.961537,"#B4B4B4"
马义,马义,author,author,253,1004,0.41625,2,0.599685,0.666229,251.416829,"#B4B4B4"
马寅初,马寅初,author,author,635,9580,0.949797,2,0.857948,0.917214,3370.196981,"#B4B4B4"
马戈,马戈,author,author,184,6550,0.339337,2,0.568759,0.620894,27.298711,"#B4B4B4"
马星野,马星野,author,author,177,813,0.262051,2,0.565799,0.616294,128.418343,"#B4B4B4"
马歇尔,马歇尔,author,author,251,1210,0.38395,2,0.598741,0.664915,318.621413,"#B4B4B4"
魏金枝,魏金枝,author,author,290,1331,0.49346,2,0.617695,0.690539,290.570639,"#B4B4B4"
鲁山,鲁山,author,author,90,453,0.139499,2,0.531425,0.559133,18.379668,"#B4B4B4"
鲁迅,鲁迅,author,author,148,439,0.277906,2,0.553857,0.59724,10.422635,"#B4B4B4"
黄正铭,黄正铭,author,author,76,363,0.081369,2,0.526279,0.549934,17.465973,"#B4B4B4"
黄河清,黄河清,author,author,163,2971,0.261472,2,0.559971,0.607096,88.855606,"#B4B4B4"
黄道庸,黄道庸,author,author,250,655,0.507119,2,0.59827,0.664258,68.245107,"#B4B4B4"
黎明,黎明,author,author,292,1851,0.472848,2,0.618699,0.691853,316.912456,"#B4B4B4"
（英）马可里,（英）马可里,author,author,250,655,0.507119,2,0.59827,0.664258,68.245107,"#B4B4B4"
白旭,白旭,author,author,127,10995,0.207734,2,0.54552,0.583443,48.650507,"#B4B4B4"
文琴,文琴,author,author,174,8617,0.305903,2,0.56454,0.614323,50.982122,"#B4B4B4"
念青,念青,author,author,268,8838,0.536722,2,0.606858,0.676084,75.074908,"#B4B4B4"
丕强,丕强,author,author,161,6667,0.292327,2,0.559148,0.605782,45.777824,"#B4B4B4"
何之,何之,author,author,249,1137,0.401684,2,0.5978,0.663601,290.429237,"#B4B4B4"
周而复,周而复,author,author,444,8577,0.75091,2,0.705937,0.791721,758.471264,"#B4B4B4"
方舟,方舟,author,author,158,6851,0.234516,2,0.557918,0.603811,119.429499,"#B4B4B4"
申由,申由,author,author,250,6408,0.509381,2,0.59827,0.664258,59.391582,"#B4B4B4"
崔嵬,崔嵬,author,author,154,9445,0.216014,2,0.556287,0.601183,123.183083,"#B4B4B4"
白寒,白寒,author,author,274,5903,0.54276,2,0.609776,0.680026,88.027996,"#B4B4B4"
萧扬,萧扬,author,author,420,7878,0.724293,2,0.690563,0.775953,745.22665,"#B4B4B4"
葆荃,葆荃,author,author,274,5159,0.54276,2,0.609776,0.680026,88.027996,"#B4B4B4"
金大均,金大均,author,author,227,1553,0.472987,2,0.587645,0.649146,82.197902,"#B4B4B4"
丁静,丁静,author,author,316,11268,0.59837,2,0.631012,0.707622,180.785112,"#B4B4B4"
朱树锦,朱树锦,author,author,149,1452,0.223652,2,0.554261,0.597898,30.305324,"#B4B4B4"
瓦尔加,瓦尔加,author,author,274,4784,0.54276,2,0.609776,0.680026,88.027996,"#B4B4B4"
甘草,甘草,author,author,257,3836,0.454578,2,0.601581,0.668857,165.30486,"#B4B4B4"
马凡陀,马凡陀,author,author,457,6963,0.775511,2,0.714554,0.800263,1041.443457,"#B4B4B4"
方艾,方艾,author,author,154,2801,0.216014,2,0.556287,0.601183,123.183083,"#B4B4B4"
王坪,王坪,author,author,299,5100,0.587807,2,0.62224,0.696452,106.230698,"#B4B4B4"
蔡尚思,蔡尚思,author,author,495,13386,0.736033,2,0.740993,0.82523,1754.10907,"#B4B4B4"
伯奇,伯奇,author,author,205,1691,0.339916,2,0.577828,0.634691,155.78005,"#B4B4B4"
星星,星星,author,author,175,7500,0.261258,3,0.550253,0.607096,19.302104,"#B4B4B4"
李超,李超,author,author,238,2852,0.343644,2,0.592679,0.656373,447.91648,"#B4B4B4"
黎纬北,黎纬北,author,author,330,3812,0.624815,2,0.638423,0.71682,212.273068,"#B4B4B4"
一波,一波,author,author,159,2453,0.238385,2,0.558327,0.604468,75.125157,"#B4B4B4"
千家驹,千家驹,author,author,460,4297,0.745533,2,0.716573,0.802234,1352.829376,"#B4B4B4"
史刚,史刚,author,author,193,1525,0.290987,2,0.572611,0.626807,148.210633,"#B4B4B4"
吴泽,吴泽,author,author,247,1389,0.411253,2,0.596863,0.662286,148.123205,"#B4B4B4"
李普,李普,author,author,361,4013,0.633013,2,0.655469,0.737188,410.307506,"#B4B4B4"
胡愈之,胡愈之,author,author,241,3422,0.433569,2,0.594067,0.658344,136.105391,"#B4B4B4"
任钧,任钧,author,author,446,3439,0.778905,2,0.707249,0.793035,694.168283,"#B4B4B4"
伊人,伊人,author,author,81,276,0.133432,2,0.528105,0.553219,17.016429,"#B4B4B4"
吴耀宗,吴耀宗,author,author,199,2398,0.34128,2,0.575208,0.630749,109.005698,"#B4B4B4"
李普曼,李普曼,author,author,112,1955,0.138393,2,0.539716,0.573587,83.695926,"#B4B4B4"
欧阳倩,欧阳倩,author,author,80,835,0.125582,2,0.527739,0.552562,6.961669,"#B4B4B4"
沈同衡,沈同衡,author,author,277,2207,0.477541,2,0.611245,0.681997,274.99129,"#B4B4B4"
稽古,稽古,author,author,268,3980,0.536722,2,0.606858,0.676084,75.074908,"#B4B4B4"
适夷,适夷,author,author,560,3995,0.893444,2,0.79106,0.867937,1959.21916,"#B4B4B4"
陈伯达,陈伯达,author,author,175,4574,0.261258,3,0.550253,0.607096,19.302104,"#B4B4B4"
陈烟桥,陈烟桥,author,author,362,5955,0.665022,2,0.656034,0.737845,283.509714,"#B4B4B4"
飞海,飞海,author,author,216,2654,0.344534,2,0.582695,0.641919,127.670584,"#B4B4B4"
一之,一之,author,author,181,1182,0.283067,2,0.567487,0.618922,47.429328,"#B4B4B4"
何恕,何恕,author,author,184,1755,0.339337,2,0.568759,0.620894,27.298711,"#B4B4B4"
储安平,储安平,author,author,196,13558,0.314001,2,0.573906,0.628778,65.327991,"#B4B4B4"
唐旻,唐旻,author,author,256,1124,0.509655,2,0.601106,0.6682,92.39873,"#B4B4B4"
子午,子午,author,author,321,2799,0.613446,2,0.633639,0.710907,158.977063,"#B4B4B4"
晨曦,晨曦,author,author,250,1793,0.509381,2,0.59827,0.664258,59.391582,"#B4B4B4"
移山,移山,author,author,274,1712,0.54276,2,0.609776,0.680026,88.027996,"#B4B4B4"
胡冈,胡冈,author,author,264,1247,0.517864,2,0.604928,0.673456,119.250184,"#B4B4B4"
蒋匀田,蒋匀田,author,author,66,1696,0.094258,2,0.522665,0.543364,17.918248,"#B4B4B4"
裴仁,裴仁,author,author,383,4618,0.576317,2,0.66813,0.751643,952.028874,"#B4B4B4"
费青,费青,author,author,249,1706,0.330101,2,0.5978,0.663601,462.003362,"#B4B4B4"
醒华,醒华,author,author,175,3774,0.261258,3,0.550253,0.607096,19.302104,"#B4B4B4"
陈原,陈原,author,author,201,791,0.346404,2,0.576079,0.632063,132.599862,"#B4B4B4"
陈白尘,陈白尘,author,author,299,2004,0.587807,2,0.62224,0.696452,106.230698,"#B4B4B4"
雾城,雾城,author,author,321,2372,0.613446,2,0.633639,0.710907,158.977063,"#B4B4B4"
何为,何为,author,author,185,984,0.333198,2,0.569185,0.621551,59.866186,"#B4B4B4"
何家槐,何家槐,author,author,321,2950,0.613446,2,0.633639,0.710907,158.977063,"#B4B4B4"
佚名,佚名,author,author,506,4009,0.808337,2,0.749016,0.832457,1597.48881,"#B4B4B4"
冯友兰,冯友兰,author,author,231,1277,0.341102,2,0.589466,0.651774,156.173494,"#B4B4B4"
刘白羽,刘白羽,author,author,415,2707,0.713565,2,0.687444,0.772668,606.03148,"#B4B4B4"
华莱士,华莱士,author,author,454,7774,0.755358,2,0.712547,0.798292,1013.455069,"#B4B4B4"
史国衡,史国衡,author,author,182,1137,0.321169,2,0.56791,0.61958,86.197503,"#B4B4B4"
吴玉章,吴玉章,author,author,175,1764,0.261258,3,0.550253,0.607096,19.302104,"#B4B4B4"
周子亚,周子亚,author,author,185,2445,0.257579,2,0.569185,0.621551,102.290689,"#B4B4B4"
安娥,安娥,author,author,257,1316,0.454578,2,0.601581,0.668857,165.30486,"#B4B4B4"
小诃,小诃,author,author,264,1613,0.422841,2,0.604928,0.673456,242.292085,"#B4B4B4"
岳光,岳光,author,author,415,3310,0.735127,2,0.687444,0.772668,549.912658,"#B4B4B4"
张文元,张文元,author,author,319,5507,0.540291,2,0.632585,0.709593,361.718726,"#B4B4B4"
张絅伯,张絅伯,author,author,352,5097,0.648877,2,0.650427,0.731275,341.676894,"#B4B4B4"
张西超,张西超,author,author,158,538,0.271344,2,0.557918,0.603811,53.299096,"#B4B4B4"
张铁生,张铁生,author,author,425,4928,0.718448,2,0.69371,0.779238,838.537995,"#B4B4B4"
张锡昌,张锡昌,author,author,226,605,0.472154,2,0.587191,0.648489,40.904195,"#B4B4B4"
彭泽民,彭泽民,author,author,204,928,0.321646,2,0.57739,0.634034,116.774428,"#B4B4B4"
怀湘,怀湘,author,author,344,11660,0.614151,2,0.64601,0.726018,307.203756,"#B4B4B4"
思粤,思粤,author,author,248,1430,0.401386,2,0.597331,0.662943,132.750827,"#B4B4B4"
拉斯基,拉斯基,author,author,180,2781,0.268479,2,0.567064,0.618265,114.884137,"#B4B4B4"
李俞,李俞,author,author,296,1612,0.490107,2,0.620718,0.694481,322.513402,"#B4B4B4"
李广田,李广田,author,author,210,2831,0.279047,2,0.58003,0.637976,187.964556,"#B4B4B4"
李浩培,李浩培,author,author,218,2296,0.28719,2,0.583589,0.643233,221.479159,"#B4B4B4"
李瑛,李瑛,author,author,142,944,0.182094,2,0.551449,0.593298,213.753138,"#B4B4B4"
杜守素,杜守素,author,author,147,686,0.252477,2,0.553455,0.596583,34.298002,"#B4B4B4"
林砺儒,林砺儒,author,author,226,1130,0.472154,2,0.587191,0.648489,40.904195,"#B4B4B4"
林莽,林莽,author,author,242,1882,0.423369,2,0.594531,0.659001,160.912842,"#B4B4B4"
洪遒,洪遒,author,author,335,2022,0.605489,2,0.641112,0.720105,283.853292,"#B4B4B4"
狄超白,狄超白,author,author,328,1897,0.506462,2,0.637353,0.715506,618.483696,"#B4B4B4"
田汝康,田汝康,author,author,178,3920,0.266469,2,0.56622,0.616951,102.945953,"#B4B4B4"
申公,申公,author,author,250,1268,0.509381,2,0.59827,0.664258,59.391582,"#B4B4B4"
祁文英,祁文英,author,author,175,1566,0.261258,3,0.550253,0.607096,19.302104,"#B4B4B4"
纯青,纯青,author,author,325,3507,0.600402,2,0.635756,0.713535,319.743507,"#B4B4B4"
胡笛,胡笛,author,author,321,4230,0.619506,2,0.633639,0.710907,218.165877,"#B4B4B4"
胡风,胡风,author,author,311,1447,0.59815,2,0.628406,0.704336,222.280853,"#B4B4B4"
诺斯,诺斯,author,author,285,1002,0.551698,2,0.615198,0.687254,149.432439,"#B4B4B4"
赵元浩,赵元浩,author,author,330,1386,0.624815,2,0.638423,0.71682,212.273068,"#B4B4B4"
金重,金重,author,author,178,903,0.240581,2,0.56622,0.616951,149.40994,"#B4B4B4"
阿杨,阿杨,author,author,220,1406,0.383706,2,0.584485,0.644547,124.343597,"#B4B4B4"
陈友松,陈友松,author,author,185,2048,0.257579,2,0.569185,0.621551,102.290689,"#B4B4B4"
陈本端,陈本端,author,author,112,1156,0.138393,2,0.539716,0.573587,83.695926,"#B4B4B4"
陈闲,陈闲,author,author,189,1304,0.27754,3,0.55588,0.616294,82.006954,"#B4B4B4"
非昔,非昔,author,author,268,1473,0.536722,2,0.606858,0.676084,75.074908,"#B4B4B4"
黄雨秋,黄雨秋,author,author,196,829,0.346196,2,0.573906,0.628778,87.150273,"#B4B4B4"
黎洪,黎洪,author,author,250,1248,0.401891,2,0.59827,0.664258,256.462837,"#B4B4B4"
（美）福斯特,（美）福斯特,author,author,274,1844,0.54276,2,0.609776,0.680026,88.027996,"#B4B4B4"
MK,MK,author,author,256,969,0.424472,2,0.601106,0.6682,230.02871,"#B4B4B4"
一行,一行,author,author,238,1172,0.343644,2,0.592679,0.656373,447.91648,"#B4B4B4"
丘哲,丘哲,author,author,204,843,0.321646,2,0.57739,0.634034,116.774428,"#B4B4B4"
伊利奥特·罗斯福,伊利奥特·罗斯福,author,author,268,1001,0.536722,2,0.606858,0.676084,75.074908,"#B4B4B4"
伍丹戈,伍丹戈,author,author,321,2807,0.619506,2,0.633639,0.710907,218.165877,"#B4B4B4"
伍德昌,伍德昌,author,author,274,924,0.54276,2,0.609776,0.680026,88.027996,"#B4B4B4"
何思敬,何思敬,author,author,220,537,0.467397,2,0.584485,0.644547,13.021345,"#B4B4B4"
何永佶,何永佶,author,author,230,5793,0.353775,2,0.589009,0.651117,193.278272,"#B4B4B4"
何若钧,何若钧,author,author,201,1935,0.309,2,0.576079,0.632063,147.007439,"#B4B4B4"
何香凝,何香凝,author,author,175,884,0.261258,3,0.550253,0.607096,19.302104,"#B4B4B4"
傅孟真,傅孟真,author,author,325,1013,0.600402,2,0.635756,0.713535,319.743507,"#B4B4B4"
全慰天,全慰天,author,author,257,3022,0.40929,2,0.601581,0.668857,166.47785,"#B4B4B4"
公彦,公彦,author,author,274,1449,0.54276,2,0.609776,0.680026,88.027996,"#B4B4B4"
公隼,公隼,author,author,299,956,0.587807,2,0.62224,0.696452,106.230698,"#B4B4B4"
冬麦,冬麦,author,author,220,537,0.467397,2,0.584485,0.644547,13.021345,"#B4B4B4"
冯至,冯至,author,author,399,1505,0.658668,2,0.677649,0.762155,1029.119947,"#B4B4B4"
刃锋,刃锋,author,author,326,2432,0.50018,2,0.636288,0.714192,411.140082,"#B4B4B4"
刘士伟,刘士伟,author,author,250,743,0.509381,2,0.59827,0.664258,59.391582,"#B4B4B4"
华生,华生,author,author,242,943,0.423369,2,0.594531,0.659001,160.912842,"#B4B4B4"
华罗庚,华罗庚,author,author,229,2225,0.394164,2,0.588554,0.65046,148.684275,"#B4B4B4"
南人,南人,author,author,244,736,0.40709,2,0.595462,0.660315,212.148315,"#B4B4B4"
史坦因,史坦因,author,author,220,537,0.467397,2,0.584485,0.644547,13.021345,"#B4B4B4"
史特朗,史特朗,author,author,313,10072,0.462506,2,0.629446,0.70565,738.525756,"#B4B4B4"
史靖,史靖,author,author,448,2652,0.755039,2,0.708566,0.79435,1008.182267,"#B4B4B4"
叶萌,叶萌,author,author,175,1422,0.261258,3,0.550253,0.607096,19.302104,"#B4B4B4"
叶辛,叶辛,author,author,321,987,0.619506,2,0.633639,0.710907,218.165877,"#B4B4B4"
司马文森,司马文森,author,author,256,969,0.424472,2,0.601106,0.6682,230.02871,"#B4B4B4"
向达,向达,author,author,160,891,0.209164,2,0.558737,0.605125,274.585408,"#B4B4B4"
君羊,君羊,author,author,154,22718,0.237529,2,0.556287,0.601183,97.291794,"#B4B4B4"
吴恩裕,吴恩裕,author,author,149,4560,0.222701,2,0.554261,0.597898,16.221953,"#B4B4B4"
周绶章,周绶章,author,author,248,2392,0.401386,2,0.597331,0.662943,132.750827,"#B4B4B4"
国新,国新,author,author,80,244,0.125582,2,0.527739,0.552562,6.961669,"#B4B4B4"
坚夫,坚夫,author,author,181,756,0.283067,2,0.567487,0.618922,47.429328,"#B4B4B4"
夏白,夏白,author,author,220,537,0.467397,2,0.584485,0.644547,13.021345,"#B4B4B4"
娄立斋,娄立斋,author,author,346,954,0.600841,2,0.647109,0.727332,743.108648,"#B4B4B4"
孟宪章,孟宪章,author,author,350,4327,0.502086,2,0.649317,0.729961,823.080727,"#B4B4B4"
孟永之,孟永之,author,author,163,547,0.285856,2,0.559971,0.607096,36.077266,"#B4B4B4"
宋云彬,宋云彬,author,author,234,570,0.48202,2,0.590839,0.653745,59.110543,"#B4B4B4"
宜闲,宜闲,author,author,326,1301,0.590267,2,0.636288,0.714192,289.028491,"#B4B4B4"
宣铁吾,宣铁吾,author,author,299,956,0.587807,2,0.62224,0.696452,106.230698,"#B4B4B4"
寿进文,寿进文,author,author,272,666,0.541143,2,0.6088,0.678712,124.600119,"#B4B4B4"
小兵,小兵,author,author,122,384,0.165533,3,0.529576,0.572054,43.18179,"#B4B4B4"
尖兵,尖兵,author,author,182,710,0.321169,2,0.56791,0.61958,86.197503,"#B4B4B4"
尼龙,尼龙,author,author,321,3257,0.619506,2,0.633639,0.710907,218.165877,"#B4B4B4"
廖冰兄,廖冰兄,author,author,256,969,0.424472,2,0.601106,0.6682,230.02871,"#B4B4B4"
廖盖隆,廖盖隆,author,author,313,1067,0.577311,2,0.629446,0.70565,223.02643,"#B4B4B4"
张东前,张东前,author,author,140,493,0.215715,2,0.550651,0.591984,9.875427,"#B4B4B4"
张殊明,张殊明,author,author,168,560,0.258681,2,0.562038,0.610381,48.627254,"#B4B4B4"
张泉,张泉,author,author,274,1712,0.54276,2,0.609776,0.680026,88.027996,"#B4B4B4"
彭慧,彭慧,author,author,136,1066,0.225921,2,0.549062,0.589356,42.331801,"#B4B4B4"
徐盈,徐盈,author,author,462,1593,0.752065,2,0.717925,0.803548,1401.543586,"#B4B4B4"
徐迟,徐迟,author,author,274,1972,0.54276,2,0.609776,0.680026,88.027996,"#B4B4B4"
戴世光,戴世光,author,author,149,1236,0.222701,2,0.554261,0.597898,16.221953,"#B4B4B4"
戴文葆,戴文葆,author,author,184,903,0.339337,2,0.568759,0.620894,27.298711,"#B4B4B4"
文孚,文孚,author,author,299,956,0.587807,2,0.62224,0.696452,106.230698,"#B4B4B4"
文魁,文魁,author,author,344,16771,0.614151,2,0.64601,0.726018,307.203756,"#B4B4B4"
方方,方方,author,author,175,12600,0.261258,3,0.550253,0.607096,19.302104,"#B4B4B4"
方纾,方纾,author,author,184,903,0.339337,2,0.568759,0.620894,27.298711,"#B4B4B4"
方迅,方迅,author,author,299,1213,0.554528,2,0.62224,0.696452,221.561656,"#B4B4B4"
曹孟君,曹孟君,author,author,214,826,0.385602,2,0.581804,0.640604,75.745135,"#B4B4B4"
曹锡珍,曹锡珍,author,author,172,435,0.271171,2,0.563704,0.613009,96.293331,"#B4B4B4"
曾伟,曾伟,author,author,250,743,0.509381,2,0.59827,0.664258,59.391582,"#B4B4B4"
朱东润,朱东润,author,author,185,785,0.257579,2,0.569185,0.621551,102.290689,"#B4B4B4"
朱自清,朱自清,author,author,423,2269,0.691788,2,0.692448,0.777924,1144.373768,"#B4B4B4"
李伯球,李伯球,author,author,282,2320,0.442983,2,0.61371,0.685283,366.729223,"#B4B4B4"
李家榆,李家榆,author,author,313,1067,0.577311,2,0.629446,0.70565,223.02643,"#B4B4B4"
李敏,李敏,author,author,198,818,0.311946,2,0.574773,0.630092,167.772522,"#B4B4B4"
李济深,李济深,author,author,101,303,0.185616,2,0.535538,0.56636,17.449516,"#B4B4B4"
李章达,李章达,author,author,181,756,0.283067,2,0.567487,0.618922,47.429328,"#B4B4B4"
杨伯恺,杨伯恺,author,author,250,957,0.509381,2,0.59827,0.664258,59.391582,"#B4B4B4"
杨深,杨深,author,author,272,1714,0.541143,2,0.6088,0.678712,124.600119,"#B4B4B4"
杨西孟,杨西孟,author,author,196,1514,0.314001,2,0.573906,0.628778,65.327991,"#B4B4B4"
林亨元,林亨元,author,author,256,728,0.509655,2,0.601106,0.6682,92.39873,"#B4B4B4"
林赛,林赛,author,author,182,4545,0.270743,2,0.56791,0.61958,148.889361,"#B4B4B4"
林达,林达,author,author,319,1814,0.499217,2,0.632585,0.709593,534.506945,"#B4B4B4"
梁潄溟,梁潄溟,author,author,432,1658,0.747273,2,0.698165,0.783837,797.578107,"#B4B4B4"
汉夫,汉夫,author,author,175,3024,0.261258,3,0.550253,0.607096,19.302104,"#B4B4B4"
沈体兰,沈体兰,author,author,199,988,0.34128,2,0.575208,0.630749,109.005698,"#B4B4B4"
沈茂坊,沈茂坊,author,author,159,529,0.238385,2,0.558327,0.604468,75.125157,"#B4B4B4"
波立特,波立特,author,author,216,937,0.344534,2,0.582695,0.641919,127.670584,"#B4B4B4"
王亚平,王亚平,author,author,214,826,0.385602,2,0.581804,0.640604,75.745135,"#B4B4B4"
王芸生,王芸生,author,author,287,1760,0.451492,2,0.616194,0.688568,292.738045,"#B4B4B4"
甘祠森,甘祠森,author,author,187,741,0.314262,2,0.570037,0.622865,104.324691,"#B4B4B4"
白薇,白薇,author,author,171,1664,0.28447,2,0.563286,0.612352,76.28684,"#B4B4B4"
石东,石东,author,author,418,4871,0.730029,2,0.689312,0.774639,758.750395,"#B4B4B4"
秦似,秦似,author,author,344,1411,0.614151,2,0.64601,0.726018,307.203756,"#B4B4B4"
罗荪,罗荪,author,author,214,826,0.385602,2,0.581804,0.640604,75.745135,"#B4B4B4"
翼青,翼青,author,author,80,244,0.125582,2,0.527739,0.552562,6.961669,"#B4B4B4"
胡仲持,胡仲持,author,author,168,774,0.258681,2,0.562038,0.610381,48.627254,"#B4B4B4"
胡光,胡光,author,author,499,6305,0.773326,2,0.743891,0.827858,1546.720899,"#B4B4B4"
胡庆钧,胡庆钧,author,author,206,2161,0.304583,2,0.578267,0.635348,202.556413,"#B4B4B4"
艾思奇,艾思奇,author,author,256,969,0.424472,2,0.601106,0.6682,230.02871,"#B4B4B4"
苏儒,苏儒,author,author,274,924,0.54276,2,0.609776,0.680026,88.027996,"#B4B4B4"
萧乾,萧乾,author,author,149,2202,0.222701,2,0.554261,0.597898,16.221953,"#B4B4B4"
萨空了,萨空了,author,author,326,1301,0.590267,2,0.636288,0.714192,289.028491,"#B4B4B4"
董时进,董时进,author,author,325,1497,0.600402,2,0.635756,0.713535,319.743507,"#B4B4B4"
蒲特,蒲特,author,author,175,884,0.261258,3,0.550253,0.607096,19.302104,"#B4B4B4"
蕙风,蕙风,author,author,202,741,0.308931,2,0.576515,0.63272,140.785709,"#B4B4B4"
许涤新,许涤新,author,author,344,20407,0.614151,2,0.64601,0.726018,307.203756,"#B4B4B4"
谌小岑,谌小岑,author,author,274,1123,0.518567,2,0.609776,0.680026,242.252463,"#B4B4B4"
费正,费正,author,author,163,2817,0.285856,2,0.559971,0.607096,36.077266,"#B4B4B4"
赵超构,赵超构,author,author,406,1527,0.706939,2,0.6819,0.766754,653.301822,"#B4B4B4"
辛斤,辛斤,author,author,186,2323,0.304194,2,0.569611,0.622208,128.319401,"#B4B4B4"
邓之诚,邓之诚,author,author,272,666,0.541143,2,0.6088,0.678712,124.600119,"#B4B4B4"
邓颖超,邓颖超,author,author,216,1475,0.344534,2,0.582695,0.641919,127.670584,"#B4B4B4"
邹文海,邹文海,author,author,149,550,0.223652,2,0.554261,0.597898,30.305324,"#B4B4B4"
郭大力,郭大力,author,author,321,1901,0.619506,2,0.633639,0.710907,218.165877,"#B4B4B4"
郭根,郭根,author,author,219,580,0.337363,2,0.584037,0.64389,323.587611,"#B4B4B4"
铁马,铁马,author,author,249,808,0.496433,2,0.5978,0.663601,106.961537,"#B4B4B4"
阎宝航,阎宝航,author,author,192,668,0.300303,2,0.57218,0.62615,125.587324,"#B4B4B4"
陈平,陈平,author,author,313,1067,0.577311,2,0.629446,0.70565,223.02643,"#B4B4B4"
陈柏心,陈柏心,author,author,185,1961,0.257579,2,0.569185,0.621551,102.290689,"#B4B4B4"
陈立夫,陈立夫,author,author,76,363,0.081369,2,0.526279,0.549934,17.465973,"#B4B4B4"
陈翰笙,陈翰笙,author,author,250,743,0.509381,2,0.59827,0.664258,59.391582,"#B4B4B4"
陶孟和,陶孟和,author,author,196,897,0.314001,2,0.573906,0.628778,65.327991,"#B4B4B4"
雷洁琼,雷洁琼,author,author,207,568,0.370913,2,0.578707,0.636005,94.159506,"#B4B4B4"
雷海宗,雷海宗,author,author,140,977,0.215715,2,0.550651,0.591984,9.875427,"#B4B4B4"
静之,静之,author,author,231,791,0.364578,2,0.589466,0.651774,259.474709,"#B4B4B4"
靳以,靳以,author,author,224,608,0.39088,2,0.586287,0.647175,153.411671,"#B4B4B4"
韩德培,韩德培,author,author,248,2870,0.401386,2,0.597331,0.662943,132.750827,"#B4B4B4"
香汀,香汀,author,author,299,956,0.587807,2,0.62224,0.696452,106.230698,"#B4B4B4"
高梁,高梁,author,author,313,1605,0.577311,2,0.629446,0.70565,223.02643,"#B4B4B4"
高歌,高歌,author,author,385,1897,0.670163,2,0.669305,0.752957,620.643223,"#B4B4B4"
魏伯,魏伯,author,author,148,439,0.277906,2,0.553857,0.59724,10.422635,"#B4B4B4"
鲁风,鲁风,author,author,116,482,0.174834,2,0.541252,0.576216,64.708152,"#B4B4B4"
龚澎,龚澎,author,author,313,2141,0.577311,2,0.629446,0.70565,223.02643,"#B4B4B4"
（美）李普曼,（美）李普曼,author,author,154,773,0.237529,2,0.556287,0.601183,97.291794,"#B4B4B4"
（苏）爱伦堡,（苏）爱伦堡,author,author,299,871,0.554528,2,0.62224,0.696452,221.561656,"#B4B4B4"
舒翰,舒翰,author,author,175,19566,0.261258,3,0.550253,0.607096,19.302104,"#B4B4B4"
王民,王民,author,author,187,18738,0.30077,2,0.570037,0.622865,40.198023,"#B4B4B4"
叶菲,叶菲,author,author,216,10710,0.344534,2,0.582695,0.641919,127.670584,"#B4B4B4"
江问渔,江问渔,author,author,198,9795,0.312742,2,0.574773,0.630092,93.0855,"#B4B4B4"
文骊,文骊,author,author,187,8596,0.30077,2,0.570037,0.622865,40.198023,"#B4B4B4"
方成,方成,author,author,285,14840,0.459031,2,0.615198,0.687254,220.098562,"#B4B4B4"
王亚南,王亚南,author,author,201,8959,0.348013,2,0.576079,0.632063,65.184594,"#B4B4B4"
光祖,光祖,author,author,200,6336,0.335941,2,0.575643,0.631406,102.76753,"#B4B4B4"
吕克难,吕克难,author,author,280,4222,0.395988,2,0.612721,0.683968,584.503636,"#B4B4B4"
安尼,安尼,author,author,216,6227,0.344534,2,0.582695,0.641919,127.670584,"#B4B4B4"
李桦,李桦,author,author,361,6662,0.508104,2,0.655469,0.737188,733.853187,"#B4B4B4"
潘朗,潘朗,author,author,370,4335,0.664847,2,0.66059,0.743101,468.756038,"#B4B4B4"
穆企,穆企,author,author,201,4479,0.348013,2,0.576079,0.632063,65.184594,"#B4B4B4"
楼邦彦,楼邦彦,author,author,256,8170,0.360311,2,0.601106,0.6682,359.596168,"#B4B4B4"
沈友谷,沈友谷,author,author,175,7034,0.261258,3,0.550253,0.607096,19.302104,"#B4B4B4"
补斋,补斋,author,author,187,6760,0.30077,2,0.570037,0.622865,40.198023,"#B4B4B4"
苏素,苏素,author,author,175,2906,0.261258,3,0.550253,0.607096,19.302104,"#B4B4B4"
桐庐,桐庐,author,author,175,5376,0.261258,3,0.550253,0.607096,19.302104,"#B4B4B4"
浦熙修,浦熙修,author,author,354,4167,0.546824,2,0.651541,0.732589,453.390172,"#B4B4B4"
石仲子,石仲子,author,author,187,8415,0.30077,2,0.570037,0.622865,40.198023,"#B4B4B4"
默涵,默涵,author,author,175,5628,0.261258,3,0.550253,0.607096,19.302104,"#B4B4B4"
怀庶,怀庶,author,author,175,6856,0.261258,3,0.550253,0.607096,19.302104,"#B4B4B4"
林海,林海,author,author,248,6310,0.401386,2,0.597331,0.662943,132.750827,"#B4B4B4"
樊弘,樊弘,author,author,306,10639,0.4417,2,0.625822,0.701051,464.229769,"#B4B4B4"
潘光祖,潘光祖,author,author,264,4433,0.422841,2,0.604928,0.673456,242.292085,"#B4B4B4"
静观,静观,author,author,161,3197,0.237299,2,0.559148,0.605782,100.601736,"#B4B4B4"
凌华,凌华,author,author,215,5695,0.351024,2,0.582249,0.641261,67.440417,"#B4B4B4"
平凡,平凡,author,author,255,2298,0.392326,2,0.600631,0.667543,476.731547,"#B4B4B4"
文琪,文琪,author,author,215,3946,0.351024,2,0.582249,0.641261,67.440417,"#B4B4B4"
方显廷,方显廷,author,author,287,1544,0.451492,2,0.616194,0.688568,292.738045,"#B4B4B4"
江流,江流,author,author,289,2558,0.481042,2,0.617194,0.689882,291.451296,"#B4B4B4"
洪荒,洪荒,author,author,343,6288,0.527958,2,0.645462,0.725361,419.741105,"#B4B4B4"
老马,老马,author,author,321,2355,0.619506,2,0.633639,0.710907,218.165877,"#B4B4B4"
胡其亮,胡其亮,author,author,175,3236,0.261258,3,0.550253,0.607096,19.302104,"#B4B4B4"
苏新,苏新,author,author,187,2857,0.30077,2,0.570037,0.622865,40.198023,"#B4B4B4"
陈行健,陈行健,author,author,187,3666,0.30077,2,0.570037,0.622865,40.198023,"#B4B4B4"
严仁赓,严仁赓,author,author,149,3962,0.222701,2,0.554261,0.597898,16.221953,"#B4B4B4"
华山,华山,author,author,242,1718,0.380867,2,0.594531,0.659001,340.009926,"#B4B4B4"
周达,周达,author,author,175,1904,0.261258,3,0.550253,0.607096,19.302104,"#B4B4B4"
崔是田,崔是田,author,author,175,2240,0.261258,3,0.550253,0.607096,19.302104,"#B4B4B4"
李白凤,李白凤,author,author,303,2588,0.582361,2,0.624282,0.69908,199.313175,"#B4B4B4"
杜渐,杜渐,author,author,215,4808,0.351024,2,0.582249,0.641261,67.440417,"#B4B4B4"
杨人楩,杨人楩,author,author,217,3790,0.286245,2,0.583142,0.642576,218.745563,"#B4B4B4"
林其民,林其民,author,author,215,2289,0.351024,2,0.582249,0.641261,67.440417,"#B4B4B4"
林木,林木,author,author,380,2639,0.560181,2,0.666375,0.749671,1155.90728,"#B4B4B4"
林沧白,林沧白,author,author,215,4375,0.351024,2,0.582249,0.641261,67.440417,"#B4B4B4"
欧文,欧文,author,author,188,1503,0.28693,2,0.570465,0.623522,199.617296,"#B4B4B4"
汤德明,汤德明,author,author,152,2770,0.262817,2,0.555474,0.599869,16.269815,"#B4B4B4"
端纳,端纳,author,author,216,4256,0.344534,2,0.582695,0.641919,127.670584,"#B4B4B4"
筠友,筠友,author,author,261,2602,0.368181,2,0.603489,0.671485,416.373626,"#B4B4B4"
胡适,胡适,author,author,137,710,0.209599,2,0.549458,0.590013,43.867331,"#B4B4B4"
辛之,辛之,author,author,175,4082,0.261258,3,0.550253,0.607096,19.302104,"#B4B4B4"
仲冰,仲冰,author,author,175,3112,0.261258,3,0.550253,0.607096,19.302104,"#B4B4B4"
余才友,余才友,author,author,149,2062,0.222701,2,0.554261,0.597898,16.221953,"#B4B4B4"
冯契,冯契,author,author,152,2320,0.262817,2,0.555474,0.599869,16.269815,"#B4B4B4"
向日,向日,author,author,182,1100,0.270743,2,0.56791,0.61958,148.889361,"#B4B4B4"
周炳琳,周炳琳,author,author,149,1582,0.222701,2,0.554261,0.597898,16.221953,"#B4B4B4"
孙殿伟,孙殿伟,author,author,231,1944,0.387989,2,0.589466,0.651774,93.626045,"#B4B4B4"
宣相权,宣相权,author,author,137,735,0.209599,2,0.549458,0.590013,43.867331,"#B4B4B4"
廖方明,廖方明,author,author,175,1422,0.261258,3,0.550253,0.607096,19.302104,"#B4B4B4"
张啸虎,张啸虎,author,author,248,2344,0.401386,2,0.597331,0.662943,132.750827,"#B4B4B4"
日丹诺夫,日丹诺夫,author,author,216,1725,0.344534,2,0.582695,0.641919,127.670584,"#B4B4B4"
杨可扬,杨可扬,author,author,231,1277,0.341102,2,0.589466,0.651774,156.173494,"#B4B4B4"
杨晦,杨晦,author,author,214,1069,0.317084,2,0.581804,0.640604,196.900279,"#B4B4B4"
漆琪生,漆琪生,author,author,276,1783,0.440728,2,0.610754,0.68134,216.537223,"#B4B4B4"
王铁崖,王铁崖,author,author,242,2497,0.3519,2,0.594531,0.659001,194.580172,"#B4B4B4"
秋虹,秋虹,author,author,175,3896,0.261258,3,0.550253,0.607096,19.302104,"#B4B4B4"
赵延年,赵延年,author,author,242,1262,0.380867,2,0.594531,0.659001,340.009926,"#B4B4B4"
钱实甫,钱实甫,author,author,201,736,0.348013,2,0.576079,0.632063,65.184594,"#B4B4B4"
阡人,阡人,author,author,175,1422,0.261258,3,0.550253,0.607096,19.302104,"#B4B4B4"
陈微子,陈微子,author,author,248,2370,0.401386,2,0.597331,0.662943,132.750827,"#B4B4B4"
陈振汉,陈振汉,author,author,149,2436,0.222701,2,0.554261,0.597898,16.221953,"#B4B4B4"
陈旭麓,陈旭麓,author,author,315,1751,0.481574,2,0.630489,0.706965,334.008336,"#B4B4B4"
陈际云,陈际云,author,author,173,1048,0.281457,2,0.564122,0.613666,59.321556,"#B4B4B4"
颜孙,颜孙,author,author,175,3648,0.261258,3,0.550253,0.607096,19.302104,"#B4B4B4"
高阳,高阳,author,author,254,1963,0.398579,2,0.600158,0.666886,195.096373,"#B4B4B4"
黄作梅,黄作梅,author,author,175,1904,0.261258,3,0.550253,0.607096,19.302104,"#B4B4B4"
黄墅,黄墅,author,author,137,2612,0.209599,2,0.549458,0.590013,43.867331,"#B4B4B4"
黄磷,黄磷,author,author,175,2300,0.261258,3,0.550253,0.607096,19.302104,"#B4B4B4"
龙子,龙子,author,author,178,1046,0.266469,2,0.56622,0.616951,102.945953,"#B4B4B4"
Deane，H.,Deane，H.,author,author,184,597,0.263054,2,0.568759,0.620894,246.416667,"#B4B4B4"
Kingsley_Martin,Kingsley_Martin,author,author,185,1269,0.257579,2,0.569185,0.621551,102.290689,"#B4B4B4"
一公,一公,author,author,293,678,0.528844,2,0.619203,0.69251,528.597221,"#B4B4B4"
严凌,严凌,author,author,161,588,0.237299,2,0.559148,0.605782,100.601736,"#B4B4B4"
以沛,以沛,author,author,175,1958,0.261258,3,0.550253,0.607096,19.302104,"#B4B4B4"
俞寰澄,俞寰澄,author,author,187,1638,0.30077,2,0.570037,0.622865,40.198023,"#B4B4B4"
俞平伯,俞平伯,author,author,171,373,0.242642,2,0.563286,0.612352,149.276069,"#B4B4B4"
刘勉,刘勉,author,author,216,694,0.319314,2,0.582695,0.641919,199.565731,"#B4B4B4"
友谷,友谷,author,author,175,884,0.261258,3,0.550253,0.607096,19.302104,"#B4B4B4"
史量,史量,author,author,175,884,0.261258,3,0.550253,0.607096,19.302104,"#B4B4B4"
吴之椿,吴之椿,author,author,233,924,0.351361,2,0.59038,0.653088,175.301927,"#B4B4B4"
吴景超,吴景超,author,author,206,2537,0.323765,2,0.578267,0.635348,90.49036,"#B4B4B4"
周一志,周一志,author,author,196,1109,0.314001,2,0.573906,0.628778,65.327991,"#B4B4B4"
孙晓村,孙晓村,author,author,128,676,0.192572,2,0.545911,0.5841,32.666758,"#B4B4B4"
孟启予,孟启予,author,author,314,834,0.589618,2,0.629967,0.706307,278.541436,"#B4B4B4"
宋越伦,宋越伦,author,author,88,339,0.101098,2,0.530683,0.557819,32.84251,"#B4B4B4"
小云,小云,author,author,175,4310,0.261258,3,0.550253,0.607096,19.302104,"#B4B4B4"
巴客,巴客,author,author,187,1843,0.30077,2,0.570037,0.622865,40.198023,"#B4B4B4"
巴甫洛夫,巴甫洛夫,author,author,200,911,0.335941,2,0.575643,0.631406,102.76753,"#B4B4B4"
张华,张华,author,author,175,1226,0.261258,3,0.550253,0.607096,19.302104,"#B4B4B4"
张强立,张强立,author,author,185,785,0.257579,2,0.569185,0.621551,102.290689,"#B4B4B4"
徐中玉,徐中玉,author,author,384,5137,0.588332,2,0.668717,0.7523,586.68169,"#B4B4B4"
徐毓枬,徐毓枬,author,author,206,2575,0.323765,2,0.578267,0.635348,90.49036,"#B4B4B4"
德明,德明,author,author,215,1375,0.351024,2,0.582249,0.641261,67.440417,"#B4B4B4"
思蓝,思蓝,author,author,208,702,0.33852,2,0.579148,0.636662,189.84188,"#B4B4B4"
新生,新生,author,author,249,808,0.496433,2,0.5978,0.663601,106.961537,"#B4B4B4"
方东旭,方东旭,author,author,187,3863,0.30077,2,0.570037,0.622865,40.198023,"#B4B4B4"
方瑛,方瑛,author,author,215,767,0.351024,2,0.582249,0.641261,67.440417,"#B4B4B4"
旅人,旅人,author,author,175,884,0.261258,3,0.550253,0.607096,19.302104,"#B4B4B4"
时风,时风,author,author,201,599,0.348013,2,0.576079,0.632063,65.184594,"#B4B4B4"
望月,望月,author,author,187,2752,0.30077,2,0.570037,0.622865,40.198023,"#B4B4B4"
未名,未名,author,author,210,1638,0.322393,2,0.58003,0.637976,77.531677,"#B4B4B4"
朱绛,朱绛,author,author,231,974,0.387989,2,0.589466,0.651774,93.626045,"#B4B4B4"
李一雯,李一雯,author,author,231,974,0.387989,2,0.589466,0.651774,93.626045,"#B4B4B4"
李琪,李琪,author,author,181,756,0.283067,2,0.567487,0.618922,47.429328,"#B4B4B4"
李紫翔,李紫翔,author,author,201,599,0.348013,2,0.576079,0.632063,65.184594,"#B4B4B4"
杜克洛,杜克洛,author,author,216,1332,0.344534,2,0.582695,0.641919,127.670584,"#B4B4B4"
杨光时,杨光时,author,author,248,946,0.401386,2,0.597331,0.662943,132.750827,"#B4B4B4"
杨华,杨华,author,author,385,1727,0.670163,2,0.669305,0.752957,620.643223,"#B4B4B4"
杨同芳,杨同芳,author,author,149,550,0.223652,2,0.554261,0.597898,30.305324,"#B4B4B4"
林枫,林枫,author,author,267,1564,0.401669,2,0.606375,0.675427,552.512179,"#B4B4B4"
梁远,梁远,author,author,155,450,0.174058,2,0.556693,0.60184,252.357868,"#B4B4B4"
梅碧华,梅碧华,author,author,282,996,0.476113,2,0.61371,0.685283,269.641926,"#B4B4B4"
毛泽东,毛泽东,author,author,175,5996,0.261258,3,0.550253,0.607096,19.302104,"#B4B4B4"
沈从文,沈从文,author,author,167,568,0.23897,2,0.561624,0.609724,114.683532,"#B4B4B4"
流金,流金,author,author,286,1416,0.408906,2,0.615696,0.687911,437.727237,"#B4B4B4"
涤新,涤新,author,author,175,2300,0.261258,3,0.550253,0.607096,19.302104,"#B4B4B4"
漾兮,漾兮,author,author,214,611,0.317084,2,0.581804,0.640604,196.900279,"#B4B4B4"
王璧岑,王璧岑,author,author,196,625,0.314001,2,0.573906,0.628778,65.327991,"#B4B4B4"
王造时,王造时,author,author,152,500,0.262817,2,0.555474,0.599869,16.269815,"#B4B4B4"
田风,田风,author,author,299,871,0.554528,2,0.62224,0.696452,221.561656,"#B4B4B4"
粟寄沧,粟寄沧,author,author,195,631,0.265738,2,0.573474,0.628121,222.793575,"#B4B4B4"
维洛夫,维洛夫,author,author,200,911,0.335941,2,0.575643,0.631406,102.76753,"#B4B4B4"
翁之镛,翁之镛,author,author,137,438,0.209599,2,0.549458,0.590013,43.867331,"#B4B4B4"
翰飞,翰飞,author,author,187,1730,0.30077,2,0.570037,0.622865,40.198023,"#B4B4B4"
胡焕庸,胡焕庸,author,author,137,1030,0.209599,2,0.549458,0.590013,43.867331,"#B4B4B4"
范承祥,范承祥,author,author,268,2649,0.436573,2,0.606858,0.676084,150.968041,"#B4B4B4"
范泉,范泉,author,author,248,946,0.401386,2,0.597331,0.662943,132.750827,"#B4B4B4"
荒野,荒野,author,author,242,1000,0.380588,2,0.594531,0.659001,185.164049,"#B4B4B4"
萧文,萧文,author,author,238,830,0.343644,2,0.592679,0.656373,447.91648,"#B4B4B4"
许广平,许广平,author,author,229,857,0.394164,2,0.588554,0.65046,148.684275,"#B4B4B4"
许德珩,许德珩,author,author,263,1639,0.370912,2,0.604448,0.672799,357.819193,"#B4B4B4"
谷春帆,谷春帆,author,author,149,744,0.222701,2,0.554261,0.597898,16.221953,"#B4B4B4"
费正清,费正清,author,author,325,1013,0.600402,2,0.635756,0.713535,319.743507,"#B4B4B4"
路人,路人,author,author,154,904,0.216014,2,0.556287,0.601183,123.183083,"#B4B4B4"
铁生,铁生,author,author,303,8036,0.451587,2,0.624282,0.69908,678.654761,"#B4B4B4"
陈其瑗,陈其瑗,author,author,335,1821,0.605489,2,0.641112,0.720105,283.853292,"#B4B4B4"
陈钟浩,陈钟浩,author,author,137,438,0.209599,2,0.549458,0.590013,43.867331,"#B4B4B4"
黄炎裔,黄炎裔,author,author,149,744,0.222701,2,0.554261,0.597898,16.221953,"#B4B4B4"
齐生,齐生,author,author,175,884,0.261258,3,0.550253,0.607096,19.302104,"#B4B4B4"
龟溪,龟溪,author,author,187,821,0.30077,2,0.570037,0.622865,40.198023,"#B4B4B4"
（美）E·丹尼斯,（美）E·丹尼斯,author,author,216,937,0.344534,2,0.582695,0.641919,127.670584,"#B4B4B4"
（苏）叶菲莫夫,（苏）叶菲莫夫,author,author,232,883,0.37181,2,0.589922,0.652431,231.542276,"#B4B4B4"
陈仁炳,陈仁炳,author,author,245,7450,0.357261,2,0.595928,0.660972,200.66281,"#B4B4B4"
刘绪贻,刘绪贻,author,author,248,7536,0.401386,2,0.597331,0.662943,132.750827,"#B4B4B4"
刘大中,刘大中,author,author,149,1806,0.222701,2,0.554261,0.597898,16.221953,"#B4B4B4"
司田,司田,author,author,209,4416,0.334343,2,0.579589,0.637319,159.400611,"#B4B4B4"
严冬,严冬,author,author,231,2298,0.341102,2,0.589466,0.651774,156.173494,"#B4B4B4"
林一荣,林一荣,author,author,215,3342,0.351024,2,0.582249,0.641261,67.440417,"#B4B4B4"
高超,高超,author,author,210,3120,0.279047,2,0.58003,0.637976,187.964556,"#B4B4B4"
仲子,仲子,author,author,187,2029,0.30077,2,0.570037,0.622865,40.198023,"#B4B4B4"
欧阳春,欧阳春,author,author,281,4902,0.402536,2,0.613215,0.684625,402.537281,"#B4B4B4"
石闻,石闻,author,author,215,2587,0.351024,2,0.582249,0.641261,67.440417,"#B4B4B4"
吕漠,吕漠,author,author,215,1676,0.351024,2,0.582249,0.641261,67.440417,"#B4B4B4"
昔思,昔思,author,author,175,1904,0.261258,3,0.550253,0.607096,19.302104,"#B4B4B4"
牛纵,牛纵,author,author,128,1280,0.192572,2,0.545911,0.5841,32.666758,"#B4B4B4"
翁独健,翁独健,author,author,149,994,0.222701,2,0.554261,0.597898,16.221953,"#B4B4B4"
莫邪,莫邪,author,author,96,675,0.113437,3,0.516633,0.552781,0.347281,"#B4B4B4"
蓝川,蓝川,author,author,175,4044,0.261258,3,0.550253,0.607096,19.302104,"#B4B4B4"
袁翰青,袁翰青,author,author,292,2716,0.388294,2,0.618699,0.691853,491.771786,"#B4B4B4"
郑昕,郑昕,author,author,96,912,0.113437,3,0.516633,0.552781,0.347281,"#B4B4B4"
龚祥瑞,龚祥瑞,author,author,149,1478,0.222701,2,0.554261,0.597898,16.221953,"#B4B4B4"
丘陵,丘陵,author,author,221,1259,0.320218,2,0.584935,0.645204,334.48673,"#B4B4B4"
喻淦邨,喻淦邨,author,author,85,967,0.111029,2,0.529576,0.555848,40.253522,"#B4B4B4"
平伯,平伯,author,author,96,611,0.113437,3,0.516633,0.552781,0.347281,"#B4B4B4"
张敏,张敏,author,author,187,1429,0.30077,2,0.570037,0.622865,40.198023,"#B4B4B4"
朱绍文,朱绍文,author,author,138,1576,0.231672,2,0.549855,0.59067,20.404119,"#B4B4B4"
杨祖之,杨祖之,author,author,268,3012,0.436573,2,0.606858,0.676084,150.968041,"#B4B4B4"
王冀民,王冀民,author,author,215,1375,0.351024,2,0.582249,0.641261,67.440417,"#B4B4B4"
王思曙,王思曙,author,author,241,2076,0.375347,2,0.594067,0.658344,266.56623,"#B4B4B4"
羊群,羊群,author,author,168,1242,0.258681,2,0.562038,0.610381,48.627254,"#B4B4B4"
董冰如,董冰如,author,author,223,1721,0.360143,2,0.585835,0.646518,90.0145,"#B4B4B4"
金苗,金苗,author,author,215,1375,0.351024,2,0.582249,0.641261,67.440417,"#B4B4B4"
之谷,之谷,author,author,187,1429,0.30077,2,0.570037,0.622865,40.198023,"#B4B4B4"
何慢,何慢,author,author,187,1126,0.30077,2,0.570037,0.622865,40.198023,"#B4B4B4"
俞铭传,俞铭传,author,author,96,383,0.113437,3,0.516633,0.552781,0.347281,"#B4B4B4"
南极,南极,author,author,215,1225,0.351024,2,0.582249,0.641261,67.440417,"#B4B4B4"
吴兰,吴兰,author,author,244,1152,0.364924,2,0.595462,0.660315,374.546712,"#B4B4B4"
吴刚,吴刚,author,author,244,1385,0.364924,2,0.595462,0.660315,374.546712,"#B4B4B4"
周作仁,周作仁,author,author,157,682,0.176288,2,0.557509,0.603154,255.063162,"#B4B4B4"
城北,城北,author,author,152,565,0.216815,2,0.555474,0.599869,68.160244,"#B4B4B4"
大木,大木,author,author,215,1225,0.351024,2,0.582249,0.641261,67.440417,"#B4B4B4"
姚理,姚理,author,author,221,956,0.320218,2,0.584935,0.645204,334.48673,"#B4B4B4"
小石,小石,author,author,221,1079,0.357659,2,0.584935,0.645204,92.997539,"#B4B4B4"
念慈,念慈,author,author,157,682,0.176288,2,0.557509,0.603154,255.063162,"#B4B4B4"
斯列波夫,斯列波夫,author,author,216,1475,0.344534,2,0.582695,0.641919,127.670584,"#B4B4B4"
李洛,李洛,author,author,181,1294,0.283067,2,0.567487,0.618922,47.429328,"#B4B4B4"
杨振声,杨振声,author,author,124,492,0.141586,2,0.544349,0.581472,58.123494,"#B4B4B4"
温肇桐,温肇桐,author,author,187,1126,0.30077,2,0.570037,0.622865,40.198023,"#B4B4B4"
磊风,磊风,author,author,281,1306,0.402536,2,0.613215,0.684625,402.537281,"#B4B4B4"
绿韵,绿韵,author,author,187,1333,0.30077,2,0.570037,0.622865,40.198023,"#B4B4B4"
胡宣之,胡宣之,author,author,216,1152,0.319314,2,0.582695,0.641919,199.565731,"#B4B4B4"
蒙若,蒙若,author,author,203,1279,0.261701,2,0.576952,0.633377,279.705611,"#B4B4B4"
袁方,袁方,author,author,149,1228,0.222701,2,0.554261,0.597898,16.221953,"#B4B4B4"
郭梅荪,郭梅荪,author,author,152,958,0.262817,2,0.555474,0.599869,16.269815,"#B4B4B4"
陆志韦,陆志韦,author,author,305,2039,0.440755,2,0.625308,0.700394,460.575653,"#B4B4B4"
陈子久,陈子久,author,author,187,1126,0.30077,2,0.570037,0.622865,40.198023,"#B4B4B4"
陈林,陈林,author,author,96,464,0.113437,3,0.516633,0.552781,0.347281,"#B4B4B4"
非言,非言,author,author,96,383,0.113437,3,0.516633,0.552781,0.347281,"#B4B4B4"
鱼忘,鱼忘,author,author,215,1225,0.351024,2,0.582249,0.641261,67.440417,"#B4B4B4"
Lyon，J.,Lyon，J.,author,author,96,234,0.113437,3,0.516633,0.552781,0.347281,"#B4B4B4"
Martin，K.,Martin，K.,author,author,96,234,0.113437,3,0.516633,0.552781,0.347281,"#B4B4B4"
丁溪阳,丁溪阳,author,author,248,946,0.401386,2,0.597331,0.662943,132.750827,"#B4B4B4"
仲鲁,仲鲁,author,author,231,793,0.341102,2,0.589466,0.651774,156.173494,"#B4B4B4"
冯宽,冯宽,author,author,175,884,0.261258,3,0.550253,0.607096,19.302104,"#B4B4B4"
冯法禩,冯法禩,author,author,96,234,0.113437,3,0.516633,0.552781,0.347281,"#B4B4B4"
凌冰,凌冰,author,author,192,458,0.249728,2,0.57218,0.62615,195.233647,"#B4B4B4"
卢于道,卢于道,author,author,231,793,0.341102,2,0.589466,0.651774,156.173494,"#B4B4B4"
司马夫,司马夫,author,author,96,234,0.113437,3,0.516633,0.552781,0.347281,"#B4B4B4"
向阳,向阳,author,author,236,1183,0.322215,2,0.591757,0.655059,511.890084,"#B4B4B4"
吴敏,吴敏,author,author,96,234,0.113437,3,0.516633,0.552781,0.347281,"#B4B4B4"
周太玄,周太玄,author,author,140,547,0.209174,3,0.536671,0.5841,32.229495,"#B4B4B4"
周纳,周纳,author,author,96,234,0.113437,3,0.516633,0.552781,0.347281,"#B4B4B4"
孔孝天,孔孝天,author,author,96,234,0.113437,3,0.516633,0.552781,0.347281,"#B4B4B4"
孙国萧,孙国萧,author,author,96,234,0.113437,3,0.516633,0.552781,0.347281,"#B4B4B4"
孙楷弟,孙楷弟,author,author,96,234,0.113437,3,0.516633,0.552781,0.347281,"#B4B4B4"
孟起,孟起,author,author,215,767,0.351024,2,0.582249,0.641261,67.440417,"#B4B4B4"
容肇祖,容肇祖,author,author,96,234,0.113437,3,0.516633,0.552781,0.347281,"#B4B4B4"
幼华,幼华,author,author,96,234,0.113437,3,0.516633,0.552781,0.347281,"#B4B4B4"
张元济,张元济,author,author,192,458,0.249728,2,0.57218,0.62615,195.233647,"#B4B4B4"
张孟闻,张孟闻,author,author,114,265,0.137194,3,0.540099,0.574682,44.716554,"#B4B4B4"
张平,张平,author,author,232,883,0.37181,2,0.589922,0.652431,231.542276,"#B4B4B4"
徐悲鸿,徐悲鸿,author,author,96,234,0.113437,3,0.516633,0.552781,0.347281,"#B4B4B4"
徐晴,徐晴,author,author,186,523,0.304194,2,0.569611,0.622208,128.319401,"#B4B4B4"
憬之,憬之,author,author,283,1191,0.421865,2,0.614205,0.68594,485.947814,"#B4B4B4"
拂晓,拂晓,author,author,96,234,0.113437,3,0.516633,0.552781,0.347281,"#B4B4B4"
文华,文华,author,author,175,884,0.261258,3,0.550253,0.607096,19.302104,"#B4B4B4"
星子,星子,author,author,175,884,0.261258,3,0.550253,0.607096,19.302104,"#B4B4B4"
木易,木易,author,author,216,937,0.344534,2,0.582695,0.641919,127.670584,"#B4B4B4"
朱仲琴,朱仲琴,author,author,187,821,0.30077,2,0.570037,0.622865,40.198023,"#B4B4B4"
朱柏,朱柏,author,author,96,234,0.113437,3,0.516633,0.552781,0.347281,"#B4B4B4"
李中严,李中严,author,author,140,493,0.215715,2,0.550651,0.591984,9.875427,"#B4B4B4"
李筠友,李筠友,author,author,187,821,0.30077,2,0.570037,0.622865,40.198023,"#B4B4B4"
李长之,李长之,author,author,209,637,0.278102,2,0.579589,0.637319,185.471765,"#B4B4B4"
杨易,杨易,author,author,96,234,0.113437,3,0.516633,0.552781,0.347281,"#B4B4B4"
林庚,林庚,author,author,96,234,0.113437,3,0.516633,0.552781,0.347281,"#B4B4B4"
林林,林林,author,author,175,884,0.261258,3,0.550253,0.607096,19.302104,"#B4B4B4"
柏万,柏万,author,author,96,234,0.113437,3,0.516633,0.552781,0.347281,"#B4B4B4"
查化,查化,author,author,96,234,0.113437,3,0.516633,0.552781,0.347281,"#B4B4B4"
洛林,洛林,author,author,181,756,0.283067,2,0.567487,0.618922,47.429328,"#B4B4B4"
渐离,渐离,author,author,96,234,0.113437,3,0.516633,0.552781,0.347281,"#B4B4B4"
游国恩,游国恩,author,author,96,234,0.113437,3,0.516633,0.552781,0.347281,"#B4B4B4"
潘震亚,潘震亚,author,author,138,592,0.231672,2,0.549855,0.59067,20.404119,"#B4B4B4"
爽任,爽任,author,author,96,234,0.113437,3,0.516633,0.552781,0.347281,"#B4B4B4"
王瑶,王瑶,author,author,96,234,0.113437,3,0.516633,0.552781,0.347281,"#B4B4B4"
由元,由元,author,author,185,785,0.257579,2,0.569185,0.621551,102.290689,"#B4B4B4"
礼凡,礼凡,author,author,96,234,0.113437,3,0.516633,0.552781,0.347281,"#B4B4B4"
罗伦,罗伦,author,author,96,234,0.113437,3,0.516633,0.552781,0.347281,"#B4B4B4"
胡子婴,胡子婴,author,author,187,821,0.30077,2,0.570037,0.622865,40.198023,"#B4B4B4"
舒曼,舒曼,author,author,96,234,0.113437,3,0.516633,0.552781,0.347281,"#B4B4B4"
艾群,艾群,author,author,168,560,0.258681,2,0.562038,0.610381,48.627254,"#B4B4B4"
芮沐,芮沐,author,author,217,767,0.286245,2,0.583142,0.642576,218.745563,"#B4B4B4"
萧农,萧农,author,author,175,884,0.261258,3,0.550253,0.607096,19.302104,"#B4B4B4"
蒋笃才,蒋笃才,author,author,248,946,0.401386,2,0.597331,0.662943,132.750827,"#B4B4B4"
蒿目,蒿目,author,author,187,821,0.30077,2,0.570037,0.622865,40.198023,"#B4B4B4"
裘思,裘思,author,author,96,234,0.113437,3,0.516633,0.552781,0.347281,"#B4B4B4"
郑伯彬,郑伯彬,author,author,124,364,0.141586,2,0.544349,0.581472,58.123494,"#B4B4B4"
长之,长之,author,author,96,234,0.113437,3,0.516633,0.552781,0.347281,"#B4B4B4"
陈望道,陈望道,author,author,138,554,0.231672,2,0.549855,0.59067,20.404119,"#B4B4B4"
陈毅,陈毅,author,author,175,1422,0.261258,3,0.550253,0.607096,19.302104,"#B4B4B4"
陈路,陈路,author,author,96,234,0.113437,3,0.516633,0.552781,0.347281,"#B4B4B4"
霖萍,霖萍,author,author,187,821,0.30077,2,0.570037,0.622865,40.198023,"#B4B4B4"
韦文,韦文,author,author,96,234,0.113437,3,0.516633,0.552781,0.347281,"#B4B4B4"
马汀,马汀,author,author,209,637,0.278102,2,0.579589,0.637319,185.471765,"#B4B4B4"
高向华,高向华,author,author,187,821,0.30077,2,0.570037,0.622865,40.198023,"#B4B4B4"
高山,高山,author,author,168,560,0.258681,2,0.562038,0.610381,48.627254,"#B4B4B4"
鲁宾荪,鲁宾荪,author,author,96,234,0.113437,3,0.516633,0.552781,0.347281,"#B4B4B4"
（美）艾伦,（美）艾伦,author,author,216,1475,0.344534,2,0.582695,0.641919,127.670584,"#B4B4B4"
孙大雨,孙大雨,author,author,132,385,0.199068,2,0.547482,0.586728,17.552355,"#B4B4B4"
