Id,Label,timeset,type,color,indegree,outdegree,Degree,weighted indegree,weighted outdegree,Weighted Degree,eigencentrality,Eccentricity,closnesscentrality,harmonicclosnesscentrality,betweenesscentrality
《周报(上海1945)》,《周报(上海1945)》,,journal,"#00EB00",242,0,242,488,0,488,1,3,0.394786,0.487264,304325.176245
《国讯》,《国讯》,,journal,"#00EB00",30,0,30,46,0,46,0.04518,5,0.29952,0.326557,28226.848287
《民主周刊(昆明)》,《民主周刊(昆明)》,,journal,"#00EB00",92,0,92,143,0,143,0.195771,5,0.339635,0.384261,92545.824357
《民主(重庆)》,《民主(重庆)》,,journal,"#00EB00",60,0,60,97,0,97,0.100214,5,0.301908,0.343302,57856.698927
《民主(上海)》,《民主(上海)》,,journal,"#00EB00",185,0,185,525,0,525,0.64836,5,0.340289,0.431321,159601.842632
《再生》,《再生》,,journal,"#00EB00",81,0,81,293,0,293,0.137044,5,0.306093,0.356887,79620.893452
《中华论坛》,《中华论坛》,,journal,"#00EB00",78,0,78,120,0,120,0.15078,5,0.286719,0.34066,70333.358
郑振铎(1946),郑振铎,,author,"#B4B4B4",0,2,2,0,50,50,0.100623,4,0.30796,0.344418,1504.149083
马叙伦(1946),马叙伦,,author,"#B4B4B4",0,2,2,0,61,61,0.100623,4,0.30796,0.344418,1504.149083
景宋(1946),景宋,,author,"#B4B4B4",0,2,2,0,32,32,0.100623,4,0.30796,0.344418,1504.149083
丁聪(1946),丁聪,,author,"#B4B4B4",0,1,1,0,30,30,0.059486,4,0.28312,0.308412,0
求思(1946),求思,,author,"#B4B4B4",0,2,2,0,28,28,0.100623,4,0.30796,0.344418,1504.149083
苏生(1946),苏生,,author,"#B4B4B4",0,1,1,0,26,26,0.012392,6,0.23441,0.252327,0
白旭(1946),白旭,,author,"#B4B4B4",0,1,1,0,24,24,0.012392,6,0.23441,0.252327,0
张君劢(1946),张君劢,,author,"#B4B4B4",0,2,2,0,25,25,0.053529,6,0.276474,0.308836,8114.121085
周建人(1946),周建人,,author,"#B4B4B4",0,2,2,0,22,22,0.100623,4,0.30796,0.344418,1504.149083
黄裳(1946),黄裳,,author,"#B4B4B4",0,1,1,0,21,21,0.059486,4,0.28312,0.308412,0
孙宝毅(1946),孙宝毅,,author,"#B4B4B4",0,1,1,0,18,18,0.012392,6,0.23441,0.252327,0
何肫林(1946),何肫林,,author,"#B4B4B4",0,1,1,0,17,17,0.009366,6,0.189557,0.20794,0
《中建》,《中建》,,journal,"#00EB00",68,0,68,180,0,180,0.089205,5,0.233841,0.28239,68742
国超(1946),国超,,author,"#B4B4B4",0,1,1,0,17,17,0.012392,6,0.23441,0.252327,0
念青(1946),念青,,author,"#B4B4B4",0,1,1,0,17,17,0.041137,6,0.253953,0.282453,0
蒲岗(1946),蒲岗,,author,"#B4B4B4",0,1,1,0,17,17,0.041137,6,0.253953,0.282453,0
丕强(1946),丕强,,author,"#B4B4B4",0,2,2,0,17,17,0.071608,4,0.292818,0.323428,2312.460611
毅生(1946),毅生,,author,"#B4B4B4",0,1,1,0,16,16,0.012392,6,0.23441,0.252327,0
董秋斯(1946),董秋斯,,author,"#B4B4B4",0,1,1,0,14,14,0.041137,6,0.253953,0.282453,0
何之(1946),何之,,author,"#B4B4B4",0,2,2,0,14,14,0.07703,4,0.300624,0.334513,16702.904372
《民主:桂林版》,《民主:桂林版》,,journal,"#00EB00",111,0,111,202,0,202,0.205906,5,0.291931,0.361195,107691.164133
黄春生(1946),黄春生,,author,"#B4B4B4",0,1,1,0,12,12,0.017544,6,0.226013,0.250346,0
华叔甫(1946),华叔甫,,author,"#B4B4B4",0,1,1,0,11,11,0.012392,6,0.23441,0.252327,0
黄药眠(1946),黄药眠,,author,"#B4B4B4",0,1,1,0,11,11,0.00846,6,0.209403,0.226557,0
《光明报》,《光明报》,,journal,"#00EB00",53,0,53,86,0,86,0.094374,5,0.264801,0.308506,42663.892843
关夫(1946),关夫,,author,"#B4B4B4",0,1,1,0,10,10,0.012392,6,0.23441,0.252327,0
许若明(1946),许若明,,author,"#B4B4B4",0,1,1,0,10,10,0.059486,4,0.28312,0.308412,0
侯北人(1946),侯北人,,author,"#B4B4B4",0,1,1,0,9,9,0.012392,6,0.23441,0.252327,0
金大均(1946),金大均,,author,"#B4B4B4",0,1,1,0,9,9,0.009366,6,0.189557,0.20794,0
陆诒(1946),陆诒,,author,"#B4B4B4",0,1,1,0,9,9,0.041137,6,0.253953,0.282453,0
马戈(1946),马戈,,author,"#B4B4B4",0,2,2,0,14,14,0.100623,4,0.30796,0.344418,1504.149083
丁静(1946),丁静,,author,"#B4B4B4",0,1,1,0,8,8,0.041137,6,0.253953,0.282453,0
司马星(1946),司马星,,author,"#B4B4B4",0,1,1,0,8,8,0.009259,6,0.231947,0.247138,0
周琦(1946),周琦,,author,"#B4B4B4",0,1,1,0,8,8,0.017544,6,0.226013,0.250346,0
唐思礼(1946),唐思礼,,author,"#B4B4B4",0,1,1,0,8,8,0.009366,6,0.189557,0.20794,0
朱树锦(1946),朱树锦,,author,"#B4B4B4",0,1,1,0,8,8,0.009366,6,0.189557,0.20794,0
甘草(1946),甘草,,author,"#B4B4B4",0,1,1,0,8,8,0.059486,4,0.28312,0.308412,0
许虚(1946),许虚,,author,"#B4B4B4",0,1,1,0,8,8,0.017544,6,0.226013,0.250346,0
静远(1946),静远,,author,"#B4B4B4",0,3,3,0,10,10,0.087372,4,0.3053,0.341274,6419.151616
严信民(1946),严信民,,author,"#B4B4B4",0,1,1,0,7,7,0.01272,6,0.222876,0.242657,0
吴晗(1946),吴晗,,author,"#B4B4B4",0,5,5,0,22,22,0.141229,4,0.349604,0.393947,30212.280966
张东荪(1946),张东荪,,author,"#B4B4B4",0,5,5,0,12,12,0.107225,4,0.333963,0.377201,50349.327587
《观察》,《观察》,,journal,"#00EB00",96,0,96,152,0,152,0.169341,5,0.276257,0.340802,91582.430486
方艾(1946),方艾,,author,"#B4B4B4",0,1,1,0,7,7,0.012392,6,0.23441,0.252327,0
欧振文(1946),欧振文,,author,"#B4B4B4",0,1,1,0,7,7,0.017544,6,0.226013,0.250346,0
潘大逵(1946),潘大逵,,author,"#B4B4B4",0,2,2,0,9,9,0.027886,6,0.260442,0.281006,501.358897
蔡尚思(1946),蔡尚思,,author,"#B4B4B4",0,2,2,0,10,10,0.100623,4,0.30796,0.344418,1504.149083
赵志华(1946),赵志华,,author,"#B4B4B4",0,1,1,0,7,7,0.009366,6,0.189557,0.20794,0
邓初民(1946),邓初民,,author,"#B4B4B4",0,5,5,0,17,17,0.14319,4,0.360054,0.404324,75371.831022
郑森禹(1946),郑森禹,,author,"#B4B4B4",0,1,1,0,7,7,0.041137,6,0.253953,0.282453,0
高克奇(1946),高克奇,,author,"#B4B4B4",0,1,1,0,7,7,0.009259,6,0.231947,0.247138,0
不移(1946),不移,,author,"#B4B4B4",0,1,1,0,6,6,0.012392,6,0.23441,0.252327,0
严艺英(1946),严艺英,,author,"#B4B4B4",0,1,1,0,6,6,0.059486,4,0.28312,0.308412,0
伯奇(1946),伯奇,,author,"#B4B4B4",0,1,1,0,6,6,0.01272,6,0.222876,0.242657,0
余园(1946),余园,,author,"#B4B4B4",0,1,1,0,6,6,0.012392,6,0.23441,0.252327,0
俞颂华(1946),俞颂华,,author,"#B4B4B4",0,1,1,0,6,6,0.004704,6,0.230535,0.241368,0
《民主周刊(北平)》,《民主周刊(北平)》,,journal,"#00EB00",70,0,70,85,0,85,0.149603,5,0.297502,0.345063,55983.870638
左拉(1946),左拉,,author,"#B4B4B4",0,1,1,0,6,6,0.059486,4,0.28312,0.308412,0
施复亮(1946),施复亮,,author,"#B4B4B4",0,5,5,0,14,14,0.127306,4,0.338226,0.381918,31978.69266
潘光旦(1946),潘光旦,,author,"#B4B4B4",0,4,4,0,15,15,0.055157,6,0.28464,0.322594,18980.156326
潘静(1946),潘静,,author,"#B4B4B4",0,1,1,0,6,6,0.009366,6,0.189557,0.20794,0
王艮仲(1946),王艮仲,,author,"#B4B4B4",0,1,1,0,6,6,0.009366,6,0.189557,0.20794,0
石啸冲(1946),石啸冲,,author,"#B4B4B4",0,2,2,0,11,11,0.053857,6,0.263027,0.299827,2113.284895
费孝通(1946),费孝通,,author,"#B4B4B4",0,5,5,0,17,17,0.140901,4,0.351459,0.395833,39428.367984
陈士华(1946),陈士华,,author,"#B4B4B4",0,1,1,0,6,6,0.009366,6,0.189557,0.20794,0
高祖文(1946),高祖文,,author,"#B4B4B4",0,1,1,0,6,6,0.009366,6,0.189557,0.20794,0
黎纬北(1946),黎纬北,,author,"#B4B4B4",0,2,2,0,7,7,0.067946,4,0.29057,0.320126,3617.369979
一波(1946),一波,,author,"#B4B4B4",0,2,2,0,6,6,0.027001,6,0.244917,0.273601,3130.220003
严景耀(1946),严景耀,,author,"#B4B4B4",0,2,2,0,7,7,0.100623,4,0.30796,0.344418,1504.149083
千家驹(1946),千家驹,,author,"#B4B4B4",0,2,2,0,6,6,0.024224,6,0.259804,0.279827,2027.667575
史刚(1946),史刚,,author,"#B4B4B4",0,1,1,0,5,5,0.015764,6,0.253589,0.267642,0
吴世昌(1946),吴世昌,,author,"#B4B4B4",0,2,2,0,6,6,0.074365,4,0.29792,0.330739,13096.801517
吴泽(1946),吴泽,,author,"#B4B4B4",0,1,1,0,5,5,0.01272,6,0.222876,0.242657,0
周公南(1946),周公南,,author,"#B4B4B4",0,1,1,0,5,5,0.009366,6,0.189557,0.20794,0
寒松(1946),寒松,,author,"#B4B4B4",0,1,1,0,5,5,0.041137,6,0.253953,0.282453,0
小芒(1946),小芒,,author,"#B4B4B4",0,1,1,0,5,5,0.017544,6,0.226013,0.250346,0
张一凡(1946),张一凡,,author,"#B4B4B4",0,2,2,0,6,6,0.07703,4,0.300624,0.334513,16702.904372
更生(1946),更生,,author,"#B4B4B4",0,1,1,0,5,5,0.012392,6,0.23441,0.252327,0
杨光明(1946),杨光明,,author,"#B4B4B4",0,1,1,0,5,5,0.015764,6,0.253589,0.267642,0
梁纯夫(1946),梁纯夫,,author,"#B4B4B4",0,2,2,0,6,6,0.053857,6,0.263027,0.299827,2113.284895
湘渔(1946),湘渔,,author,"#B4B4B4",0,1,1,0,5,5,0.041137,6,0.253953,0.282453,0
瞿康祖(1946),瞿康祖,,author,"#B4B4B4",0,1,1,0,5,5,0.009366,6,0.189557,0.20794,0
胡先驌(1946),胡先驌,,author,"#B4B4B4",0,1,1,0,5,5,0.014879,6,0.216503,0.239937,0
胡愈之(1946),胡愈之,,author,"#B4B4B4",0,3,3,0,8,8,0.109083,4,0.316229,0.355425,7461.114127
范蕙(1946),范蕙,,author,"#B4B4B4",0,1,1,0,5,5,0.059486,4,0.28312,0.308412,0
许寿裳(1946),许寿裳,,author,"#B4B4B4",0,2,2,0,8,8,0.100623,4,0.30796,0.344418,1504.149083
赵渢(1946),赵渢,,author,"#B4B4B4",0,1,1,0,5,5,0.00846,6,0.209403,0.226557,0
钱晓义(1946),钱晓义,,author,"#B4B4B4",0,1,1,0,5,5,0.009366,6,0.189557,0.20794,0
陈梅卿(1946),陈梅卿,,author,"#B4B4B4",0,1,1,0,5,5,0.009366,6,0.189557,0.20794,0
顾佩之(1946),顾佩之,,author,"#B4B4B4",0,1,1,0,5,5,0.009366,6,0.189557,0.20794,0
魏明(1946),魏明,,author,"#B4B4B4",0,1,1,0,5,5,0.012392,6,0.23441,0.252327,0
Donald_Morrow(1946),Donald_Morrow,,author,"#B4B4B4",0,1,1,0,4,4,0.014879,6,0.216503,0.239937,0
东方晦之(1946),东方晦之,,author,"#B4B4B4",0,2,2,0,5,5,0.067946,4,0.29057,0.320126,3617.369979
东衣(1946),东衣,,author,"#B4B4B4",0,1,1,0,4,4,0.041137,6,0.253953,0.282453,0
任钧(1946),任钧,,author,"#B4B4B4",0,2,2,0,5,5,0.100623,4,0.30796,0.344418,1504.149083
伊人(1946),伊人,,author,"#B4B4B4",0,2,2,0,5,5,0.026803,6,0.252501,0.279497,4421.602218
伍啓元(1946),伍啓元,,author,"#B4B4B4",0,1,1,0,4,4,0.014879,6,0.216503,0.239937,0
伍宪子(1946),伍宪子,,author,"#B4B4B4",0,1,1,0,4,4,0.012392,6,0.23441,0.252327,0
何陋之(1946),何陋之,,author,"#B4B4B4",0,1,1,0,4,4,0.017544,6,0.226013,0.250346,0
信民(1946),信民,,author,"#B4B4B4",0,1,1,0,4,4,0.01272,6,0.222876,0.242657,0
克士(1946),克士,,author,"#B4B4B4",0,2,2,0,5,5,0.100623,4,0.30796,0.344418,1504.149083
刘健(1946),刘健,,author,"#B4B4B4",0,1,1,0,4,4,0.017544,6,0.226013,0.250346,0
刘清扬(1946),刘清扬,,author,"#B4B4B4",0,1,1,0,4,4,0.012122,6,0.229338,0.246667,0
卢淑(1946),卢淑,,author,"#B4B4B4",0,1,1,0,4,4,0.012392,6,0.23441,0.252327,0
吴耀宗(1946),吴耀宗,,author,"#B4B4B4",0,1,1,0,4,4,0.041137,6,0.253953,0.282453,0
吴靓云(1946),吴靓云,,author,"#B4B4B4",0,1,1,0,4,4,0.009366,6,0.189557,0.20794,0
子敬(1946),子敬,,author,"#B4B4B4",0,1,1,0,4,4,0.012392,6,0.23441,0.252327,0
宋宝山(1946),宋宝山,,author,"#B4B4B4",0,1,1,0,4,4,0.009366,6,0.189557,0.20794,0
小民(1946),小民,,author,"#B4B4B4",0,1,1,0,4,4,0.059486,4,0.28312,0.308412,0
张霞飞(1946),张霞飞,,author,"#B4B4B4",0,1,1,0,4,4,0.009366,6,0.189557,0.20794,0
思慕(1946),思慕,,author,"#B4B4B4",0,1,1,0,4,4,0.00846,6,0.209403,0.226557,0
戴文赛(1946),戴文赛,,author,"#B4B4B4",0,1,1,0,4,4,0.014879,6,0.216503,0.239937,0
新武(1946),新武,,author,"#B4B4B4",0,1,1,0,4,4,0.041137,6,0.253953,0.282453,0
木耳(1946),木耳,,author,"#B4B4B4",0,1,1,0,4,4,0.059486,4,0.28312,0.308412,0
李战林(1946),李战林,,author,"#B4B4B4",0,1,1,0,4,4,0.009259,6,0.231947,0.247138,0
李普曼(1946),李普曼,,author,"#B4B4B4",0,1,1,0,4,4,0.012392,6,0.23441,0.252327,0
欧阳倩(1946),欧阳倩,,author,"#B4B4B4",0,2,2,0,5,5,0.027886,6,0.260442,0.281006,501.358897
永生(1946),永生,,author,"#B4B4B4",0,1,1,0,4,4,0.041137,6,0.253953,0.282453,0
沈同衡(1946),沈同衡,,author,"#B4B4B4",0,2,2,0,5,5,0.071608,4,0.292818,0.323428,2312.460611
沈志远(1946),沈志远,,author,"#B4B4B4",0,2,2,0,7,7,0.049597,6,0.260187,0.294638,2339.595065
王之德(1946),王之德,,author,"#B4B4B4",0,1,1,0,4,4,0.012392,6,0.23441,0.252327,0
王时颖(1946),王时颖,,author,"#B4B4B4",0,1,1,0,4,4,0.017544,6,0.226013,0.250346,0
王昆生(1946),王昆生,,author,"#B4B4B4",0,1,1,0,4,4,0.009366,6,0.189557,0.20794,0
田汉(1946),田汉,,author,"#B4B4B4",0,2,2,0,5,5,0.100623,4,0.30796,0.344418,1504.149083
稽古(1946),稽古,,author,"#B4B4B4",0,1,1,0,4,4,0.041137,6,0.253953,0.282453,0
章伯钧(1946),章伯钧,,author,"#B4B4B4",0,1,1,0,4,4,0.01272,6,0.222876,0.242657,0
若愚(1946),若愚,,author,"#B4B4B4",0,1,1,0,4,4,0.009259,6,0.231947,0.247138,0
萧公权(1946),萧公权,,author,"#B4B4B4",0,1,1,0,4,4,0.014879,6,0.216503,0.239937,0
蔡壬侯(1946),蔡壬侯,,author,"#B4B4B4",0,1,1,0,4,4,0.014879,6,0.216503,0.239937,0
西谛(1946),西谛,,author,"#B4B4B4",0,1,1,0,4,4,0.041137,6,0.253953,0.282453,0
赵心梅(1946),赵心梅,,author,"#B4B4B4",0,1,1,0,4,4,0.009366,6,0.189557,0.20794,0
适夷(1946),适夷,,author,"#B4B4B4",0,2,2,0,5,5,0.100623,4,0.30796,0.344418,1504.149083
郭沫若(1946),郭沫若,,author,"#B4B4B4",0,3,3,0,8,8,0.113343,4,0.321212,0.361557,8680.662498
陈烟桥(1946),陈烟桥,,author,"#B4B4B4",0,2,2,0,8,8,0.100623,4,0.30796,0.344418,1504.149083
陶行知(1946),陶行知,,author,"#B4B4B4",0,2,2,0,5,5,0.050396,6,0.273196,0.303412,2818.012306
马寅初(1946),马寅初,,author,"#B4B4B4",0,2,2,0,5,5,0.074365,4,0.29792,0.330739,13096.801517
黎卿(1946),黎卿,,author,"#B4B4B4",0,1,1,0,4,4,0.015764,6,0.253589,0.267642,0
一之(1946),一之,,author,"#B4B4B4",0,1,1,0,3,3,0.00846,6,0.209403,0.226557,0
万武(1946),万武,,author,"#B4B4B4",0,1,1,0,3,3,0.012392,6,0.23441,0.252327,0
云涛(1946),云涛,,author,"#B4B4B4",0,1,1,0,3,3,0.009366,6,0.189557,0.20794,0
以平(1946),以平,,author,"#B4B4B4",0,1,1,0,3,3,0.017544,6,0.226013,0.250346,0
任鸿隽(1946),任鸿隽,,author,"#B4B4B4",0,1,1,0,3,3,0.014879,6,0.216503,0.239937,0
何兆坤(1946),何兆坤,,author,"#B4B4B4",0,1,1,0,3,3,0.017544,6,0.226013,0.250346,0
何恕(1946),何恕,,author,"#B4B4B4",0,2,2,0,4,4,0.100623,4,0.30796,0.344418,1504.149083
储安平(1946),储安平,,author,"#B4B4B4",0,1,1,0,3,3,0.014879,6,0.216503,0.239937,0
司徒尚德(1946),司徒尚德,,author,"#B4B4B4",0,1,1,0,3,3,0.059486,4,0.28312,0.308412,0
向凡(1946),向凡,,author,"#B4B4B4",0,1,1,0,3,3,0.009259,6,0.231947,0.247138,0
吴祖光(1946),吴祖光,,author,"#B4B4B4",0,1,1,0,3,3,0.059486,4,0.28312,0.308412,0
周而复(1946),周而复,,author,"#B4B4B4",0,1,1,0,3,3,0.059486,4,0.28312,0.308412,0
唐旻(1946),唐旻,,author,"#B4B4B4",0,1,1,0,3,3,0.015764,6,0.253589,0.267642,0
夏孟辉(1946),夏孟辉,,author,"#B4B4B4",0,1,1,0,3,3,0.004704,6,0.230535,0.241368,0
夏康农(1946),夏康农,,author,"#B4B4B4",0,2,2,0,5,5,0.028484,6,0.263289,0.286195,3659.765845
子午(1946),子午,,author,"#B4B4B4",0,2,2,0,5,5,0.100623,4,0.30796,0.344418,1504.149083
孙起孟(1946),孙起孟,,author,"#B4B4B4",0,2,2,0,5,5,0.045841,6,0.269309,0.296808,2697.473629
客尔纳(1946),客尔纳,,author,"#B4B4B4",0,1,1,0,3,3,0.012392,6,0.23441,0.252327,0
尊闻(1946),尊闻,,author,"#B4B4B4",0,2,2,0,4,4,0.100623,4,0.30796,0.344418,1504.149083
尚铖(1946),尚铖,,author,"#B4B4B4",0,1,1,0,3,3,0.015764,6,0.253589,0.267642,0
张云川(1946),张云川,,author,"#B4B4B4",0,1,1,0,3,3,0.01272,6,0.222876,0.242657,0
张志和(1946),张志和,,author,"#B4B4B4",0,1,1,0,3,3,0.017544,6,0.226013,0.250346,0
慧年(1946),慧年,,author,"#B4B4B4",0,1,1,0,3,3,0.041137,6,0.253953,0.282453,0
文琴(1946),文琴,,author,"#B4B4B4",0,1,1,0,3,3,0.041137,6,0.253953,0.282453,0
方治平(1946),方治平,,author,"#B4B4B4",0,2,2,0,5,5,0.050396,6,0.273196,0.303412,2818.012306
晨曦(1946),晨曦,,author,"#B4B4B4",0,1,1,0,3,3,0.00846,6,0.209403,0.226557,0
曾昭抡(1946),曾昭抡,,author,"#B4B4B4",0,2,2,0,4,4,0.027886,6,0.260442,0.281006,501.358897
李健吾(1946),李健吾,,author,"#B4B4B4",0,1,1,0,3,3,0.059486,4,0.28312,0.308412,0
林汉达(1946),林汉达,,author,"#B4B4B4",0,1,1,0,3,3,0.059486,4,0.28312,0.308412,0
梁秋水(1946),梁秋水,,author,"#B4B4B4",0,1,1,0,3,3,0.012392,6,0.23441,0.252327,0
毅夫(1946),毅夫,,author,"#B4B4B4",0,1,1,0,3,3,0.059486,4,0.28312,0.308412,0
沈定一(1946),沈定一,,author,"#B4B4B4",0,1,1,0,3,3,0.009366,6,0.189557,0.20794,0
洪涛(1946),洪涛,,author,"#B4B4B4",0,1,1,0,3,3,0.017544,6,0.226013,0.250346,0
王之枚(1946),王之枚,,author,"#B4B4B4",0,1,1,0,3,3,0.017544,6,0.226013,0.250346,0
王向凡(1946),王向凡,,author,"#B4B4B4",0,1,1,0,3,3,0.017544,6,0.226013,0.250346,0
罗稷南(1946),罗稷南,,author,"#B4B4B4",0,1,1,0,3,3,0.041137,6,0.253953,0.282453,0
耶戈(1946),耶戈,,author,"#B4B4B4",0,1,1,0,3,3,0.059486,4,0.28312,0.308412,0
胡冈(1946),胡冈,,author,"#B4B4B4",0,2,2,0,6,6,0.027886,6,0.260442,0.281006,501.358897
范登堡(1946),范登堡,,author,"#B4B4B4",0,1,1,0,3,3,0.012392,6,0.23441,0.252327,0
茅盾(1946),茅盾,,author,"#B4B4B4",0,3,3,0,6,6,0.113343,4,0.321212,0.361557,8680.662498
萧扬(1946),萧扬,,author,"#B4B4B4",0,1,1,0,3,3,0.041137,6,0.253953,0.282453,0
萧明(1946),萧明,,author,"#B4B4B4",0,1,1,0,3,3,0.009259,6,0.231947,0.247138,0
萧曙(1946),萧曙,,author,"#B4B4B4",0,1,1,0,3,3,0.015764,6,0.253589,0.267642,0
萧秋(1946),萧秋,,author,"#B4B4B4",0,1,1,0,3,3,0.059486,4,0.28312,0.308412,0
蒋匀田(1946),蒋匀田,,author,"#B4B4B4",0,2,2,0,4,4,0.029936,6,0.252622,0.283035,10196.540401
裴仁(1946),裴仁,,author,"#B4B4B4",0,1,1,0,3,3,0.059486,4,0.28312,0.308412,0
费青(1946),费青,,author,"#B4B4B4",0,1,1,0,3,3,0.012392,6,0.23441,0.252327,0
赤峰(1946),赤峰,,author,"#B4B4B4",0,1,1,0,3,3,0.004704,6,0.230535,0.241368,0
邹云涛(1946),邹云涛,,author,"#B4B4B4",0,1,1,0,3,3,0.009366,6,0.189557,0.20794,0
郭冠杰(1946),郭冠杰,,author,"#B4B4B4",0,1,1,0,3,3,0.01272,6,0.222876,0.242657,0
野笋(1946),野笋,,author,"#B4B4B4",0,1,1,0,3,3,0.017544,6,0.226013,0.250346,0
金华(1946),金华,,author,"#B4B4B4",0,1,1,0,3,3,0.017544,6,0.226013,0.250346,0
陈原(1946),陈原,,author,"#B4B4B4",0,1,1,0,3,3,0.01272,6,0.222876,0.242657,0
陈瘦竹(1946),陈瘦竹,,author,"#B4B4B4",0,1,1,0,3,3,0.014879,6,0.216503,0.239937,0
雾城(1946),雾城,,author,"#B4B4B4",0,2,2,0,4,4,0.100623,4,0.30796,0.344418,1504.149083
黄炎培(1946),黄炎培,,author,"#B4B4B4",0,1,1,0,3,3,0.004704,6,0.230535,0.241368,0
丁易(1946),丁易,,author,"#B4B4B4",0,1,1,0,2,2,0.01272,6,0.222876,0.242657,0
乔峯(1946),乔峯,,author,"#B4B4B4",0,1,1,0,2,2,0.041137,6,0.253953,0.282453,0
于仲(1946),于仲,,author,"#B4B4B4",0,1,1,0,2,2,0.015764,6,0.253589,0.267642,0
于潮(1946),于潮,,author,"#B4B4B4",0,1,1,0,2,2,0.041137,6,0.253953,0.282453,0
以中(1946),以中,,author,"#B4B4B4",0,1,1,0,2,2,0.041137,6,0.253953,0.282453,0
伯涛(1946),伯涛,,author,"#B4B4B4",0,1,1,0,2,2,0.015764,6,0.253589,0.267642,0
何为(1946),何为,,author,"#B4B4B4",0,2,2,0,3,3,0.068745,4,0.292172,0.322484,5924.453297
何家槐(1946),何家槐,,author,"#B4B4B4",0,2,2,0,3,3,0.100623,4,0.30796,0.344418,1504.149083
作周(1946),作周,,author,"#B4B4B4",0,1,1,0,2,2,0.017544,6,0.226013,0.250346,0
兆均(1946),兆均,,author,"#B4B4B4",0,1,1,0,2,2,0.041137,6,0.253953,0.282453,0
光未然(1946),光未然,,author,"#B4B4B4",0,1,1,0,2,2,0.012122,6,0.229338,0.246667,0
冯友兰(1946),冯友兰,,author,"#B4B4B4",0,1,1,0,2,2,0.014879,6,0.216503,0.239937,0
刘文茵(1946),刘文茵,,author,"#B4B4B4",0,1,1,0,2,2,0.009259,6,0.231947,0.247138,0
刘西渭(1946),刘西渭,,author,"#B4B4B4",0,1,1,0,2,2,0.059486,4,0.28312,0.308412,0
力扬(1946),力扬,,author,"#B4B4B4",0,2,2,0,3,3,0.071608,4,0.292818,0.323428,2312.460611
勾适生(1946),勾适生,,author,"#B4B4B4",0,1,1,0,2,2,0.01272,6,0.222876,0.242657,0
卞之琳(1946),卞之琳,,author,"#B4B4B4",0,1,1,0,2,2,0.014879,6,0.216503,0.239937,0
史国衡(1946),史国衡,,author,"#B4B4B4",0,2,2,0,3,3,0.071878,4,0.295594,0.327437,8972.753965
叶圣陶(1946),叶圣陶,,author,"#B4B4B4",0,2,2,0,4,4,0.100623,4,0.30796,0.344418,1504.149083
叶笃义(1946),叶笃义,,author,"#B4B4B4",0,1,1,0,2,2,0.012392,6,0.23441,0.252327,0
周哲(1946),周哲,,author,"#B4B4B4",0,1,1,0,2,2,0.009259,6,0.231947,0.247138,0
唐弢(1946),唐弢,,author,"#B4B4B4",0,2,2,0,3,3,0.100623,4,0.30796,0.344418,1504.149083
夏衍(1946),夏衍,,author,"#B4B4B4",0,2,2,0,3,3,0.071608,4,0.292818,0.323428,2312.460611
孟浪(1946),孟浪,,author,"#B4B4B4",0,1,1,0,2,2,0.017544,6,0.226013,0.250346,0
安娥(1946),安娥,,author,"#B4B4B4",0,1,1,0,2,2,0.059486,4,0.28312,0.308412,0
少之(1946),少之,,author,"#B4B4B4",0,1,1,0,2,2,0.004704,6,0.230535,0.241368,0
尚钺(1946),尚钺,,author,"#B4B4B4",0,2,2,0,3,3,0.027886,6,0.260442,0.281006,501.358897
巴金(1946),巴金,,author,"#B4B4B4",0,1,1,0,2,2,0.059486,4,0.28312,0.308412,0
希苓(1946),希苓,,author,"#B4B4B4",0,1,1,0,2,2,0.041137,6,0.253953,0.282453,0
平心(1946),平心,,author,"#B4B4B4",0,2,2,0,4,4,0.100623,4,0.30796,0.344418,1504.149083
建人(1946),建人,,author,"#B4B4B4",0,1,1,0,2,2,0.041137,6,0.253953,0.282453,0
张中府(1946),张中府,,author,"#B4B4B4",0,1,1,0,2,2,0.041137,6,0.253953,0.282453,0
张印堂(1946),张印堂,,author,"#B4B4B4",0,1,1,0,2,2,0.014879,6,0.216503,0.239937,0
张大雷(1946),张大雷,,author,"#B4B4B4",0,1,1,0,2,2,0.041137,6,0.253953,0.282453,0
张学良(1946),张学良,,author,"#B4B4B4",0,1,1,0,2,2,0.059486,4,0.28312,0.308412,0
张文元(1946),张文元,,author,"#B4B4B4",0,2,2,0,4,4,0.072206,4,0.294608,0.326022,5063.22852
张絅伯(1946),张絅伯,,author,"#B4B4B4",0,1,1,0,2,2,0.041137,6,0.253953,0.282453,0
张若达(1946),张若达,,author,"#B4B4B4",0,1,1,0,2,2,0.059486,4,0.28312,0.308412,0
张西超(1946),张西超,,author,"#B4B4B4",0,1,1,0,2,2,0.017544,6,0.226013,0.250346,0
张铁生(1946),张铁生,,author,"#B4B4B4",0,2,2,0,3,3,0.049597,6,0.260187,0.294638,2339.595065
张锡昌(1946),张锡昌,,author,"#B4B4B4",0,1,1,0,2,2,0.017544,6,0.226013,0.250346,0
彭泽民(1946),彭泽民,,author,"#B4B4B4",0,1,1,0,2,2,0.01272,6,0.222876,0.242657,0
徐寅初(1946),徐寅初,,author,"#B4B4B4",0,1,1,0,2,2,0.017544,6,0.226013,0.250346,0
徐调孚(1946),徐调孚,,author,"#B4B4B4",0,2,2,0,3,3,0.100623,4,0.30796,0.344418,1504.149083
怀瑾(1946),怀瑾,,author,"#B4B4B4",0,1,1,0,2,2,0.015764,6,0.253589,0.267642,0
思粤(1946),思粤,,author,"#B4B4B4",0,1,1,0,2,2,0.014879,6,0.216503,0.239937,0
戴镏龄(1946),戴镏龄,,author,"#B4B4B4",0,1,1,0,2,2,0.014879,6,0.216503,0.239937,0
拉斯基(1946),拉斯基,,author,"#B4B4B4",0,1,1,0,2,2,0.012392,6,0.23441,0.252327,0
拾风(1946),拾风,,author,"#B4B4B4",0,1,1,0,2,2,0.059486,4,0.28312,0.308412,0
普森(1946),普森,,author,"#B4B4B4",0,1,1,0,2,2,0.041137,6,0.253953,0.282453,0
木天(1946),木天,,author,"#B4B4B4",0,1,1,0,2,2,0.017544,6,0.226013,0.250346,0
李俞(1946),李俞,,author,"#B4B4B4",0,2,2,0,3,3,0.067946,4,0.29057,0.320126,3617.369979
李广田(1946),李广田,,author,"#B4B4B4",0,1,1,0,2,2,0.014879,6,0.216503,0.239937,0
李普(1946),李普,,author,"#B4B4B4",0,1,1,0,2,2,0.01272,6,0.222876,0.242657,0
李浩培(1946),李浩培,,author,"#B4B4B4",0,1,1,0,2,2,0.014879,6,0.216503,0.239937,0
杜守素(1946),杜守素,,author,"#B4B4B4",0,1,1,0,2,2,0.01272,6,0.222876,0.242657,0
杜律斯(1946),杜律斯,,author,"#B4B4B4",0,1,1,0,2,2,0.012392,6,0.23441,0.252327,0
杨增福(1946),杨增福,,author,"#B4B4B4",0,1,1,0,2,2,0.015764,6,0.253589,0.267642,0
杨宁(1946),杨宁,,author,"#B4B4B4",0,1,1,0,2,2,0.015764,6,0.253589,0.267642,0
杨弘(1946),杨弘,,author,"#B4B4B4",0,1,1,0,2,2,0.017544,6,0.226013,0.250346,0
杨毓滋(1946),杨毓滋,,author,"#B4B4B4",0,1,1,0,2,2,0.012392,6,0.23441,0.252327,0
林慧(1946),林慧,,author,"#B4B4B4",0,1,1,0,2,2,0.012122,6,0.229338,0.246667,0
林焕平(1946),林焕平,,author,"#B4B4B4",0,1,1,0,2,2,0.01272,6,0.222876,0.242657,0
林砺儒(1946),林砺儒,,author,"#B4B4B4",0,1,1,0,2,2,0.017544,6,0.226013,0.250346,0
林莽(1946),林莽,,author,"#B4B4B4",0,1,1,0,2,2,0.059486,4,0.28312,0.308412,0
林萼(1946),林萼,,author,"#B4B4B4",0,1,1,0,2,2,0.01272,6,0.222876,0.242657,0
柯灵(1946),柯灵,,author,"#B4B4B4",0,1,1,0,2,2,0.059486,4,0.28312,0.308412,0
梅湜(1946),梅湜,,author,"#B4B4B4",0,1,1,0,2,2,0.041137,6,0.253953,0.282453,0
武子(1946),武子,,author,"#B4B4B4",0,1,1,0,2,2,0.017544,6,0.226013,0.250346,0
毛以亨(1946),毛以亨,,author,"#B4B4B4",0,1,1,0,2,2,0.012392,6,0.23441,0.252327,0
求思诀(1946),求思诀,,author,"#B4B4B4",0,1,1,0,2,2,0.041137,6,0.253953,0.282453,0
江峰(1946),江峰,,author,"#B4B4B4",0,1,1,0,2,2,0.009366,6,0.189557,0.20794,0
沈燕谋(1946),沈燕谋,,author,"#B4B4B4",0,1,1,0,2,2,0.041137,6,0.253953,0.282453,0
波浪(1946),波浪,,author,"#B4B4B4",0,1,1,0,2,2,0.017544,6,0.226013,0.250346,0
洛如(1946),洛如,,author,"#B4B4B4",0,1,1,0,2,2,0.017544,6,0.226013,0.250346,0
洪深(1946),洪深,,author,"#B4B4B4",0,1,1,0,2,2,0.059486,4,0.28312,0.308412,0
浮天(1946),浮天,,author,"#B4B4B4",0,1,1,0,2,2,0.017544,6,0.226013,0.250346,0
湘文(1946),湘文,,author,"#B4B4B4",0,1,1,0,2,2,0.004704,6,0.230535,0.241368,0
潘星照(1946),潘星照,,author,"#B4B4B4",0,1,1,0,2,2,0.009366,6,0.189557,0.20794,0
狄超白(1946),狄超白,,author,"#B4B4B4",0,2,2,0,3,3,0.024224,6,0.259804,0.279827,2027.667575
珂田(1946),珂田,,author,"#B4B4B4",0,1,1,0,2,2,0.059486,4,0.28312,0.308412,0
甘杜(1946),甘杜,,author,"#B4B4B4",0,1,1,0,2,2,0.015764,6,0.253589,0.267642,0
田水(1946),田水,,author,"#B4B4B4",0,1,1,0,2,2,0.009259,6,0.231947,0.247138,0
田汝康(1946),田汝康,,author,"#B4B4B4",0,1,1,0,2,2,0.012392,6,0.23441,0.252327,0
石仁(1946),石仁,,author,"#B4B4B4",0,1,1,0,2,2,0.015764,6,0.253589,0.267642,0
石挥(1946),石挥,,author,"#B4B4B4",0,1,1,0,2,2,0.059486,4,0.28312,0.308412,0
祝唯一(1946),祝唯一,,author,"#B4B4B4",0,1,1,0,2,2,0.009366,6,0.189557,0.20794,0
秦柳方(1946),秦柳方,,author,"#B4B4B4",0,1,1,0,2,2,0.004704,6,0.230535,0.241368,0
秦牧(1946),秦牧,,author,"#B4B4B4",0,1,1,0,2,2,0.01272,6,0.222876,0.242657,0
程梯云(1946),程梯云,,author,"#B4B4B4",0,1,1,0,2,2,0.009366,6,0.189557,0.20794,0
紫槿(1946),紫槿,,author,"#B4B4B4",0,1,1,0,2,2,0.041137,6,0.253953,0.282453,0
编者(1946),编者,,author,"#B4B4B4",0,1,1,0,2,2,0.009366,6,0.189557,0.20794,0
翁逸之(1946),翁逸之,,author,"#B4B4B4",0,1,1,0,2,2,0.059486,4,0.28312,0.308412,0
胡曲园(1946),胡曲园,,author,"#B4B4B4",0,1,1,0,2,2,0.059486,4,0.28312,0.308412,0
胡绳(1946),胡绳,,author,"#B4B4B4",0,3,3,0,4,4,0.113343,4,0.321212,0.361557,8680.662498
胡钊(1946),胡钊,,author,"#B4B4B4",0,3,3,0,4,4,0.03259,6,0.264207,0.288239,3522.118641
胡风(1946),胡风,,author,"#B4B4B4",0,2,2,0,3,3,0.068852,4,0.293792,0.324843,67456
莊智焕(1946),莊智焕,,author,"#B4B4B4",0,1,1,0,2,2,0.014879,6,0.216503,0.239937,0
萧冰(1946),萧冰,,author,"#B4B4B4",0,1,1,0,2,2,0.009366,6,0.189557,0.20794,0
蒋天佐(1946),蒋天佐,,author,"#B4B4B4",0,1,1,0,2,2,0.041137,6,0.253953,0.282453,0
许傑(1946),许傑,,author,"#B4B4B4",0,1,1,0,2,2,0.041137,6,0.253953,0.282453,0
诺斯(1946),诺斯,,author,"#B4B4B4",0,1,1,0,2,2,0.017544,6,0.226013,0.250346,0
赵元浩(1946),赵元浩,,author,"#B4B4B4",0,2,2,0,3,3,0.067946,4,0.29057,0.320126,3617.369979
达史(1946),达史,,author,"#B4B4B4",0,1,1,0,2,2,0.00846,6,0.209403,0.226557,0
邵景康(1946),邵景康,,author,"#B4B4B4",0,1,1,0,2,2,0.009366,6,0.189557,0.20794,0
郭生(1946),郭生,,author,"#B4B4B4",0,2,2,0,4,4,0.100623,4,0.30796,0.344418,1504.149083
醒民(1946),醒民,,author,"#B4B4B4",0,1,1,0,2,2,0.012392,6,0.23441,0.252327,0
野叟(1946),野叟,,author,"#B4B4B4",0,1,1,0,2,2,0.041137,6,0.253953,0.282453,0
闻一多(1946),闻一多,,author,"#B4B4B4",0,2,2,0,3,3,0.027886,6,0.260442,0.281006,501.358897
阿杨(1946),阿杨,,author,"#B4B4B4",0,1,1,0,2,2,0.041137,6,0.253953,0.282453,0
陈友松(1946),陈友松,,author,"#B4B4B4",0,1,1,0,2,2,0.014879,6,0.216503,0.239937,0
陈此生(1946),陈此生,,author,"#B4B4B4",0,1,1,0,2,2,0.00846,6,0.209403,0.226557,0
陈衡哲(1946),陈衡哲,,author,"#B4B4B4",0,1,1,0,2,2,0.014879,6,0.216503,0.239937,0
陈闲(1946),陈闲,,author,"#B4B4B4",0,1,1,0,2,2,0.017544,6,0.226013,0.250346,0
非昔(1946),非昔,,author,"#B4B4B4",0,1,1,0,2,2,0.041137,6,0.253953,0.282453,0
高名凯(1946),高名凯,,author,"#B4B4B4",0,1,1,0,2,2,0.014879,6,0.216503,0.239937,0
高觉敷(1946),高觉敷,,author,"#B4B4B4",0,1,1,0,2,2,0.014879,6,0.216503,0.239937,0
黄雨秋(1946),黄雨秋,,author,"#B4B4B4",0,2,2,0,3,3,0.07525,4,0.296919,0.329324,3605.332108
黎洪(1946),黎洪,,author,"#B4B4B4",0,2,2,0,3,3,0.049597,6,0.260187,0.294638,2339.595065
默君(1946),默君,,author,"#B4B4B4",0,1,1,0,2,2,0.017544,6,0.226013,0.250346,0
A.K.(1946),A.K.,,author,"#B4B4B4",0,1,1,0,1,1,0.009366,6,0.189557,0.20794,0
C.L.(1946),C.L.,,author,"#B4B4B4",0,1,1,0,1,1,0.012122,6,0.229338,0.246667,0
Grary，W.(1946),Grary，W.,,author,"#B4B4B4",0,1,1,0,1,1,0.041137,6,0.253953,0.282453,0
L·柏罗特(1946),L·柏罗特,,author,"#B4B4B4",0,1,1,0,1,1,0.015764,6,0.253589,0.267642,0
MK(1946),MK,,author,"#B4B4B4",0,1,1,0,1,1,0.059486,4,0.28312,0.308412,0
Stein，G.(1946),Stein，G.,,author,"#B4B4B4",0,1,1,0,1,1,0.01272,6,0.222876,0.242657,0
Woodward，E.L.(1946),Woodward，E.L.,,author,"#B4B4B4",0,1,1,0,1,1,0.012392,6,0.23441,0.252327,0
__波(1946),__波,,author,"#B4B4B4",0,1,1,0,1,1,0.017544,6,0.226013,0.250346,0
一孔(1946),一孔,,author,"#B4B4B4",0,1,1,0,1,1,0.041137,6,0.253953,0.282453,0
一知(1946),一知,,author,"#B4B4B4",0,1,1,0,1,1,0.059486,4,0.28312,0.308412,0
一行(1946),一行,,author,"#B4B4B4",0,1,1,0,1,1,0.014879,6,0.216503,0.239937,0
丁丙(1946),丁丙,,author,"#B4B4B4",0,1,1,0,1,1,0.012122,6,0.229338,0.246667,0
丁丙莉(1946),丁丙莉,,author,"#B4B4B4",0,1,1,0,1,1,0.012122,6,0.229338,0.246667,0
丁志进(1946),丁志进,,author,"#B4B4B4",0,1,1,0,1,1,0.041137,6,0.253953,0.282453,0
万力(1946),万力,,author,"#B4B4B4",0,1,1,0,1,1,0.014879,6,0.216503,0.239937,0
万守义(1946),万守义,,author,"#B4B4B4",0,1,1,0,1,1,0.014879,6,0.216503,0.239937,0
万来(1946),万来,,author,"#B4B4B4",0,1,1,0,1,1,0.015764,6,0.253589,0.267642,0
不耳(1946),不耳,,author,"#B4B4B4",0,1,1,0,1,1,0.059486,4,0.28312,0.308412,0
丘一中(1946),丘一中,,author,"#B4B4B4",0,1,1,0,1,1,0.01272,6,0.222876,0.242657,0
丘哲(1946),丘哲,,author,"#B4B4B4",0,2,2,0,2,2,0.02118,6,0.227957,0.25555,3133.12241
东山头人(1946),东山头人,,author,"#B4B4B4",0,1,1,0,1,1,0.059486,4,0.28312,0.308412,0
东郭迪吉(1946),东郭迪吉,,author,"#B4B4B4",0,1,1,0,1,1,0.015764,6,0.253589,0.267642,0
东风(1946),东风,,author,"#B4B4B4",0,1,1,0,1,1,0.041137,6,0.253953,0.282453,0
严奇(1946),严奇,,author,"#B4B4B4",0,1,1,0,1,1,0.059486,4,0.28312,0.308412,0
丰子恺(1946),丰子恺,,author,"#B4B4B4",0,1,1,0,1,1,0.059486,4,0.28312,0.308412,0
乃__(1946),乃__,,author,"#B4B4B4",0,1,1,0,1,1,0.041137,6,0.253953,0.282453,0
乃鹤(1946),乃鹤,,author,"#B4B4B4",0,1,1,0,1,1,0.041137,6,0.253953,0.282453,0
之的(1946),之的,,author,"#B4B4B4",0,1,1,0,1,1,0.014879,6,0.216503,0.239937,0
乐水(1946),乐水,,author,"#B4B4B4",0,1,1,0,1,1,0.012122,6,0.229338,0.246667,0
乡下人(1946),乡下人,,author,"#B4B4B4",0,1,1,0,1,1,0.009259,6,0.231947,0.247138,0
于明(1946),于明,,author,"#B4B4B4",0,1,1,0,1,1,0.009259,6,0.231947,0.247138,0
于陵(1946),于陵,,author,"#B4B4B4",0,1,1,0,1,1,0.059486,4,0.28312,0.308412,0
于鹤年(1946),于鹤年,,author,"#B4B4B4",0,1,1,0,1,1,0.014879,6,0.216503,0.239937,0
云野(1946),云野,,author,"#B4B4B4",0,1,1,0,1,1,0.014879,6,0.216503,0.239937,0
仁柳(1946),仁柳,,author,"#B4B4B4",0,1,1,0,1,1,0.041137,6,0.253953,0.282453,0
令狐畏(1946),令狐畏,,author,"#B4B4B4",0,1,1,0,1,1,0.059486,4,0.28312,0.308412,0
仰山(1946),仰山,,author,"#B4B4B4",0,1,1,0,1,1,0.012122,6,0.229338,0.246667,0
任叔谨(1946),任叔谨,,author,"#B4B4B4",0,1,1,0,1,1,0.041137,6,0.253953,0.282453,0
任四维(1946),任四维,,author,"#B4B4B4",0,1,1,0,1,1,0.041137,6,0.253953,0.282453,0
任民(1946),任民,,author,"#B4B4B4",0,1,1,0,1,1,0.012122,6,0.229338,0.246667,0
任远(1946),任远,,author,"#B4B4B4",0,1,1,0,1,1,0.041137,6,0.253953,0.282453,0
伊仲羊(1946),伊仲羊,,author,"#B4B4B4",0,1,1,0,1,1,0.041137,6,0.253953,0.282453,0
伊利奥特·罗斯福(1946),伊利奥特·罗斯福,,author,"#B4B4B4",0,1,1,0,1,1,0.041137,6,0.253953,0.282453,0
伊民(1946),伊民,,author,"#B4B4B4",0,1,1,0,1,1,0.01272,6,0.222876,0.242657,0
伍丁(1946),伍丁,,author,"#B4B4B4",0,1,1,0,1,1,0.017544,6,0.226013,0.250346,0
何其芳(1946),何其芳,,author,"#B4B4B4",0,1,1,0,1,1,0.059486,4,0.28312,0.308412,0
何天(1946),何天,,author,"#B4B4B4",0,1,1,0,1,1,0.041137,6,0.253953,0.282453,0
何容(1946),何容,,author,"#B4B4B4",0,1,1,0,1,1,0.059486,4,0.28312,0.308412,0
何康平(1946),何康平,,author,"#B4B4B4",0,1,1,0,1,1,0.015764,6,0.253589,0.267642,0
何方(1946),何方,,author,"#B4B4B4",0,1,1,0,1,1,0.012122,6,0.229338,0.246667,0
何林(1946),何林,,author,"#B4B4B4",0,1,1,0,1,1,0.015764,6,0.253589,0.267642,0
何永佶(1946),何永佶,,author,"#B4B4B4",0,1,1,0,1,1,0.012392,6,0.23441,0.252327,0
何清(1946),何清,,author,"#B4B4B4",0,1,1,0,1,1,0.015764,6,0.253589,0.267642,0
何满(1946),何满,,author,"#B4B4B4",0,1,1,0,1,1,0.00846,6,0.209403,0.226557,0
何锦明(1946),何锦明,,author,"#B4B4B4",0,1,1,0,1,1,0.004704,6,0.230535,0.241368,0
余伯约(1946),余伯约,,author,"#B4B4B4",0,1,1,0,1,1,0.059486,4,0.28312,0.308412,0
余信华(1946),余信华,,author,"#B4B4B4",0,1,1,0,1,1,0.009366,6,0.189557,0.20794,0
余审之(1946),余审之,,author,"#B4B4B4",0,1,1,0,1,1,0.041137,6,0.253953,0.282453,0
佛利阿特(1946),佛利阿特,,author,"#B4B4B4",0,1,1,0,1,1,0.012392,6,0.23441,0.252327,0
俞平清(1946),俞平清,,author,"#B4B4B4",0,1,1,0,1,1,0.041137,6,0.253953,0.282453,0
俞湘文(1946),俞湘文,,author,"#B4B4B4",0,1,1,0,1,1,0.004704,6,0.230535,0.241368,0
俞白克(1946),俞白克,,author,"#B4B4B4",0,1,1,0,1,1,0.009259,6,0.231947,0.247138,0
倪平(1946),倪平,,author,"#B4B4B4",0,1,1,0,1,1,0.012392,6,0.23441,0.252327,0
傅亮(1946),傅亮,,author,"#B4B4B4",0,1,1,0,1,1,0.009366,6,0.189557,0.20794,0
傅菊人(1946),傅菊人,,author,"#B4B4B4",0,1,1,0,1,1,0.009366,6,0.189557,0.20794,0
傅雷(1946),傅雷,,author,"#B4B4B4",0,2,2,0,2,2,0.100623,4,0.30796,0.344418,1504.149083
元民(1946),元民,,author,"#B4B4B4",0,1,1,0,1,1,0.009366,6,0.189557,0.20794,0
光旦(1946),光旦,,author,"#B4B4B4",0,1,1,0,1,1,0.014879,6,0.216503,0.239937,0
克汀(1946),克汀,,author,"#B4B4B4",0,1,1,0,1,1,0.01272,6,0.222876,0.242657,0
全慰天(1946),全慰天,,author,"#B4B4B4",0,1,1,0,1,1,0.014879,6,0.216503,0.239937,0
公南(1946),公南,,author,"#B4B4B4",0,1,1,0,1,1,0.009366,6,0.189557,0.20794,0
公隼(1946),公隼,,author,"#B4B4B4",0,1,1,0,1,1,0.059486,4,0.28312,0.308412,0
其善(1946),其善,,author,"#B4B4B4",0,1,1,0,1,1,0.00846,6,0.209403,0.226557,0
其玉(1946),其玉,,author,"#B4B4B4",0,1,1,0,1,1,0.059486,4,0.28312,0.308412,0
农慕之(1946),农慕之,,author,"#B4B4B4",0,1,1,0,1,1,0.041137,6,0.253953,0.282453,0
冠英(1946),冠英,,author,"#B4B4B4",0,1,1,0,1,1,0.012122,6,0.229338,0.246667,0
冬予里(1946),冬予里,,author,"#B4B4B4",0,1,1,0,1,1,0.015764,6,0.253589,0.267642,0
冬池(1946),冬池,,author,"#B4B4B4",0,1,1,0,1,1,0.009259,6,0.231947,0.247138,0
冯小山(1946),冯小山,,author,"#B4B4B4",0,1,1,0,1,1,0.059486,4,0.28312,0.308412,0
冯玉祥(1946),冯玉祥,,author,"#B4B4B4",0,1,1,0,1,1,0.059486,4,0.28312,0.308412,0
冯至(1946),冯至,,author,"#B4B4B4",0,1,1,0,1,1,0.014879,6,0.216503,0.239937,0
冷欣(1946),冷欣,,author,"#B4B4B4",0,1,1,0,1,1,0.009366,6,0.189557,0.20794,0
冷铁(1946),冷铁,,author,"#B4B4B4",0,1,1,0,1,1,0.012122,6,0.229338,0.246667,0
凌元(1946),凌元,,author,"#B4B4B4",0,1,1,0,1,1,0.00846,6,0.209403,0.226557,0
凌风(1946),凌风,,author,"#B4B4B4",0,1,1,0,1,1,0.059486,4,0.28312,0.308412,0
凌飞(1946),凌飞,,author,"#B4B4B4",0,1,1,0,1,1,0.004704,6,0.230535,0.241368,0
凤子(1946),凤子,,author,"#B4B4B4",0,1,1,0,1,1,0.059486,4,0.28312,0.308412,0
刃锋(1946),刃锋,,author,"#B4B4B4",0,1,1,0,1,1,0.01272,6,0.222876,0.242657,0
刍雷(1946),刍雷,,author,"#B4B4B4",0,1,1,0,1,1,0.041137,6,0.253953,0.282453,0
刘中育(1946),刘中育,,author,"#B4B4B4",0,1,1,0,1,1,0.012122,6,0.229338,0.246667,0
刘友瑾(1946),刘友瑾,,author,"#B4B4B4",0,1,1,0,1,1,0.059486,4,0.28312,0.308412,0
刘唯公(1946),刘唯公,,author,"#B4B4B4",0,1,1,0,1,1,0.009259,6,0.231947,0.247138,0
刘威(1946),刘威,,author,"#B4B4B4",0,1,1,0,1,1,0.012392,6,0.23441,0.252327,0
刘尊棋(1946),刘尊棋,,author,"#B4B4B4",0,1,1,0,1,1,0.01272,6,0.222876,0.242657,0
刘恢之(1946),刘恢之,,author,"#B4B4B4",0,1,1,0,1,1,0.012122,6,0.229338,0.246667,0
刘白羽(1946),刘白羽,,author,"#B4B4B4",0,1,1,0,1,1,0.059486,4,0.28312,0.308412,0
刘英(1946),刘英,,author,"#B4B4B4",0,1,1,0,1,1,0.012392,6,0.23441,0.252327,0
刘谟(1946),刘谟,,author,"#B4B4B4",0,1,1,0,1,1,0.059486,4,0.28312,0.308412,0
前进危险”(1946),前进危险”,,author,"#B4B4B4",0,1,1,0,1,1,0.01272,6,0.222876,0.242657,0
剪伯赞(1946),剪伯赞,,author,"#B4B4B4",0,1,1,0,1,1,0.041137,6,0.253953,0.282453,0
力戈(1946),力戈,,author,"#B4B4B4",0,1,1,0,1,1,0.017544,6,0.226013,0.250346,0
力耘(1946),力耘,,author,"#B4B4B4",0,1,1,0,1,1,0.017544,6,0.226013,0.250346,0
力衡(1946),力衡,,author,"#B4B4B4",0,1,1,0,1,1,0.00846,6,0.209403,0.226557,0
劳伦斯(1946),劳伦斯,,author,"#B4B4B4",0,1,1,0,1,1,0.012392,6,0.23441,0.252327,0
劳德拔哈(1946),劳德拔哈,,author,"#B4B4B4",0,1,1,0,1,1,0.012392,6,0.23441,0.252327,0
劳荣(1946),劳荣,,author,"#B4B4B4",0,1,1,0,1,1,0.041137,6,0.253953,0.282453,0
劳辛(1946),劳辛,,author,"#B4B4B4",0,1,1,0,1,1,0.01272,6,0.222876,0.242657,0
勒巩(1946),勒巩,,author,"#B4B4B4",0,1,1,0,1,1,0.041137,6,0.253953,0.282453,0
匀田(1946),匀田,,author,"#B4B4B4",0,1,1,0,1,1,0.017544,6,0.226013,0.250346,0
午子(1946),午子,,author,"#B4B4B4",0,1,1,0,1,1,0.01272,6,0.222876,0.242657,0
华伞(1946),华伞,,author,"#B4B4B4",0,1,1,0,1,1,0.012122,6,0.229338,0.246667,0
华又严(1946),华又严,,author,"#B4B4B4",0,1,1,0,1,1,0.01272,6,0.222876,0.242657,0
华庆(1946),华庆,,author,"#B4B4B4",0,1,1,0,1,1,0.009259,6,0.231947,0.247138,0
华生(1946),华生,,author,"#B4B4B4",0,1,1,0,1,1,0.059486,4,0.28312,0.308412,0
华臣(1946),华臣,,author,"#B4B4B4",0,1,1,0,1,1,0.059486,4,0.28312,0.308412,0
单行(1946),单行,,author,"#B4B4B4",0,1,1,0,1,1,0.041137,6,0.253953,0.282453,0
南人(1946),南人,,author,"#B4B4B4",0,1,1,0,1,1,0.059486,4,0.28312,0.308412,0
南风(1946),南风,,author,"#B4B4B4",0,1,1,0,1,1,0.012122,6,0.229338,0.246667,0
卧龙山人(1946),卧龙山人,,author,"#B4B4B4",0,1,1,0,1,1,0.041137,6,0.253953,0.282453,0
厄尔·白劳德(1946),厄尔·白劳德,,author,"#B4B4B4",0,1,1,0,1,1,0.01272,6,0.222876,0.242657,0
叙功(1946),叙功,,author,"#B4B4B4",0,1,1,0,1,1,0.041137,6,0.253953,0.282453,0
古月(1946),古月,,author,"#B4B4B4",0,1,1,0,1,1,0.059486,4,0.28312,0.308412,0
古泉(1946),古泉,,author,"#B4B4B4",0,1,1,0,1,1,0.017544,6,0.226013,0.250346,0
古谛(1946),古谛,,author,"#B4B4B4",0,1,1,0,1,1,0.041137,6,0.253953,0.282453,0
史东山(1946),史东山,,author,"#B4B4B4",0,1,1,0,1,1,0.059486,4,0.28312,0.308412,0
史枚(1946),史枚,,author,"#B4B4B4",0,1,1,0,1,1,0.041137,6,0.253953,0.282453,0
史永(1946),史永,,author,"#B4B4B4",0,1,1,0,1,1,0.041137,6,0.253953,0.282453,0
史笃(1946),史笃,,author,"#B4B4B4",0,1,1,0,1,1,0.041137,6,0.253953,0.282453,0
史言(1946),史言,,author,"#B4B4B4",0,1,1,0,1,1,0.059486,4,0.28312,0.308412,0
史逸(1946),史逸,,author,"#B4B4B4",0,1,1,0,1,1,0.041137,6,0.253953,0.282453,0
史鉴(1946),史鉴,,author,"#B4B4B4",0,1,1,0,1,1,0.017544,6,0.226013,0.250346,0
史靖(1946),史靖,,author,"#B4B4B4",0,1,1,0,1,1,0.015764,6,0.253589,0.267642,0
叶正明(1946),叶正明,,author,"#B4B4B4",0,1,1,0,1,1,0.059486,4,0.28312,0.308412,0
叶浅予(1946),叶浅予,,author,"#B4B4B4",0,1,1,0,1,1,0.059486,4,0.28312,0.308412,0
司马文森(1946),司马文森,,author,"#B4B4B4",0,1,1,0,1,1,0.059486,4,0.28312,0.308412,0
向师程(1946),向师程,,author,"#B4B4B4",0,1,1,0,1,1,0.041137,6,0.253953,0.282453,0
向春(1946),向春,,author,"#B4B4B4",0,1,1,0,1,1,0.017544,6,0.226013,0.250346,0
向豁(1946),向豁,,author,"#B4B4B4",0,1,1,0,1,1,0.009259,6,0.231947,0.247138,0
向达(1946),向达,,author,"#B4B4B4",0,1,1,0,1,1,0.015764,6,0.253589,0.267642,0
吕牛(1946),吕牛,,author,"#B4B4B4",0,1,1,0,1,1,0.059486,4,0.28312,0.308412,0
吕阳(1946),吕阳,,author,"#B4B4B4",0,1,1,0,1,1,0.059486,4,0.28312,0.308412,0
君羊(1946),君羊,,author,"#B4B4B4",0,1,1,0,1,1,0.041137,6,0.253953,0.282453,0
吴大琨(1946),吴大琨,,author,"#B4B4B4",0,1,1,0,1,1,0.041137,6,0.253953,0.282453,0
吴奔星(1946),吴奔星,,author,"#B4B4B4",0,1,1,0,1,1,0.009259,6,0.231947,0.247138,0
吴恩裕(1946),吴恩裕,,author,"#B4B4B4",0,1,1,0,1,1,0.014879,6,0.216503,0.239937,0
吴禹昌(1946),吴禹昌,,author,"#B4B4B4",0,1,1,0,1,1,0.012392,6,0.23441,0.252327,0
呆霞(1946),呆霞,,author,"#B4B4B4",0,1,1,0,1,1,0.009259,6,0.231947,0.247138,0
周东郊(1946),周东郊,,author,"#B4B4B4",0,1,1,0,1,1,0.014879,6,0.216503,0.239937,0
周予同(1946),周予同,,author,"#B4B4B4",0,1,1,0,1,1,0.059486,4,0.28312,0.308412,0
周新民(1946),周新民,,author,"#B4B4B4",0,2,2,0,2,2,0.024224,6,0.259804,0.279827,2027.667575
周绶章(1946),周绶章,,author,"#B4B4B4",0,1,1,0,1,1,0.014879,6,0.216503,0.239937,0
周荣(1946),周荣,,author,"#B4B4B4",0,1,1,0,1,1,0.059486,4,0.28312,0.308412,0
味橄(1946),味橄,,author,"#B4B4B4",0,1,1,0,1,1,0.014879,6,0.216503,0.239937,0
哈哈(1946),哈哈,,author,"#B4B4B4",0,1,1,0,1,1,0.017544,6,0.226013,0.250346,0
哈里逊·福门(1946),哈里逊·福门,,author,"#B4B4B4",0,1,1,0,1,1,0.041137,6,0.253953,0.282453,0
哲圣(1946),哲圣,,author,"#B4B4B4",0,1,1,0,1,1,0.059486,4,0.28312,0.308412,0
唐现之(1946),唐现之,,author,"#B4B4B4",0,1,1,0,1,1,0.017544,6,0.226013,0.250346,0
唐祥__(1946),唐祥__,,author,"#B4B4B4",0,1,1,0,1,1,0.009366,6,0.189557,0.20794,0
唐言(1946),唐言,,author,"#B4B4B4",0,1,1,0,1,1,0.01272,6,0.222876,0.242657,0
国新(1946),国新,,author,"#B4B4B4",0,2,2,0,2,2,0.027886,6,0.260442,0.281006,501.358897
圣徒(1946),圣徒,,author,"#B4B4B4",0,1,1,0,1,1,0.009259,6,0.231947,0.247138,0
在灼(1946),在灼,,author,"#B4B4B4",0,1,1,0,1,1,0.012392,6,0.23441,0.252327,0
坚夫(1946),坚夫,,author,"#B4B4B4",0,1,1,0,1,1,0.00846,6,0.209403,0.226557,0
培仁(1946),培仁,,author,"#B4B4B4",0,1,1,0,1,1,0.012392,6,0.23441,0.252327,0
墨君(1946),墨君,,author,"#B4B4B4",0,1,1,0,1,1,0.017544,6,0.226013,0.250346,0
士刚(1946),士刚,,author,"#B4B4B4",0,1,1,0,1,1,0.01272,6,0.222876,0.242657,0
复生(1946),复生,,author,"#B4B4B4",0,1,1,0,1,1,0.012392,6,0.23441,0.252327,0
夏敏(1946),夏敏,,author,"#B4B4B4",0,1,1,0,1,1,0.059486,4,0.28312,0.308412,0
夏晨(1946),夏晨,,author,"#B4B4B4",0,1,1,0,1,1,0.041137,6,0.253953,0.282453,0
夏若愚(1946),夏若愚,,author,"#B4B4B4",0,1,1,0,1,1,0.00846,6,0.209403,0.226557,0
夏迪蒙(1946),夏迪蒙,,author,"#B4B4B4",0,1,1,0,1,1,0.009259,6,0.231947,0.247138,0
多鲁(1946),多鲁,,author,"#B4B4B4",0,1,1,0,1,1,0.014879,6,0.216503,0.239937,0
大希(1946),大希,,author,"#B4B4B4",0,1,1,0,1,1,0.015764,6,0.253589,0.267642,0
大白(1946),大白,,author,"#B4B4B4",0,1,1,0,1,1,0.017544,6,0.226013,0.250346,0
大羊(1946),大羊,,author,"#B4B4B4",0,1,1,0,1,1,0.059486,4,0.28312,0.308412,0
天顽(1946),天顽,,author,"#B4B4B4",0,1,1,0,1,1,0.041137,6,0.253953,0.282453,0
奔原(1946),奔原,,author,"#B4B4B4",0,1,1,0,1,1,0.00846,6,0.209403,0.226557,0
奥凯(1946),奥凯,,author,"#B4B4B4",0,1,1,0,1,1,0.009259,6,0.231947,0.247138,0
姚又馀(1946),姚又馀,,author,"#B4B4B4",0,1,1,0,1,1,0.041137,6,0.253953,0.282453,0
姚澄波(1946),姚澄波,,author,"#B4B4B4",0,1,1,0,1,1,0.009366,6,0.189557,0.20794,0
姜庆湘(1946),姜庆湘,,author,"#B4B4B4",0,1,1,0,1,1,0.004704,6,0.230535,0.241368,0
威尔斯(1946),威尔斯,,author,"#B4B4B4",0,1,1,0,1,1,0.012392,6,0.23441,0.252327,0
威德(1946),威德,,author,"#B4B4B4",0,1,1,0,1,1,0.012392,6,0.23441,0.252327,0
娄立齐(1946),娄立齐,,author,"#B4B4B4",0,1,1,0,1,1,0.041137,6,0.253953,0.282453,0
子冈(1946),子冈,,author,"#B4B4B4",0,2,2,0,2,2,0.071608,4,0.292818,0.323428,2312.460611
子起(1946),子起,,author,"#B4B4B4",0,1,1,0,1,1,0.041137,6,0.253953,0.282453,0
孔庆赓(1946),孔庆赓,,author,"#B4B4B4",0,1,1,0,1,1,0.059486,4,0.28312,0.308412,0
孙克宽(1946),孙克宽,,author,"#B4B4B4",0,1,1,0,1,1,0.014879,6,0.216503,0.239937,0
孙凯根(1946),孙凯根,,author,"#B4B4B4",0,1,1,0,1,1,0.009366,6,0.189557,0.20794,0
孙宝刚(1946),孙宝刚,,author,"#B4B4B4",0,1,1,0,1,1,0.012392,6,0.23441,0.252327,0
孙懋德(1946),孙懋德,,author,"#B4B4B4",0,1,1,0,1,1,0.017544,6,0.226013,0.250346,0
孙源(1946),孙源,,author,"#B4B4B4",0,1,1,0,1,1,0.017544,6,0.226013,0.250346,0
孙肯来(1946),孙肯来,,author,"#B4B4B4",0,1,1,0,1,1,0.059486,4,0.28312,0.308412,0
孟南(1946),孟南,,author,"#B4B4B4",0,2,2,0,2,2,0.027886,6,0.260442,0.281006,501.358897
孟宪章(1946),孟宪章,,author,"#B4B4B4",0,1,1,0,1,1,0.01272,6,0.222876,0.242657,0
孟晖(1946),孟晖,,author,"#B4B4B4",0,1,1,0,1,1,0.014879,6,0.216503,0.239937,0
孟木(1946),孟木,,author,"#B4B4B4",0,1,1,0,1,1,0.059486,4,0.28312,0.308412,0
孟永之(1946),孟永之,,author,"#B4B4B4",0,1,1,0,1,1,0.01272,6,0.222876,0.242657,0
季凤(1946),季凤,,author,"#B4B4B4",0,1,1,0,1,1,0.059486,4,0.28312,0.308412,0
季季(1946),季季,,author,"#B4B4B4",0,1,1,0,1,1,0.01272,6,0.222876,0.242657,0
学范(1946),学范,,author,"#B4B4B4",0,1,1,0,1,1,0.041137,6,0.253953,0.282453,0
安奇(1946),安奇,,author,"#B4B4B4",0,1,1,0,1,1,0.012122,6,0.229338,0.246667,0
安娜·莎克赛(1946),安娜·莎克赛,,author,"#B4B4B4",0,1,1,0,1,1,0.017544,6,0.226013,0.250346,0
安得烈·罗斯(1946),安得烈·罗斯,,author,"#B4B4B4",0,1,1,0,1,1,0.012392,6,0.23441,0.252327,0
宋云彬(1946),宋云彬,,author,"#B4B4B4",0,1,1,0,1,1,0.012122,6,0.229338,0.246667,0
宗亿(1946),宗亿,,author,"#B4B4B4",0,1,1,0,1,1,0.041137,6,0.253953,0.282453,0
宗白华(1946),宗白华,,author,"#B4B4B4",0,1,1,0,1,1,0.014879,6,0.216503,0.239937,0
宗石(1946),宗石,,author,"#B4B4B4",0,1,1,0,1,1,0.041137,6,0.253953,0.282453,0
实革(1946),实革,,author,"#B4B4B4",0,1,1,0,1,1,0.041137,6,0.253953,0.282453,0
宣铁吾(1946),宣铁吾,,author,"#B4B4B4",0,1,1,0,1,1,0.059486,4,0.28312,0.308412,0
宦乡(1946),宦乡,,author,"#B4B4B4",0,1,1,0,1,1,0.059486,4,0.28312,0.308412,0
宾符(1946),宾符,,author,"#B4B4B4",0,1,1,0,1,1,0.059486,4,0.28312,0.308412,0
小兵(1946),小兵,,author,"#B4B4B4",0,1,1,0,1,1,0.017544,6,0.226013,0.250346,0
小鱼(1946),小鱼,,author,"#B4B4B4",0,1,1,0,1,1,0.012122,6,0.229338,0.246667,0
尔东(1946),尔东,,author,"#B4B4B4",0,1,1,0,1,1,0.059486,4,0.28312,0.308412,0
尖兵(1946),尖兵,,author,"#B4B4B4",0,1,1,0,1,1,0.059486,4,0.28312,0.308412,0
尙羣(1946),尙羣,,author,"#B4B4B4",0,1,1,0,1,1,0.009259,6,0.231947,0.247138,0
尤鲁(1946),尤鲁,,author,"#B4B4B4",0,1,1,0,1,1,0.041137,6,0.253953,0.282453,0
屠西(1946),屠西,,author,"#B4B4B4",0,1,1,0,1,1,0.017544,6,0.226013,0.250346,0
岳光(1946),岳光,,author,"#B4B4B4",0,1,1,0,1,1,0.059486,4,0.28312,0.308412,0
崔嵬(1946),崔嵬,,author,"#B4B4B4",0,1,1,0,1,1,0.012392,6,0.23441,0.252327,0
崔超明(1946),崔超明,,author,"#B4B4B4",0,1,1,0,1,1,0.059486,4,0.28312,0.308412,0
左垲(1946),左垲,,author,"#B4B4B4",0,1,1,0,1,1,0.014879,6,0.216503,0.239937,0
左昂(1946),左昂,,author,"#B4B4B4",0,1,1,0,1,1,0.009259,6,0.231947,0.247138,0
师陀(1946),师陀,,author,"#B4B4B4",0,1,1,0,1,1,0.059486,4,0.28312,0.308412,0
希孟(1946),希孟,,author,"#B4B4B4",0,1,1,0,1,1,0.015764,6,0.253589,0.267642,0
希昭(1946),希昭,,author,"#B4B4B4",0,1,1,0,1,1,0.017544,6,0.226013,0.250346,0
平新(1946),平新,,author,"#B4B4B4",0,1,1,0,1,1,0.012122,6,0.229338,0.246667,0
应卫民(1946),应卫民,,author,"#B4B4B4",0,1,1,0,1,1,0.059486,4,0.28312,0.308412,0
康纳(1946),康纳,,author,"#B4B4B4",0,1,1,0,1,1,0.015764,6,0.253589,0.267642,0
廖世承(1946),廖世承,,author,"#B4B4B4",0,1,1,0,1,1,0.014879,6,0.216503,0.239937,0
廖冰兄(1946),廖冰兄,,author,"#B4B4B4",0,1,1,0,1,1,0.059486,4,0.28312,0.308412,0
廖婴(1946),廖婴,,author,"#B4B4B4",0,1,1,0,1,1,0.017544,6,0.226013,0.250346,0
弋戈(1946),弋戈,,author,"#B4B4B4",0,1,1,0,1,1,0.00846,6,0.209403,0.226557,0
引流(1946),引流,,author,"#B4B4B4",0,1,1,0,1,1,0.004704,6,0.230535,0.241368,0
弘仁(1946),弘仁,,author,"#B4B4B4",0,1,1,0,1,1,0.015764,6,0.253589,0.267642,0
张一帆(1946),张一帆,,author,"#B4B4B4",0,1,1,0,1,1,0.041137,6,0.253953,0.282453,0
张东前(1946),张东前,,author,"#B4B4B4",0,1,1,0,1,1,0.014879,6,0.216503,0.239937,0
张健(1946),张健,,author,"#B4B4B4",0,1,1,0,1,1,0.015764,6,0.253589,0.267642,0
张光裕(1946),张光裕,,author,"#B4B4B4",0,1,1,0,1,1,0.017544,6,0.226013,0.250346,0
张凤举(1946),张凤举,,author,"#B4B4B4",0,1,1,0,1,1,0.041137,6,0.253953,0.282453,0
张刚父(1946),张刚父,,author,"#B4B4B4",0,1,1,0,1,1,0.01272,6,0.222876,0.242657,0
张君励(1946),张君励,,author,"#B4B4B4",0,1,1,0,1,1,0.014879,6,0.216503,0.239937,0
张复生(1946),张复生,,author,"#B4B4B4",0,1,1,0,1,1,0.017544,6,0.226013,0.250346,0
张宏(1946),张宏,,author,"#B4B4B4",0,1,1,0,1,1,0.059486,4,0.28312,0.308412,0
张家壻(1946),张家壻,,author,"#B4B4B4",0,1,1,0,1,1,0.059486,4,0.28312,0.308412,0
张庆一(1946),张庆一,,author,"#B4B4B4",0,1,1,0,1,1,0.059486,4,0.28312,0.308412,0
张志龢(1946),张志龢,,author,"#B4B4B4",0,1,1,0,1,1,0.009259,6,0.231947,0.247138,0
张恒(1946),张恒,,author,"#B4B4B4",0,1,1,0,1,1,0.059486,4,0.28312,0.308412,0
张正邦(1946),张正邦,,author,"#B4B4B4",0,1,1,0,1,1,0.009366,6,0.189557,0.20794,0
张武全(1946),张武全,,author,"#B4B4B4",0,1,1,0,1,1,0.059486,4,0.28312,0.308412,0
张永久(1946),张永久,,author,"#B4B4B4",0,1,1,0,1,1,0.009366,6,0.189557,0.20794,0
张沈贞清(1946),张沈贞清,,author,"#B4B4B4",0,1,1,0,1,1,0.059486,4,0.28312,0.308412,0
张澜(1946),张澜,,author,"#B4B4B4",0,1,1,0,1,1,0.017544,6,0.226013,0.250346,0
张琴(1946),张琴,,author,"#B4B4B4",0,1,1,0,1,1,0.012392,6,0.23441,0.252327,0
张申府(1946),张申府,,author,"#B4B4B4",0,2,2,0,2,2,0.024842,6,0.247432,0.272547,2647.639105
张禹(1946),张禹,,author,"#B4B4B4",0,1,1,0,1,1,0.059486,4,0.28312,0.308412,0
张胆(1946),张胆,,author,"#B4B4B4",0,1,1,0,1,1,0.004704,6,0.230535,0.241368,0
张道真(1946),张道真,,author,"#B4B4B4",0,1,1,0,1,1,0.014879,6,0.216503,0.239937,0
张锐(1946),张锐,,author,"#B4B4B4",0,1,1,0,1,1,0.014879,6,0.216503,0.239937,0
张鸣春(1946),张鸣春,,author,"#B4B4B4",0,1,1,0,1,1,0.014879,6,0.216503,0.239937,0
彭慧(1946),彭慧,,author,"#B4B4B4",0,1,1,0,1,1,0.017544,6,0.226013,0.250346,0
彭文应(1946),彭文应,,author,"#B4B4B4",0,1,1,0,1,1,0.01272,6,0.222876,0.242657,0
彭迪先(1946),彭迪先,,author,"#B4B4B4",0,1,1,0,1,1,0.01272,6,0.222876,0.242657,0
彳亍(1946),彳亍,,author,"#B4B4B4",0,1,1,0,1,1,0.041137,6,0.253953,0.282453,0
徐仁道(1946),徐仁道,,author,"#B4B4B4",0,1,1,0,1,1,0.009366,6,0.189557,0.20794,0
徐学礼(1946),徐学礼,,author,"#B4B4B4",0,1,1,0,1,1,0.009366,6,0.189557,0.20794,0
徐深(1946),徐深,,author,"#B4B4B4",0,1,1,0,1,1,0.041137,6,0.253953,0.282453,0
徐盈(1946),徐盈,,author,"#B4B4B4",0,2,2,0,2,2,0.074365,4,0.29792,0.330739,13096.801517
徐逸(1946),徐逸,,author,"#B4B4B4",0,1,1,0,1,1,0.009366,6,0.189557,0.20794,0
徐醒(1946),徐醒,,author,"#B4B4B4",0,1,1,0,1,1,0.017544,6,0.226013,0.250346,0
徐静凡(1946),徐静凡,,author,"#B4B4B4",0,1,1,0,1,1,0.059486,4,0.28312,0.308412,0
怀椒(1946),怀椒,,author,"#B4B4B4",0,1,1,0,1,1,0.041137,6,0.253953,0.282453,0
思云(1946),思云,,author,"#B4B4B4",0,1,1,0,1,1,0.059486,4,0.28312,0.308412,0
思聪(1946),思聪,,author,"#B4B4B4",0,1,1,0,1,1,0.059486,4,0.28312,0.308412,0
思辽(1946),思辽,,author,"#B4B4B4",0,1,1,0,1,1,0.041137,6,0.253953,0.282453,0
惕庵(1946),惕庵,,author,"#B4B4B4",0,1,1,0,1,1,0.041137,6,0.253953,0.282453,0
愚公(1946),愚公,,author,"#B4B4B4",0,1,1,0,1,1,0.041137,6,0.253953,0.282453,0
愿翊羣(1946),愿翊羣,,author,"#B4B4B4",0,1,1,0,1,1,0.014879,6,0.216503,0.239937,0
戈扬(1946),戈扬,,author,"#B4B4B4",0,1,1,0,1,1,0.015764,6,0.253589,0.267642,0
戈风(1946),戈风,,author,"#B4B4B4",0,1,1,0,1,1,0.017544,6,0.226013,0.250346,0
戴世光(1946),戴世光,,author,"#B4B4B4",0,1,1,0,1,1,0.014879,6,0.216503,0.239937,0
戴文葆(1946),戴文葆,,author,"#B4B4B4",0,2,2,0,2,2,0.100623,4,0.30796,0.344418,1504.149083
戾野(1946),戾野,,author,"#B4B4B4",0,1,1,0,1,1,0.041137,6,0.253953,0.282453,0
捷克(1946),捷克,,author,"#B4B4B4",0,1,1,0,1,1,0.017544,6,0.226013,0.250346,0
支笔(1946),支笔,,author,"#B4B4B4",0,1,1,0,1,1,0.017544,6,0.226013,0.250346,0
政客(1946),政客,,author,"#B4B4B4",0,1,1,0,1,1,0.041137,6,0.253953,0.282453,0
效先(1946),效先,,author,"#B4B4B4",0,1,1,0,1,1,0.014879,6,0.216503,0.239937,0
文中(1946),文中,,author,"#B4B4B4",0,1,1,0,1,1,0.059486,4,0.28312,0.308412,0
文人书(1946),文人书,,author,"#B4B4B4",0,1,1,0,1,1,0.01272,6,0.222876,0.242657,0
文公(1946),文公,,author,"#B4B4B4",0,1,1,0,1,1,0.012392,6,0.23441,0.252327,0
文孚(1946),文孚,,author,"#B4B4B4",0,1,1,0,1,1,0.059486,4,0.28312,0.308412,0
文育英(1946),文育英,,author,"#B4B4B4",0,1,1,0,1,1,0.059486,4,0.28312,0.308412,0
文茂(1946),文茂,,author,"#B4B4B4",0,1,1,0,1,1,0.012122,6,0.229338,0.246667,0
文西(1946),文西,,author,"#B4B4B4",0,1,1,0,1,1,0.059486,4,0.28312,0.308412,0
文雏(1946),文雏,,author,"#B4B4B4",0,1,1,0,1,1,0.041137,6,0.253953,0.282453,0
斯慈(1946),斯慈,,author,"#B4B4B4",0,1,1,0,1,1,0.009259,6,0.231947,0.247138,0
斯璜翦(1946),斯璜翦,,author,"#B4B4B4",0,1,1,0,1,1,0.009259,6,0.231947,0.247138,0
斯维(1946),斯维,,author,"#B4B4B4",0,1,1,0,1,1,0.059486,4,0.28312,0.308412,0
方旅(1946),方旅,,author,"#B4B4B4",0,1,1,0,1,1,0.017544,6,0.226013,0.250346,0
方生(1946),方生,,author,"#B4B4B4",0,1,1,0,1,1,0.00846,6,0.209403,0.226557,0
方皇绘(1946),方皇绘,,author,"#B4B4B4",0,1,1,0,1,1,0.041137,6,0.253953,0.282453,0
方直(1946),方直,,author,"#B4B4B4",0,1,1,0,1,1,0.041137,6,0.253953,0.282453,0
方纾(1946),方纾,,author,"#B4B4B4",0,2,2,0,2,2,0.100623,4,0.30796,0.344418,1504.149083
施丽珠(1946),施丽珠,,author,"#B4B4B4",0,1,1,0,1,1,0.059486,4,0.28312,0.308412,0
旁听(1946),旁听,,author,"#B4B4B4",0,1,1,0,1,1,0.014879,6,0.216503,0.239937,0
旦尼(1946),旦尼,,author,"#B4B4B4",0,1,1,0,1,1,0.009259,6,0.231947,0.247138,0
易水之思(1946),易水之思,,author,"#B4B4B4",0,1,1,0,1,1,0.017544,6,0.226013,0.250346,0
昭琛(1946),昭琛,,author,"#B4B4B4",0,1,1,0,1,1,0.012122,6,0.229338,0.246667,0
晋人(1946),晋人,,author,"#B4B4B4",0,1,1,0,1,1,0.015764,6,0.253589,0.267642,0
晓敷(1946),晓敷,,author,"#B4B4B4",0,1,1,0,1,1,0.059486,4,0.28312,0.308412,0
景伊(1946),景伊,,author,"#B4B4B4",0,1,1,0,1,1,0.014879,6,0.216503,0.239937,0
景山(1946),景山,,author,"#B4B4B4",0,1,1,0,1,1,0.015764,6,0.253589,0.267642,0
景文(1946),景文,,author,"#B4B4B4",0,1,1,0,1,1,0.041137,6,0.253953,0.282453,0
曹叔山(1946),曹叔山,,author,"#B4B4B4",0,1,1,0,1,1,0.059486,4,0.28312,0.308412,0
曹孟君(1946),曹孟君,,author,"#B4B4B4",0,1,1,0,1,1,0.059486,4,0.28312,0.308412,0
曹斌华(1946),曹斌华,,author,"#B4B4B4",0,1,1,0,1,1,0.059486,4,0.28312,0.308412,0
曹斌杰(1946),曹斌杰,,author,"#B4B4B4",0,1,1,0,1,1,0.059486,4,0.28312,0.308412,0
曹梦阳(1946),曹梦阳,,author,"#B4B4B4",0,1,1,0,1,1,0.015764,6,0.253589,0.267642,0
曹锡珍(1946),曹锡珍,,author,"#B4B4B4",0,1,1,0,1,1,0.009259,6,0.231947,0.247138,0
曾其途(1946),曾其途,,author,"#B4B4B4",0,1,1,0,1,1,0.009259,6,0.231947,0.247138,0
曾尚贤(1946),曾尚贤,,author,"#B4B4B4",0,1,1,0,1,1,0.004704,6,0.230535,0.241368,0
未英(1946),未英,,author,"#B4B4B4",0,1,1,0,1,1,0.015764,6,0.253589,0.267642,0
未达(1946),未达,,author,"#B4B4B4",0,1,1,0,1,1,0.059486,4,0.28312,0.308412,0
朱世贤(1946),朱世贤,,author,"#B4B4B4",0,1,1,0,1,1,0.017544,6,0.226013,0.250346,0
朱东润(1946),朱东润,,author,"#B4B4B4",0,1,1,0,1,1,0.014879,6,0.216503,0.239937,0
朱俊岐(1946),朱俊岐,,author,"#B4B4B4",0,1,1,0,1,1,0.014879,6,0.216503,0.239937,0
朱华(1946),朱华,,author,"#B4B4B4",0,1,1,0,1,1,0.01272,6,0.222876,0.242657,0
朱燮(1946),朱燮,,author,"#B4B4B4",0,1,1,0,1,1,0.059486,4,0.28312,0.308412,0
朱芸(1946),朱芸,,author,"#B4B4B4",0,1,1,0,1,1,0.01272,6,0.222876,0.242657,0
朱鸿儒(1946),朱鸿儒,,author,"#B4B4B4",0,1,1,0,1,1,0.012392,6,0.23441,0.252327,0
李伯球(1946),李伯球,,author,"#B4B4B4",0,1,1,0,1,1,0.00846,6,0.209403,0.226557,0
李何林(1946),李何林,,author,"#B4B4B4",0,1,1,0,1,1,0.041137,6,0.253953,0.282453,0
李侠文(1946),李侠文,,author,"#B4B4B4",0,1,1,0,1,1,0.014879,6,0.216503,0.239937,0
李公侠(1946),李公侠,,author,"#B4B4B4",0,1,1,0,1,1,0.041137,6,0.253953,0.282453,0
李公朴(1946),李公朴,,author,"#B4B4B4",0,2,2,0,2,2,0.071608,4,0.292818,0.323428,2312.460611
李公樸(1946),李公樸,,author,"#B4B4B4",0,2,2,0,2,2,0.025024,6,0.260827,0.281714,2539.905623
李凌飞(1946),李凌飞,,author,"#B4B4B4",0,1,1,0,1,1,0.004704,6,0.230535,0.241368,0
李列(1946),李列,,author,"#B4B4B4",0,1,1,0,1,1,0.041137,6,0.253953,0.282453,0
李善丰(1946),李善丰,,author,"#B4B4B4",0,1,1,0,1,1,0.004704,6,0.230535,0.241368,0
李奈(1946),李奈,,author,"#B4B4B4",0,1,1,0,1,1,0.059486,4,0.28312,0.308412,0
李如家(1946),李如家,,author,"#B4B4B4",0,1,1,0,1,1,0.059486,4,0.28312,0.308412,0
李式之(1946),李式之,,author,"#B4B4B4",0,1,1,0,1,1,0.01272,6,0.222876,0.242657,0
李志(1946),李志,,author,"#B4B4B4",0,1,1,0,1,1,0.009259,6,0.231947,0.247138,0
李惟丞(1946),李惟丞,,author,"#B4B4B4",0,1,1,0,1,1,0.012392,6,0.23441,0.252327,0
李敏(1946),李敏,,author,"#B4B4B4",0,1,1,0,1,1,0.041137,6,0.253953,0.282453,0
李杜(1946),李杜,,author,"#B4B4B4",0,1,1,0,1,1,0.059486,4,0.28312,0.308412,0
李济深(1946),李济深,,author,"#B4B4B4",0,1,1,0,1,1,0.01272,6,0.222876,0.242657,0
李源(1946),李源,,author,"#B4B4B4",0,1,1,0,1,1,0.012122,6,0.229338,0.246667,0
李漫(1946),李漫,,author,"#B4B4B4",0,1,1,0,1,1,0.015764,6,0.253589,0.267642,0
李澈庐(1946),李澈庐,,author,"#B4B4B4",0,1,1,0,1,1,0.014879,6,0.216503,0.239937,0
李章达(1946),李章达,,author,"#B4B4B4",0,1,1,0,1,1,0.00846,6,0.209403,0.226557,0
李苓(1946),李苓,,author,"#B4B4B4",0,1,1,0,1,1,0.041137,6,0.253953,0.282453,0
杜威(1946),杜威,,author,"#B4B4B4",0,1,1,0,1,1,0.012392,6,0.23441,0.252327,0
杜岩(1946),杜岩,,author,"#B4B4B4",0,1,1,0,1,1,0.041137,6,0.253953,0.282453,0
杜德(1946),杜德,,author,"#B4B4B4",0,1,1,0,1,1,0.01272,6,0.222876,0.242657,0
杜若(1946),杜若,,author,"#B4B4B4",0,1,1,0,1,1,0.01272,6,0.222876,0.242657,0
杨伯恺(1946),杨伯恺,,author,"#B4B4B4",0,1,1,0,1,1,0.00846,6,0.209403,0.226557,0
杨允元(1946),杨允元,,author,"#B4B4B4",0,1,1,0,1,1,0.059486,4,0.28312,0.308412,0
杨元(1946),杨元,,author,"#B4B4B4",0,1,1,0,1,1,0.01272,6,0.222876,0.242657,0
杨刚(1946),杨刚,,author,"#B4B4B4",0,1,1,0,1,1,0.014879,6,0.216503,0.239937,0
杨卫玉(1946),杨卫玉,,author,"#B4B4B4",0,1,1,0,1,1,0.041137,6,0.253953,0.282453,0
杨声远(1946),杨声远,,author,"#B4B4B4",0,1,1,0,1,1,0.004704,6,0.230535,0.241368,0
杨大成(1946),杨大成,,author,"#B4B4B4",0,1,1,0,1,1,0.009366,6,0.189557,0.20794,0
杨春福(1946),杨春福,,author,"#B4B4B4",0,1,1,0,1,1,0.059486,4,0.28312,0.308412,0
杨清河(1946),杨清河,,author,"#B4B4B4",0,1,1,0,1,1,0.041137,6,0.253953,0.282453,0
杨源(1946),杨源,,author,"#B4B4B4",0,1,1,0,1,1,0.01272,6,0.222876,0.242657,0
杨甯(1946),杨甯,,author,"#B4B4B4",0,1,1,0,1,1,0.015764,6,0.253589,0.267642,0
杨荣国(1946),杨荣国,,author,"#B4B4B4",0,1,1,0,1,1,0.017544,6,0.226013,0.250346,0
杨西孟(1946),杨西孟,,author,"#B4B4B4",0,1,1,0,1,1,0.014879,6,0.216503,0.239937,0
杨贵(1946),杨贵,,author,"#B4B4B4",0,1,1,0,1,1,0.059486,4,0.28312,0.308412,0
杨选堂(1946),杨选堂,,author,"#B4B4B4",0,1,1,0,1,1,0.041137,6,0.253953,0.282453,0
杭人(1946),杭人,,author,"#B4B4B4",0,1,1,0,1,1,0.014879,6,0.216503,0.239937,0
松平(1946),松平,,author,"#B4B4B4",0,1,1,0,1,1,0.059486,4,0.28312,0.308412,0
林乃(1946),林乃,,author,"#B4B4B4",0,1,1,0,1,1,0.009259,6,0.231947,0.247138,0
林亨元(1946),林亨元,,author,"#B4B4B4",0,1,1,0,1,1,0.015764,6,0.253589,0.267642,0
林敏(1946),林敏,,author,"#B4B4B4",0,1,1,0,1,1,0.009259,6,0.231947,0.247138,0
林白(1946),林白,,author,"#B4B4B4",0,1,1,0,1,1,0.059486,4,0.28312,0.308412,0
林红(1946),林红,,author,"#B4B4B4",0,1,1,0,1,1,0.041137,6,0.253953,0.282453,0
林荫青(1946),林荫青,,author,"#B4B4B4",0,1,1,0,1,1,0.01272,6,0.222876,0.242657,0
林赛(1946),林赛,,author,"#B4B4B4",0,1,1,0,1,1,0.012392,6,0.23441,0.252327,0
林辰(1946),林辰,,author,"#B4B4B4",0,1,1,0,1,1,0.009259,6,0.231947,0.247138,0
林达(1946),林达,,author,"#B4B4B4",0,1,1,0,1,1,0.015764,6,0.253589,0.267642,0
林雷(1946),林雷,,author,"#B4B4B4",0,1,1,0,1,1,0.012392,6,0.23441,0.252327,0
柏寒(1946),柏寒,,author,"#B4B4B4",0,1,1,0,1,1,0.017544,6,0.226013,0.250346,0
柏罗特(1946),柏罗特,,author,"#B4B4B4",0,1,1,0,1,1,0.012122,6,0.229338,0.246667,0
柳亚子(1946),柳亚子,,author,"#B4B4B4",0,1,1,0,1,1,0.059486,4,0.28312,0.308412,0
柳映光(1946),柳映光,,author,"#B4B4B4",0,1,1,0,1,1,0.015764,6,0.253589,0.267642,0
柳湜(1946),柳湜,,author,"#B4B4B4",0,1,1,0,1,1,0.041137,6,0.253953,0.282453,0
桂涛声(1946),桂涛声,,author,"#B4B4B4",0,1,1,0,1,1,0.041137,6,0.253953,0.282453,0
桓圭(1946),桓圭,,author,"#B4B4B4",0,1,1,0,1,1,0.01272,6,0.222876,0.242657,0
梁国冠(1946),梁国冠,,author,"#B4B4B4",0,1,1,0,1,1,0.014879,6,0.216503,0.239937,0
梁文元(1946),梁文元,,author,"#B4B4B4",0,1,1,0,1,1,0.009366,6,0.189557,0.20794,0
梁漱溟(1946),梁漱溟,,author,"#B4B4B4",0,1,1,0,1,1,0.012392,6,0.23441,0.252327,0
梁潄溟(1946),梁潄溟,,author,"#B4B4B4",0,2,2,0,2,2,0.067946,4,0.29057,0.320126,3617.369979
梁瓯第(1946),梁瓯第,,author,"#B4B4B4",0,1,1,0,1,1,0.014879,6,0.216503,0.239937,0
梁纯失(1946),梁纯失,,author,"#B4B4B4",0,1,1,0,1,1,0.01272,6,0.222876,0.242657,0
梅朵(1946),梅朵,,author,"#B4B4B4",0,1,1,0,1,1,0.059486,4,0.28312,0.308412,0
楚图南(1946),楚图南,,author,"#B4B4B4",0,1,1,0,1,1,0.015764,6,0.253589,0.267642,0
欧阳云珠(1946),欧阳云珠,,author,"#B4B4B4",0,1,1,0,1,1,0.059486,4,0.28312,0.308412,0
正光(1946),正光,,author,"#B4B4B4",0,1,1,0,1,1,0.015764,6,0.253589,0.267642,0
正非(1946),正非,,author,"#B4B4B4",0,1,1,0,1,1,0.015764,6,0.253589,0.267642,0
武思光(1946),武思光,,author,"#B4B4B4",0,1,1,0,1,1,0.01272,6,0.222876,0.242657,0
武文琴(1946),武文琴,,author,"#B4B4B4",0,1,1,0,1,1,0.009366,6,0.189557,0.20794,0
毕来(1946),毕来,,author,"#B4B4B4",0,1,1,0,1,1,0.017544,6,0.226013,0.250346,0
毛谦尹(1946),毛谦尹,,author,"#B4B4B4",0,1,1,0,1,1,0.059486,4,0.28312,0.308412,0
民盾(1946),民盾,,author,"#B4B4B4",0,1,1,0,1,1,0.041137,6,0.253953,0.282453,0
水石(1946),水石,,author,"#B4B4B4",0,1,1,0,1,1,0.012392,6,0.23441,0.252327,0
永平(1946),永平,,author,"#B4B4B4",0,1,1,0,1,1,0.01272,6,0.222876,0.242657,0
池莲(1946),池莲,,author,"#B4B4B4",0,1,1,0,1,1,0.059486,4,0.28312,0.308412,0
汪明海(1946),汪明海,,author,"#B4B4B4",0,1,1,0,1,1,0.00846,6,0.209403,0.226557,0
汪留照(1946),汪留照,,author,"#B4B4B4",0,1,1,0,1,1,0.014879,6,0.216503,0.239937,0
沈义(1946),沈义,,author,"#B4B4B4",0,1,1,0,1,1,0.012392,6,0.23441,0.252327,0
沈体兰(1946),沈体兰,,author,"#B4B4B4",0,1,1,0,1,1,0.041137,6,0.253953,0.282453,0
沈兹九(1946),沈兹九,,author,"#B4B4B4",0,1,1,0,1,1,0.059486,4,0.28312,0.308412,0
沈国璋(1946),沈国璋,,author,"#B4B4B4",0,1,1,0,1,1,0.059486,4,0.28312,0.308412,0
沈浮(1946),沈浮,,author,"#B4B4B4",0,1,1,0,1,1,0.012122,6,0.229338,0.246667,0
沈茂坊(1946),沈茂坊,,author,"#B4B4B4",0,1,1,0,1,1,0.012122,6,0.229338,0.246667,0
沙国(1946),沙国,,author,"#B4B4B4",0,1,1,0,1,1,0.015764,6,0.253589,0.267642,0
沙学浚(1946),沙学浚,,author,"#B4B4B4",0,1,1,0,1,1,0.014879,6,0.216503,0.239937,0
泗蒂(1946),泗蒂,,author,"#B4B4B4",0,1,1,0,1,1,0.012122,6,0.229338,0.246667,0
波痕(1946),波痕,,author,"#B4B4B4",0,1,1,0,1,1,0.017544,6,0.226013,0.250346,0
洗星海(1946),洗星海,,author,"#B4B4B4",0,1,1,0,1,1,0.009259,6,0.231947,0.247138,0
洛思(1946),洛思,,author,"#B4B4B4",0,1,1,0,1,1,0.004704,6,0.230535,0.241368,0
洛扬(1946),洛扬,,author,"#B4B4B4",0,1,1,0,1,1,0.015764,6,0.253589,0.267642,0
洛波(1946),洛波,,author,"#B4B4B4",0,1,1,0,1,1,0.017544,6,0.226013,0.250346,0
洪遒(1946),洪遒,,author,"#B4B4B4",0,1,1,0,1,1,0.00846,6,0.209403,0.226557,0
洪钟(1946),洪钟,,author,"#B4B4B4",0,1,1,0,1,1,0.059486,4,0.28312,0.308412,0
活火(1946),活火,,author,"#B4B4B4",0,1,1,0,1,1,0.015764,6,0.253589,0.267642,0
浚明(1946),浚明,,author,"#B4B4B4",0,1,1,0,1,1,0.012392,6,0.23441,0.252327,0
湘子(1946),湘子,,author,"#B4B4B4",0,1,1,0,1,1,0.041137,6,0.253953,0.282453,0
湘汀(1946),湘汀,,author,"#B4B4B4",0,1,1,0,1,1,0.012122,6,0.229338,0.246667,0
漓流(1946),漓流,,author,"#B4B4B4",0,1,1,0,1,1,0.017544,6,0.226013,0.250346,0
漫步(1946),漫步,,author,"#B4B4B4",0,1,1,0,1,1,0.012122,6,0.229338,0.246667,0
潘大远(1946),潘大远,,author,"#B4B4B4",0,1,1,0,1,1,0.015764,6,0.253589,0.267642,0
潜伏(1946),潜伏,,author,"#B4B4B4",0,1,1,0,1,1,0.017544,6,0.226013,0.250346,0
潮声(1946),潮声,,author,"#B4B4B4",0,1,1,0,1,1,0.004704,6,0.230535,0.241368,0
澄之(1946),澄之,,author,"#B4B4B4",0,1,1,0,1,1,0.059486,4,0.28312,0.308412,0
澄波(1946),澄波,,author,"#B4B4B4",0,1,1,0,1,1,0.009366,6,0.189557,0.20794,0
澹庐(1946),澹庐,,author,"#B4B4B4",0,1,1,0,1,1,0.004704,6,0.230535,0.241368,0
炤寰(1946),炤寰,,author,"#B4B4B4",0,1,1,0,1,1,0.059486,4,0.28312,0.308412,0
烛西(1946),烛西,,author,"#B4B4B4",0,1,1,0,1,1,0.014879,6,0.216503,0.239937,0
爱伦堡(1946),爱伦堡,,author,"#B4B4B4",0,1,1,0,1,1,0.041137,6,0.253953,0.282453,0
爱文斯(1946),爱文斯,,author,"#B4B4B4",0,1,1,0,1,1,0.012392,6,0.23441,0.252327,0
牧梓(1946),牧梓,,author,"#B4B4B4",0,1,1,0,1,1,0.017544,6,0.226013,0.250346,0
狄斯(1946),狄斯,,author,"#B4B4B4",0,1,1,0,1,1,0.01272,6,0.222876,0.242657,0
王亚平(1946),王亚平,,author,"#B4B4B4",0,1,1,0,1,1,0.059486,4,0.28312,0.308412,0
王以中(1946),王以中,,author,"#B4B4B4",0,1,1,0,1,1,0.041137,6,0.253953,0.282453,0
王任叔(1946),王任叔,,author,"#B4B4B4",0,1,1,0,1,1,0.059486,4,0.28312,0.308412,0
王伯祥(1946),王伯祥,,author,"#B4B4B4",0,1,1,0,1,1,0.059486,4,0.28312,0.308412,0
王健(1946),王健,,author,"#B4B4B4",0,1,1,0,1,1,0.00846,6,0.209403,0.226557,0
王兴(1946),王兴,,author,"#B4B4B4",0,1,1,0,1,1,0.012122,6,0.229338,0.246667,0
王原(1946),王原,,author,"#B4B4B4",0,1,1,0,1,1,0.012392,6,0.23441,0.252327,0
王坪(1946),王坪,,author,"#B4B4B4",0,1,1,0,1,1,0.059486,4,0.28312,0.308412,0
王少燕(1946),王少燕,,author,"#B4B4B4",0,1,1,0,1,1,0.009259,6,0.231947,0.247138,0
王崐生(1946),王崐生,,author,"#B4B4B4",0,1,1,0,1,1,0.009366,6,0.189557,0.20794,0
王念默(1946),王念默,,author,"#B4B4B4",0,1,1,0,1,1,0.009259,6,0.231947,0.247138,0
王慕酝(1946),王慕酝,,author,"#B4B4B4",0,1,1,0,1,1,0.009366,6,0.189557,0.20794,0
王榆(1946),王榆,,author,"#B4B4B4",0,1,1,0,1,1,0.017544,6,0.226013,0.250346,0
王次通(1946),王次通,,author,"#B4B4B4",0,1,1,0,1,1,0.014879,6,0.216503,0.239937,0
王琪(1946),王琪,,author,"#B4B4B4",0,1,1,0,1,1,0.012392,6,0.23441,0.252327,0
王璞(1946),王璞,,author,"#B4B4B4",0,1,1,0,1,1,0.059486,4,0.28312,0.308412,0
王祥(1946),王祥,,author,"#B4B4B4",0,1,1,0,1,1,0.017544,6,0.226013,0.250346,0
王立果(1946),王立果,,author,"#B4B4B4",0,2,2,0,2,2,0.027886,6,0.260442,0.281006,501.358897
王芸生(1946),王芸生,,author,"#B4B4B4",0,1,1,0,1,1,0.014879,6,0.216503,0.239937,0
王觉源(1946),王觉源,,author,"#B4B4B4",0,1,1,0,1,1,0.009366,6,0.189557,0.20794,0
王还(1946),王还,,author,"#B4B4B4",0,1,1,0,1,1,0.015764,6,0.253589,0.267642,0
王青(1946),王青,,author,"#B4B4B4",0,1,1,0,1,1,0.015764,6,0.253589,0.267642,0
玻痕(1946),玻痕,,author,"#B4B4B4",0,1,1,0,1,1,0.017544,6,0.226013,0.250346,0
甘祠森(1946),甘祠森,,author,"#B4B4B4",0,1,1,0,1,1,0.012392,6,0.23441,0.252327,0
田永(1946),田永,,author,"#B4B4B4",0,1,1,0,1,1,0.059486,4,0.28312,0.308412,0
田直(1946),田直,,author,"#B4B4B4",0,1,1,0,1,1,0.00846,6,0.209403,0.226557,0
田苗(1946),田苗,,author,"#B4B4B4",0,1,1,0,1,1,0.059486,4,0.28312,0.308412,0
田莊(1946),田莊,,author,"#B4B4B4",0,1,1,0,1,1,0.014879,6,0.216503,0.239937,0
申由(1946),申由,,author,"#B4B4B4",0,1,1,0,1,1,0.00846,6,0.209403,0.226557,0
申芷(1946),申芷,,author,"#B4B4B4",0,1,1,0,1,1,0.014879,6,0.216503,0.239937,0
白惠生(1946),白惠生,,author,"#B4B4B4",0,1,1,0,1,1,0.017544,6,0.226013,0.250346,0
白玉纹(1946),白玉纹,,author,"#B4B4B4",0,1,1,0,1,1,0.059486,4,0.28312,0.308412,0
白苇(1946),白苇,,author,"#B4B4B4",0,1,1,0,1,1,0.017544,6,0.226013,0.250346,0
白苹(1946),白苹,,author,"#B4B4B4",0,1,1,0,1,1,0.017544,6,0.226013,0.250346,0
白薇(1946),白薇,,author,"#B4B4B4",0,1,1,0,1,1,0.009259,6,0.231947,0.247138,0
益智(1946),益智,,author,"#B4B4B4",0,1,1,0,1,1,0.00846,6,0.209403,0.226557,0
直言(1946),直言,,author,"#B4B4B4",0,1,1,0,1,1,0.017544,6,0.226013,0.250346,0
真民(1946),真民,,author,"#B4B4B4",0,1,1,0,1,1,0.012122,6,0.229338,0.246667,0
石夫(1946),石夫,,author,"#B4B4B4",0,1,1,0,1,1,0.017544,6,0.226013,0.250346,0
秉刚(1946),秉刚,,author,"#B4B4B4",0,1,1,0,1,1,0.012122,6,0.229338,0.246667,0
秦今(1946),秦今,,author,"#B4B4B4",0,1,1,0,1,1,0.009259,6,0.231947,0.247138,0
秦伶(1946),秦伶,,author,"#B4B4B4",0,1,1,0,1,1,0.017544,6,0.226013,0.250346,0
秦晓芳(1946),秦晓芳,,author,"#B4B4B4",0,1,1,0,1,1,0.059486,4,0.28312,0.308412,0
秦芳晓(1946),秦芳晓,,author,"#B4B4B4",0,1,1,0,1,1,0.059486,4,0.28312,0.308412,0
程婴(1946),程婴,,author,"#B4B4B4",0,1,1,0,1,1,0.059486,4,0.28312,0.308412,0
程造之(1946),程造之,,author,"#B4B4B4",0,1,1,0,1,1,0.009366,6,0.189557,0.20794,0
空了(1946),空了,,author,"#B4B4B4",0,1,1,0,1,1,0.00846,6,0.209403,0.226557,0
章士谷(1946),章士谷,,author,"#B4B4B4",0,1,1,0,1,1,0.015764,6,0.253589,0.267642,0
章廷(1946),章廷,,author,"#B4B4B4",0,1,1,0,1,1,0.017544,6,0.226013,0.250346,0
章英(1946),章英,,author,"#B4B4B4",0,1,1,0,1,1,0.014879,6,0.216503,0.239937,0
竹江(1946),竹江,,author,"#B4B4B4",0,1,1,0,1,1,0.009259,6,0.231947,0.247138,0
笑白(1946),笑白,,author,"#B4B4B4",0,1,1,0,1,1,0.012122,6,0.229338,0.246667,0
符唐祖(1946),符唐祖,,author,"#B4B4B4",0,1,1,0,1,1,0.009366,6,0.189557,0.20794,0
笪移今(1946),笪移今,,author,"#B4B4B4",0,2,2,0,2,2,0.024139,6,0.256534,0.279937,7225.8673
筱宾(1946),筱宾,,author,"#B4B4B4",0,1,1,0,1,1,0.059486,4,0.28312,0.308412,0
简贯三(1946),简贯三,,author,"#B4B4B4",0,1,1,0,1,1,0.014879,6,0.216503,0.239937,0
素风(1946),素风,,author,"#B4B4B4",0,1,1,0,1,1,0.041137,6,0.253953,0.282453,0
约翰·赫而塞(1946),约翰·赫而塞,,author,"#B4B4B4",0,1,1,0,1,1,0.041137,6,0.253953,0.282453,0
约翰、赫而塞(1946),约翰、赫而塞,,author,"#B4B4B4",0,1,1,0,1,1,0.041137,6,0.253953,0.282453,0
纪玄冰(1946),纪玄冰,,author,"#B4B4B4",0,1,1,0,1,1,0.01272,6,0.222876,0.242657,0
纯青(1946),纯青,,author,"#B4B4B4",0,1,1,0,1,1,0.014879,6,0.216503,0.239937,0
纲宙(1946),纲宙,,author,"#B4B4B4",0,1,1,0,1,1,0.012392,6,0.23441,0.252327,0
纳非(1946),纳非,,author,"#B4B4B4",0,1,1,0,1,1,0.01272,6,0.222876,0.242657,0
练钢(1946),练钢,,author,"#B4B4B4",0,1,1,0,1,1,0.009366,6,0.189557,0.20794,0
绍芬(1946),绍芬,,author,"#B4B4B4",0,1,1,0,1,1,0.041137,6,0.253953,0.282453,0
绍荃(1946),绍荃,,author,"#B4B4B4",0,1,1,0,1,1,0.041137,6,0.253953,0.282453,0
罗丹(1946),罗丹,,author,"#B4B4B4",0,1,1,0,1,1,0.041137,6,0.253953,0.282453,0
罗勃次(1946),罗勃次,,author,"#B4B4B4",0,1,1,0,1,1,0.012392,6,0.23441,0.252327,0
罗又玄(1946),罗又玄,,author,"#B4B4B4",0,1,1,0,1,1,0.01272,6,0.222876,0.242657,0
罗尔鲍伏(1946),罗尔鲍伏,,author,"#B4B4B4",0,1,1,0,1,1,0.015764,6,0.253589,0.267642,0
罗忠恕(1946),罗忠恕,,author,"#B4B4B4",0,1,1,0,1,1,0.014879,6,0.216503,0.239937,0
罗涵先(1946),罗涵先,,author,"#B4B4B4",0,1,1,0,1,1,0.009259,6,0.231947,0.247138,0
罗荪(1946),罗荪,,author,"#B4B4B4",0,1,1,0,1,1,0.059486,4,0.28312,0.308412,0
罗迪(1946),罗迪,,author,"#B4B4B4",0,1,1,0,1,1,0.059486,4,0.28312,0.308412,0
罗隆基(1946),罗隆基,,author,"#B4B4B4",0,2,2,0,2,2,0.024224,6,0.259804,0.279827,2027.667575
羣锋(1946),羣锋,,author,"#B4B4B4",0,1,1,0,1,1,0.041137,6,0.253953,0.282453,0
翟元(1946),翟元,,author,"#B4B4B4",0,1,1,0,1,1,0.017544,6,0.226013,0.250346,0
翦伯赞(1946),翦伯赞,,author,"#B4B4B4",0,1,1,0,1,1,0.01272,6,0.222876,0.242657,0
翰斯(1946),翰斯,,author,"#B4B4B4",0,1,1,0,1,1,0.015764,6,0.253589,0.267642,0
翼青(1946),翼青,,author,"#B4B4B4",0,2,2,0,2,2,0.027886,6,0.260442,0.281006,501.358897
老辛(1946),老辛,,author,"#B4B4B4",0,1,1,0,1,1,0.059486,4,0.28312,0.308412,0
耿济之(1946),耿济之,,author,"#B4B4B4",0,1,1,0,1,1,0.059486,4,0.28312,0.308412,0
耿章(1946),耿章,,author,"#B4B4B4",0,1,1,0,1,1,0.012122,6,0.229338,0.246667,0
聂乃凡(1946),聂乃凡,,author,"#B4B4B4",0,1,1,0,1,1,0.015764,6,0.253589,0.267642,0
聂龙(1946),聂龙,,author,"#B4B4B4",0,1,1,0,1,1,0.017544,6,0.226013,0.250346,0
肖白(1946),肖白,,author,"#B4B4B4",0,1,1,0,1,1,0.059486,4,0.28312,0.308412,0
胡一奇(1946),胡一奇,,author,"#B4B4B4",0,1,1,0,1,1,0.015764,6,0.253589,0.267642,0
胡乾(1946),胡乾,,author,"#B4B4B4",0,1,1,0,1,1,0.012392,6,0.23441,0.252327,0
胡光(1946),胡光,,author,"#B4B4B4",0,1,1,0,1,1,0.059486,4,0.28312,0.308412,0
胡克(1946),胡克,,author,"#B4B4B4",0,1,1,0,1,1,0.012122,6,0.229338,0.246667,0
胡庆钧(1946),胡庆钧,,author,"#B4B4B4",0,1,1,0,1,1,0.015764,6,0.253589,0.267642,0
臧克家(1946),臧克家,,author,"#B4B4B4",0,1,1,0,1,1,0.041137,6,0.253953,0.282453,0
舒宜(1946),舒宜,,author,"#B4B4B4",0,1,1,0,1,1,0.017544,6,0.226013,0.250346,0
艾思奇(1946),艾思奇,,author,"#B4B4B4",0,1,1,0,1,1,0.059486,4,0.28312,0.308412,0
艾森(1946),艾森,,author,"#B4B4B4",0,1,1,0,1,1,0.017544,6,0.226013,0.250346,0
艾秋飙(1946),艾秋飙,,author,"#B4B4B4",0,1,1,0,1,1,0.00846,6,0.209403,0.226557,0
艾草(1946),艾草,,author,"#B4B4B4",0,1,1,0,1,1,0.041137,6,0.253953,0.282453,0
芝峰(1946),芝峰,,author,"#B4B4B4",0,1,1,0,1,1,0.059486,4,0.28312,0.308412,0
苏玲(1946),苏玲,,author,"#B4B4B4",0,1,1,0,1,1,0.059486,4,0.28312,0.308412,0
茂荪(1946),茂荪,,author,"#B4B4B4",0,1,1,0,1,1,0.012392,6,0.23441,0.252327,0
范华农(1946),范华农,,author,"#B4B4B4",0,1,1,0,1,1,0.009259,6,0.231947,0.247138,0
范樸齐(1946),范樸齐,,author,"#B4B4B4",0,1,1,0,1,1,0.015764,6,0.253589,0.267642,0
菲立浦·约但(1946),菲立浦·约但,,author,"#B4B4B4",0,1,1,0,1,1,0.012122,6,0.229338,0.246667,0
萧乾(1946),萧乾,,author,"#B4B4B4",0,1,1,0,1,1,0.014879,6,0.216503,0.239937,0
萧南(1946),萧南,,author,"#B4B4B4",0,1,1,0,1,1,0.00846,6,0.209403,0.226557,0
萧思明(1946),萧思明,,author,"#B4B4B4",0,1,1,0,1,1,0.059486,4,0.28312,0.308412,0
萨空了(1946),萨空了,,author,"#B4B4B4",0,1,1,0,1,1,0.00846,6,0.209403,0.226557,0
葛一虹(1946),葛一虹,,author,"#B4B4B4",0,1,1,0,1,1,0.059486,4,0.28312,0.308412,0
董伯干(1946),董伯干,,author,"#B4B4B4",0,1,1,0,1,1,0.059486,4,0.28312,0.308412,0
董致白(1946),董致白,,author,"#B4B4B4",0,1,1,0,1,1,0.041137,6,0.253953,0.282453,0
葭水(1946),葭水,,author,"#B4B4B4",0,1,1,0,1,1,0.059486,4,0.28312,0.308412,0
蒋万里(1946),蒋万里,,author,"#B4B4B4",0,1,1,0,1,1,0.00846,6,0.209403,0.226557,0
蒋克仁(1946),蒋克仁,,author,"#B4B4B4",0,1,1,0,1,1,0.004704,6,0.230535,0.241368,0
蒋烈(1946),蒋烈,,author,"#B4B4B4",0,1,1,0,1,1,0.015764,6,0.253589,0.267642,0
蒲青(1946),蒲青,,author,"#B4B4B4",0,1,1,0,1,1,0.009259,6,0.231947,0.247138,0
蔓夫(1946),蔓夫,,author,"#B4B4B4",0,1,1,0,1,1,0.017544,6,0.226013,0.250346,0
蔡仪(1946),蔡仪,,author,"#B4B4B4",0,1,1,0,1,1,0.01272,6,0.222876,0.242657,0
蔡兆雪(1946),蔡兆雪,,author,"#B4B4B4",0,1,1,0,1,1,0.014879,6,0.216503,0.239937,0
蔡磊(1946),蔡磊,,author,"#B4B4B4",0,1,1,0,1,1,0.00846,6,0.209403,0.226557,0
蔡维藩(1946),蔡维藩,,author,"#B4B4B4",0,1,1,0,1,1,0.014879,6,0.216503,0.239937,0
蕙芬(1946),蕙芬,,author,"#B4B4B4",0,1,1,0,1,1,0.017544,6,0.226013,0.250346,0
蕙芳(1946),蕙芳,,author,"#B4B4B4",0,1,1,0,1,1,0.017544,6,0.226013,0.250346,0
薛建才(1946),薛建才,,author,"#B4B4B4",0,1,1,0,1,1,0.017544,6,0.226013,0.250346,0
薛汕(1946),薛汕,,author,"#B4B4B4",0,2,2,0,2,2,0.021979,6,0.249882,0.272626,2694.190579
虞岫(1946),虞岫,,author,"#B4B4B4",0,1,1,0,1,1,0.00846,6,0.209403,0.226557,0
袁尘影(1946),袁尘影,,author,"#B4B4B4",0,1,1,0,1,1,0.004704,6,0.230535,0.241368,0
袁水拍(1946),袁水拍,,author,"#B4B4B4",0,1,1,0,1,1,0.059486,4,0.28312,0.308412,0
袁水柏(1946),袁水柏,,author,"#B4B4B4",0,1,1,0,1,1,0.059486,4,0.28312,0.308412,0
袁西华(1946),袁西华,,author,"#B4B4B4",0,1,1,0,1,1,0.009259,6,0.231947,0.247138,0
觉夫(1946),觉夫,,author,"#B4B4B4",0,1,1,0,1,1,0.01272,6,0.222876,0.242657,0
记者(1946),记者,,author,"#B4B4B4",0,1,1,0,1,1,0.009366,6,0.189557,0.20794,0
许伦(1946),许伦,,author,"#B4B4B4",0,1,1,0,1,1,0.015764,6,0.253589,0.267642,0
许君远(1946),许君远,,author,"#B4B4B4",0,1,1,0,1,1,0.014879,6,0.216503,0.239937,0
许寿真(1946),许寿真,,author,"#B4B4B4",0,1,1,0,1,1,0.009259,6,0.231947,0.247138,0
诸葛子明(1946),诸葛子明,,author,"#B4B4B4",0,1,1,0,1,1,0.00846,6,0.209403,0.226557,0
诺佛(1946),诺佛,,author,"#B4B4B4",0,1,1,0,1,1,0.012392,6,0.23441,0.252327,0
谛西(1946),谛西,,author,"#B4B4B4",0,1,1,0,1,1,0.059486,4,0.28312,0.308412,0
谢东平(1946),谢东平,,author,"#B4B4B4",0,1,1,0,1,1,0.041137,6,0.253953,0.282453,0
谢默衣(1946),谢默衣,,author,"#B4B4B4",0,1,1,0,1,1,0.004704,6,0.230535,0.241368,0
谭英侣(1946),谭英侣,,author,"#B4B4B4",0,1,1,0,1,1,0.017544,6,0.226013,0.250346,0
谷虹(1946),谷虹,,author,"#B4B4B4",0,1,1,0,1,1,0.059486,4,0.28312,0.308412,0
谷遗(1946),谷遗,,author,"#B4B4B4",0,1,1,0,1,1,0.014879,6,0.216503,0.239937,0
贝奋(1946),贝奋,,author,"#B4B4B4",0,1,1,0,1,1,0.015764,6,0.253589,0.267642,0
费尔德(1946),费尔德,,author,"#B4B4B4",0,1,1,0,1,1,0.015764,6,0.253589,0.267642,0
费正(1946),费正,,author,"#B4B4B4",0,1,1,0,1,1,0.01272,6,0.222876,0.242657,0
贺依(1946),贺依,,author,"#B4B4B4",0,1,1,0,1,1,0.041137,6,0.253953,0.282453,0
赛珍珠(1946),赛珍珠,,author,"#B4B4B4",0,1,1,0,1,1,0.059486,4,0.28312,0.308412,0
赵克文（Jordan，P.）(1946),赵克文（Jordan，P.）,,author,"#B4B4B4",0,1,1,0,1,1,0.012122,6,0.229338,0.246667,0
赵希文(1946),赵希文,,author,"#B4B4B4",0,1,1,0,1,1,0.012392,6,0.23441,0.252327,0
赵怀春(1946),赵怀春,,author,"#B4B4B4",0,1,1,0,1,1,0.009259,6,0.231947,0.247138,0
赵飞廉(1946),赵飞廉,,author,"#B4B4B4",0,1,1,0,1,1,0.041137,6,0.253953,0.282453,0
辛弟(1946),辛弟,,author,"#B4B4B4",0,1,1,0,1,1,0.059486,4,0.28312,0.308412,0
辛斤(1946),辛斤,,author,"#B4B4B4",0,1,1,0,1,1,0.00846,6,0.209403,0.226557,0
辛朴生(1946),辛朴生,,author,"#B4B4B4",0,1,1,0,1,1,0.01272,6,0.222876,0.242657,0
迈之(1946),迈之,,author,"#B4B4B4",0,2,2,0,2,2,0.025024,6,0.260827,0.281714,2539.905623
远流(1946),远流,,author,"#B4B4B4",0,1,1,0,1,1,0.012392,6,0.23441,0.252327,0
迺新(1946),迺新,,author,"#B4B4B4",0,1,1,0,1,1,0.015764,6,0.253589,0.267642,0
通人(1946),通人,,author,"#B4B4B4",0,1,1,0,1,1,0.041137,6,0.253953,0.282453,0
逸文(1946),逸文,,author,"#B4B4B4",0,1,1,0,1,1,0.009259,6,0.231947,0.247138,0
邑君(1946),邑君,,author,"#B4B4B4",0,1,1,0,1,1,0.041137,6,0.253953,0.282453,0
邓演达(1946),邓演达,,author,"#B4B4B4",0,1,1,0,1,1,0.01272,6,0.222876,0.242657,0
邱去耳(1946),邱去耳,,author,"#B4B4B4",0,1,1,0,1,1,0.059486,4,0.28312,0.308412,0
邵云涛(1946),邵云涛,,author,"#B4B4B4",0,1,1,0,1,1,0.009366,6,0.189557,0.20794,0
邵秉铨(1946),邵秉铨,,author,"#B4B4B4",0,1,1,0,1,1,0.009366,6,0.189557,0.20794,0
邵翰齐(1946),邵翰齐,,author,"#B4B4B4",0,1,1,0,1,1,0.059486,4,0.28312,0.308412,0
邹文海(1946),邹文海,,author,"#B4B4B4",0,1,1,0,1,1,0.014879,6,0.216503,0.239937,0
邹邵谟(1946),邹邵谟,,author,"#B4B4B4",0,1,1,0,1,1,0.017544,6,0.226013,0.250346,0
郁达夫(1946),郁达夫,,author,"#B4B4B4",0,1,1,0,1,1,0.059486,4,0.28312,0.308412,0
郑丹(1946),郑丹,,author,"#B4B4B4",0,1,1,0,1,1,0.00846,6,0.209403,0.226557,0
郑敬源(1946),郑敬源,,author,"#B4B4B4",0,1,1,0,1,1,0.009366,6,0.189557,0.20794,0
郑源(1946),郑源,,author,"#B4B4B4",0,1,1,0,1,1,0.012392,6,0.23441,0.252327,0
郭启蒙(1946),郭启蒙,,author,"#B4B4B4",0,1,1,0,1,1,0.012122,6,0.229338,0.246667,0
郭方仑(1946),郭方仑,,author,"#B4B4B4",0,1,1,0,1,1,0.059486,4,0.28312,0.308412,0
郭有守(1946),郭有守,,author,"#B4B4B4",0,1,1,0,1,1,0.014879,6,0.216503,0.239937,0
郭根(1946),郭根,,author,"#B4B4B4",0,1,1,0,1,1,0.059486,4,0.28312,0.308412,0
郭绍虞(1946),郭绍虞,,author,"#B4B4B4",0,1,1,0,1,1,0.059486,4,0.28312,0.308412,0
醒牛(1946),醒牛,,author,"#B4B4B4",0,1,1,0,1,1,0.012122,6,0.229338,0.246667,0
采石(1946),采石,,author,"#B4B4B4",0,1,1,0,1,1,0.017544,6,0.226013,0.250346,0
里西花(1946),里西花,,author,"#B4B4B4",0,1,1,0,1,1,0.00846,6,0.209403,0.226557,0
野蓬(1946),野蓬,,author,"#B4B4B4",0,1,1,0,1,1,0.015764,6,0.253589,0.267642,0
金人(1946),金人,,author,"#B4B4B4",0,1,1,0,1,1,0.017544,6,0.226013,0.250346,0
金大钧(1946),金大钧,,author,"#B4B4B4",0,1,1,0,1,1,0.009366,6,0.189557,0.20794,0
金斧(1946),金斧,,author,"#B4B4B4",0,1,1,0,1,1,0.059486,4,0.28312,0.308412,0
钟仲梅(1946),钟仲梅,,author,"#B4B4B4",0,1,1,0,1,1,0.009366,6,0.189557,0.20794,0
钟平(1946),钟平,,author,"#B4B4B4",0,1,1,0,1,1,0.017544,6,0.226013,0.250346,0
钟行(1946),钟行,,author,"#B4B4B4",0,1,1,0,1,1,0.012122,6,0.229338,0.246667,0
钱尤(1946),钱尤,,author,"#B4B4B4",0,1,1,0,1,1,0.012122,6,0.229338,0.246667,0
钱能欣(1946),钱能欣,,author,"#B4B4B4",0,1,1,0,1,1,0.014879,6,0.216503,0.239937,0
钱苹(1946),钱苹,,author,"#B4B4B4",0,1,1,0,1,1,0.014879,6,0.216503,0.239937,0
钱锺书(1946),钱锺书,,author,"#B4B4B4",0,1,1,0,1,1,0.014879,6,0.216503,0.239937,0
铁汉(1946),铁汉,,author,"#B4B4B4",0,1,1,0,1,1,0.017544,6,0.226013,0.250346,0
锡民(1946),锡民,,author,"#B4B4B4",0,1,1,0,1,1,0.041137,6,0.253953,0.282453,0
锦明(1946),锦明,,author,"#B4B4B4",0,1,1,0,1,1,0.004704,6,0.230535,0.241368,0
锺人羣(1946),锺人羣,,author,"#B4B4B4",0,1,1,0,1,1,0.041137,6,0.253953,0.282453,0
闻家驷(1946),闻家驷,,author,"#B4B4B4",0,1,1,0,1,1,0.059486,4,0.28312,0.308412,0
闻展民(1946),闻展民,,author,"#B4B4B4",0,1,1,0,1,1,0.00846,6,0.209403,0.226557,0
阎宝航(1946),阎宝航,,author,"#B4B4B4",0,1,1,0,1,1,0.009259,6,0.231947,0.247138,0
阜东(1946),阜东,,author,"#B4B4B4",0,1,1,0,1,1,0.059486,4,0.28312,0.308412,0
阮春芳(1946),阮春芳,,author,"#B4B4B4",0,1,1,0,1,1,0.014879,6,0.216503,0.239937,0
阳云(1946),阳云,,author,"#B4B4B4",0,1,1,0,1,1,0.017544,6,0.226013,0.250346,0
阳干(1946),阳干,,author,"#B4B4B4",0,1,1,0,1,1,0.017544,6,0.226013,0.250346,0
阳阡(1946),阳阡,,author,"#B4B4B4",0,1,1,0,1,1,0.017544,6,0.226013,0.250346,0
阿尔卡吉耶夫(1946),阿尔卡吉耶夫,,author,"#B4B4B4",0,1,1,0,1,1,0.01272,6,0.222876,0.242657,0
阿文(1946),阿文,,author,"#B4B4B4",0,1,1,0,1,1,0.059486,4,0.28312,0.308412,0
阿沙普(1946),阿沙普,,author,"#B4B4B4",0,1,1,0,1,1,0.012392,6,0.23441,0.252327,0
阿索普(1946),阿索普,,author,"#B4B4B4",0,1,1,0,1,1,0.012392,6,0.23441,0.252327,0
阿萍(1946),阿萍,,author,"#B4B4B4",0,1,1,0,1,1,0.041137,6,0.253953,0.282453,0
陆怀(1946),陆怀,,author,"#B4B4B4",0,1,1,0,1,1,0.009366,6,0.189557,0.20794,0
陆重甲(1946),陆重甲,,author,"#B4B4B4",0,1,1,0,1,1,0.059486,4,0.28312,0.308412,0
陆野农(1946),陆野农,,author,"#B4B4B4",0,1,1,0,1,1,0.059486,4,0.28312,0.308412,0
陆钦墀(1946),陆钦墀,,author,"#B4B4B4",0,1,1,0,1,1,0.015764,6,0.253589,0.267642,0
陈之迈(1946),陈之迈,,author,"#B4B4B4",0,1,1,0,1,1,0.014879,6,0.216503,0.239937,0
陈冬野(1946),陈冬野,,author,"#B4B4B4",0,1,1,0,1,1,0.015764,6,0.253589,0.267642,0
陈北鸥(1946),陈北鸥,,author,"#B4B4B4",0,1,1,0,1,1,0.012122,6,0.229338,0.246667,0
陈守实(1946),陈守实,,author,"#B4B4B4",0,1,1,0,1,1,0.041137,6,0.253953,0.282453,0
陈家康(1946),陈家康,,author,"#B4B4B4",0,1,1,0,1,1,0.041137,6,0.253953,0.282453,0
陈尔夀(1946),陈尔夀,,author,"#B4B4B4",0,1,1,0,1,1,0.041137,6,0.253953,0.282453,0
陈尔强(1946),陈尔强,,author,"#B4B4B4",0,1,1,0,1,1,0.059486,4,0.28312,0.308412,0
陈希贤(1946),陈希贤,,author,"#B4B4B4",0,1,1,0,1,1,0.017544,6,0.226013,0.250346,0
陈思鹰(1946),陈思鹰,,author,"#B4B4B4",0,1,1,0,1,1,0.01272,6,0.222876,0.242657,0
陈意(1946),陈意,,author,"#B4B4B4",0,1,1,0,1,1,0.012122,6,0.229338,0.246667,0
陈曦(1946),陈曦,,author,"#B4B4B4",0,1,1,0,1,1,0.004704,6,0.230535,0.241368,0
陈柏心(1946),陈柏心,,author,"#B4B4B4",0,1,1,0,1,1,0.014879,6,0.216503,0.239937,0
陈梅卿等(1946),陈梅卿等,,author,"#B4B4B4",0,1,1,0,1,1,0.009366,6,0.189557,0.20794,0
陈正非(1946),陈正非,,author,"#B4B4B4",0,1,1,0,1,1,0.01272,6,0.222876,0.242657,0
陈白尘(1946),陈白尘,,author,"#B4B4B4",0,1,1,0,1,1,0.059486,4,0.28312,0.308412,0
陈立复(1946),陈立复,,author,"#B4B4B4",0,1,1,0,1,1,0.059486,4,0.28312,0.308412,0
陈立夫(1946),陈立夫,,author,"#B4B4B4",0,1,1,0,1,1,0.009366,6,0.189557,0.20794,0
陈章甫(1946),陈章甫,,author,"#B4B4B4",0,1,1,0,1,1,0.017544,6,0.226013,0.250346,0
陈竺同(1946),陈竺同,,author,"#B4B4B4",0,1,1,0,1,1,0.017544,6,0.226013,0.250346,0
陈虞孙(1946),陈虞孙,,author,"#B4B4B4",0,1,1,0,1,1,0.059486,4,0.28312,0.308412,0
陈震中(1946),陈震中,,author,"#B4B4B4",0,1,1,0,1,1,0.059486,4,0.28312,0.308412,0
陟崔(1946),陟崔,,author,"#B4B4B4",0,1,1,0,1,1,0.059486,4,0.28312,0.308412,0
陶大镛(1946),陶大镛,,author,"#B4B4B4",0,1,1,0,1,1,0.004704,6,0.230535,0.241368,0
陶孟和(1946),陶孟和,,author,"#B4B4B4",0,1,1,0,1,1,0.014879,6,0.216503,0.239937,0
隐扬(1946),隐扬,,author,"#B4B4B4",0,1,1,0,1,1,0.041137,6,0.253953,0.282453,0
雇均正(1946),雇均正,,author,"#B4B4B4",0,1,1,0,1,1,0.041137,6,0.253953,0.282453,0
雪明(1946),雪明,,author,"#B4B4B4",0,1,1,0,1,1,0.017544,6,0.226013,0.250346,0
雷剑锋(1946),雷剑锋,,author,"#B4B4B4",0,1,1,0,1,1,0.01272,6,0.222876,0.242657,0
雷天鸣(1946),雷天鸣,,author,"#B4B4B4",0,1,1,0,1,1,0.017544,6,0.226013,0.250346,0
雷洁琼(1946),雷洁琼,,author,"#B4B4B4",0,1,1,0,1,1,0.059486,4,0.28312,0.308412,0
雷海宗(1946),雷海宗,,author,"#B4B4B4",0,1,1,0,1,1,0.014879,6,0.216503,0.239937,0
霞玲(1946),霞玲,,author,"#B4B4B4",0,1,1,0,1,1,0.012122,6,0.229338,0.246667,0
靑云(1946),靑云,,author,"#B4B4B4",0,1,1,0,1,1,0.014879,6,0.216503,0.239937,0
青之(1946),青之,,author,"#B4B4B4",0,1,1,0,1,1,0.059486,4,0.28312,0.308412,0
青山(1946),青山,,author,"#B4B4B4",0,1,1,0,1,1,0.059486,4,0.28312,0.308412,0
青水(1946),青水,,author,"#B4B4B4",0,1,1,0,1,1,0.014879,6,0.216503,0.239937,0
青萍(1946),青萍,,author,"#B4B4B4",0,1,1,0,1,1,0.017544,6,0.226013,0.250346,0
静之(1946),静之,,author,"#B4B4B4",0,1,1,0,1,1,0.015764,6,0.253589,0.267642,0
静宜(1946),静宜,,author,"#B4B4B4",0,1,1,0,1,1,0.059486,4,0.28312,0.308412,0
靳为霖(1946),靳为霖,,author,"#B4B4B4",0,1,1,0,1,1,0.017544,6,0.226013,0.250346,0
靳以(1946),靳以,,author,"#B4B4B4",0,1,1,0,1,1,0.059486,4,0.28312,0.308412,0
韦行余(1946),韦行余,,author,"#B4B4B4",0,1,1,0,1,1,0.059486,4,0.28312,0.308412,0
韩德培(1946),韩德培,,author,"#B4B4B4",0,1,1,0,1,1,0.014879,6,0.216503,0.239937,0
韩泽芳(1946),韩泽芳,,author,"#B4B4B4",0,1,1,0,1,1,0.041137,6,0.253953,0.282453,0
韩静(1946),韩静,,author,"#B4B4B4",0,1,1,0,1,1,0.012122,6,0.229338,0.246667,0
韬盦(1946),韬盦,,author,"#B4B4B4",0,1,1,0,1,1,0.059486,4,0.28312,0.308412,0
项念青(1946),项念青,,author,"#B4B4B4",0,1,1,0,1,1,0.041137,6,0.253953,0.282453,0
项藜(1946),项藜,,author,"#B4B4B4",0,1,1,0,1,1,0.009259,6,0.231947,0.247138,0
顾保之(1946),顾保之,,author,"#B4B4B4",0,1,1,0,1,1,0.009366,6,0.189557,0.20794,0
顾均正(1946),顾均正,,author,"#B4B4B4",0,1,1,0,1,1,0.059486,4,0.28312,0.308412,0
顾家樑(1946),顾家樑,,author,"#B4B4B4",0,1,1,0,1,1,0.009366,6,0.189557,0.20794,0
香汀(1946),香汀,,author,"#B4B4B4",0,1,1,0,1,1,0.059486,4,0.28312,0.308412,0
马丁(1946),马丁,,author,"#B4B4B4",0,1,1,0,1,1,0.059486,4,0.28312,0.308412,0
马博庵(1946),马博庵,,author,"#B4B4B4",0,1,1,0,1,1,0.009366,6,0.189557,0.20794,0
马敍伦(1946),马敍伦,,author,"#B4B4B4",0,1,1,0,1,1,0.041137,6,0.253953,0.282453,0
马碧莲(1946),马碧莲,,author,"#B4B4B4",0,1,1,0,1,1,0.009366,6,0.189557,0.20794,0
骆闻(1946),骆闻,,author,"#B4B4B4",0,1,1,0,1,1,0.009259,6,0.231947,0.247138,0
高言弘(1946),高言弘,,author,"#B4B4B4",0,1,1,0,1,1,0.017544,6,0.226013,0.250346,0
魏伯(1946),魏伯,,author,"#B4B4B4",0,1,1,0,1,1,0.059486,4,0.28312,0.308412,0
魏易诚(1946),魏易诚,,author,"#B4B4B4",0,1,1,0,1,1,0.009259,6,0.231947,0.247138,0
魏福康(1946),魏福康,,author,"#B4B4B4",0,1,1,0,1,1,0.012392,6,0.23441,0.252327,0
鲁亮(1946),鲁亮,,author,"#B4B4B4",0,1,1,0,1,1,0.00846,6,0.209403,0.226557,0
鲁山(1946),鲁山,,author,"#B4B4B4",0,2,2,0,2,2,0.027886,6,0.260442,0.281006,501.358897
鲁逵(1946),鲁逵,,author,"#B4B4B4",0,1,1,0,1,1,0.059486,4,0.28312,0.308412,0
鲁风(1946),鲁风,,author,"#B4B4B4",0,1,1,0,1,1,0.015764,6,0.253589,0.267642,0
麦逸(1946),麦逸,,author,"#B4B4B4",0,1,1,0,1,1,0.041137,6,0.253953,0.282453,0
黄德馨(1946),黄德馨,,author,"#B4B4B4",0,1,1,0,1,1,0.017544,6,0.226013,0.250346,0
黄秋(1946),黄秋,,author,"#B4B4B4",0,1,1,0,1,1,0.012122,6,0.229338,0.246667,0
黄醒华(1946),黄醒华,,author,"#B4B4B4",0,1,1,0,1,1,0.041137,6,0.253953,0.282453,0
黄静(1946),黄静,,author,"#B4B4B4",0,1,1,0,1,1,0.059486,4,0.28312,0.308412,0
黎堡(1946),黎堡,,author,"#B4B4B4",0,1,1,0,1,1,0.015764,6,0.253589,0.267642,0
黎宾(1946),黎宾,,author,"#B4B4B4",0,1,1,0,1,1,0.017544,6,0.226013,0.250346,0
黎望(1946),黎望,,author,"#B4B4B4",0,1,1,0,1,1,0.01272,6,0.222876,0.242657,0
黎民子(1946),黎民子,,author,"#B4B4B4",0,1,1,0,1,1,0.015764,6,0.253589,0.267642,0
黎群(1946),黎群,,author,"#B4B4B4",0,1,1,0,1,1,0.015764,6,0.253589,0.267642,0
齐人(1946),齐人,,author,"#B4B4B4",0,1,1,0,1,1,0.041137,6,0.253953,0.282453,0
龙潜(1946),龙潜,,author,"#B4B4B4",0,1,1,0,1,1,0.012392,6,0.23441,0.252327,0
（德）马尔苦赛(1946),（德）马尔苦赛,,author,"#B4B4B4",0,1,1,0,1,1,0.014879,6,0.216503,0.239937,0
（意）Fenoaltea，S.(1946),（意）Fenoaltea，S.,,author,"#B4B4B4",0,1,1,0,1,1,0.01272,6,0.222876,0.242657,0
（美）李普曼(1946),（美）李普曼,,author,"#B4B4B4",0,1,1,0,1,1,0.041137,6,0.253953,0.282453,0
（美）杰克·伦敦(1946),（美）杰克·伦敦,,author,"#B4B4B4",0,1,1,0,1,1,0.041137,6,0.253953,0.282453,0
（美）贝尔纳斯(1946),（美）贝尔纳斯,,author,"#B4B4B4",0,1,1,0,1,1,0.012392,6,0.23441,0.252327,0
（苏）密哈洛夫(1946),（苏）密哈洛夫,,author,"#B4B4B4",0,1,1,0,1,1,0.01272,6,0.222876,0.242657,0
（英）索莱(1946),（英）索莱,,author,"#B4B4B4",0,1,1,0,1,1,0.00846,6,0.209403,0.226557,0
